Using pre-set license
Built from '2022.3/staging' branch; Version is '2022.3.59f1 (630718f645a5) revision 6489880'; Using compiler version '192829333'; Build Type 'Release'
OS: 'Windows 11  (10.0.26200) 64bit CoreSingleLanguage' Language: 'en' Physical Memory: 16075 MB
BatchMode: 1, IsHumanControllingUs: 0, StartBugReporterOnCrash: 0, Is64bit: 1, IsPro: 1

COMMAND LINE ARGUMENTS:
C:\Program Files\Unity\Hub\Editor\2022.3.59f1\Editor\Unity.exe
-adb2
-batchMode
-noUpm
-name
AssetImportWorker0
-projectPath
C:/Users/User/Documents/GitHub/Sugar-Rush-Delivery/Sugar Rush Delivery
-logFile
Logs/AssetImportWorker0.log
-srvPort
59231
Successfully changed project path to: C:/Users/User/Documents/GitHub/Sugar-Rush-Delivery/Sugar Rush Delivery
C:/Users/User/Documents/GitHub/Sugar-Rush-Delivery/Sugar Rush Delivery
[UnityMemory] Configuration Parameters - Can be set up in boot.config
    "memorysetup-bucket-allocator-granularity=16"
    "memorysetup-bucket-allocator-bucket-count=8"
    "memorysetup-bucket-allocator-block-size=33554432"
    "memorysetup-bucket-allocator-block-count=8"
    "memorysetup-main-allocator-block-size=16777216"
    "memorysetup-thread-allocator-block-size=16777216"
    "memorysetup-gfx-main-allocator-block-size=16777216"
    "memorysetup-gfx-thread-allocator-block-size=16777216"
    "memorysetup-cache-allocator-block-size=4194304"
    "memorysetup-typetree-allocator-block-size=2097152"
    "memorysetup-profiler-bucket-allocator-granularity=16"
    "memorysetup-profiler-bucket-allocator-bucket-count=8"
    "memorysetup-profiler-bucket-allocator-block-size=33554432"
    "memorysetup-profiler-bucket-allocator-block-count=8"
    "memorysetup-profiler-allocator-block-size=16777216"
    "memorysetup-profiler-editor-allocator-block-size=1048576"
    "memorysetup-temp-allocator-size-main=16777216"
    "memorysetup-job-temp-allocator-block-size=2097152"
    "memorysetup-job-temp-allocator-block-size-background=1048576"
    "memorysetup-job-temp-allocator-reduction-small-platforms=262144"
    "memorysetup-allocator-temp-initial-block-size-main=262144"
    "memorysetup-allocator-temp-initial-block-size-worker=262144"
    "memorysetup-temp-allocator-size-background-worker=32768"
    "memorysetup-temp-allocator-size-job-worker=262144"
    "memorysetup-temp-allocator-size-preload-manager=33554432"
    "memorysetup-temp-allocator-size-nav-mesh-worker=65536"
    "memorysetup-temp-allocator-size-audio-worker=65536"
    "memorysetup-temp-allocator-size-cloud-worker=32768"
    "memorysetup-temp-allocator-size-gi-baking-worker=262144"
    "memorysetup-temp-allocator-size-gfx=262144"
Player connection [8268]  Target information:

Player connection [8268]  * "[IP] 192.168.230.1 [Port] 0 [Flags] 2 [Guid] 1236561093 [EditorId] 1236561093 [Version] 1048832 [Id] WindowsEditor(7,LAPTOP-9LP87KO6) [Debug] 1 [PackageName] WindowsEditor [ProjectName] Editor" 

Player connection [8268]  * "[IP] 192.168.92.1 [Port] 0 [Flags] 2 [Guid] 1236561093 [EditorId] 1236561093 [Version] 1048832 [Id] WindowsEditor(7,LAPTOP-9LP87KO6) [Debug] 1 [PackageName] WindowsEditor [ProjectName] Editor" 

Player connection [8268]  * "[IP] 192.168.0.196 [Port] 0 [Flags] 2 [Guid] 1236561093 [EditorId] 1236561093 [Version] 1048832 [Id] WindowsEditor(7,LAPTOP-9LP87KO6) [Debug] 1 [PackageName] WindowsEditor [ProjectName] Editor" 

Player connection [8268] Host joined multi-casting on [225.0.0.222:54997]...
Player connection [8268] Host joined alternative multi-casting on [225.0.0.222:34997]...
Input System module state changed to: Initialized.
[PhysX] Initialized MultithreadedTaskDispatcher with 8 workers.
Refreshing native plugins compatible for Editor in 14.29 ms, found 3 plugins.
Preloading 0 native plugins for Editor in 0.00 ms.
Initialize engine version: 2022.3.59f1 (630718f645a5)
[Subsystems] Discovering subsystems at path C:/Program Files/Unity/Hub/Editor/2022.3.59f1/Editor/Data/Resources/UnitySubsystems
[Subsystems] Discovering subsystems at path C:/Users/User/Documents/GitHub/Sugar-Rush-Delivery/Sugar Rush Delivery/Assets
GfxDevice: creating device client; threaded=0; jobified=0
Direct3D:
    Version:  Direct3D 11.0 [level 11.1]
    Renderer: NVIDIA GeForce RTX 3050 Laptop GPU (ID=0x25a2)
    Vendor:   NVIDIA
    VRAM:     3964 MB
    Driver:   32.0.15.8180
Initialize mono
Mono path[0] = 'C:/Program Files/Unity/Hub/Editor/2022.3.59f1/Editor/Data/Managed'
Mono path[1] = 'C:/Program Files/Unity/Hub/Editor/2022.3.59f1/Editor/Data/MonoBleedingEdge/lib/mono/unityjit-win32'
Mono config path = 'C:/Program Files/Unity/Hub/Editor/2022.3.59f1/Editor/Data/MonoBleedingEdge/etc'
Using monoOptions --debugger-agent=transport=dt_socket,embedding=1,server=y,suspend=n,address=127.0.0.1:56244
Begin MonoManager ReloadAssembly
Registering precompiled unity dll's ...
Register platform support module: C:/Program Files/Unity/Hub/Editor/2022.3.59f1/Editor/Data/PlaybackEngines/WindowsStandaloneSupport/UnityEditor.WindowsStandalone.Extensions.dll
Registered in 0.008948 seconds.
- Loaded All Assemblies, in  0.586 seconds
Native extension for WindowsStandalone target not found
Mono: successfully reloaded assembly
- Finished resetting the current domain, in  0.485 seconds
Domain Reload Profiling: 1068ms
	BeginReloadAssembly (152ms)
		ExecutionOrderSort (0ms)
		DisableScriptedObjects (0ms)
		BackupInstance (0ms)
		ReleaseScriptingObjects (0ms)
		CreateAndSetChildDomain (1ms)
	RebuildCommonClasses (62ms)
	RebuildNativeTypeToScriptingClass (13ms)
	initialDomainReloadingComplete (78ms)
	LoadAllAssembliesAndSetupDomain (278ms)
		LoadAssemblies (149ms)
		RebuildTransferFunctionScriptingTraits (0ms)
		AnalyzeDomain (276ms)
			TypeCache.Refresh (272ms)
				TypeCache.ScanAssembly (246ms)
			ScanForSourceGeneratedMonoScriptInfo (1ms)
			ResolveRequiredComponents (1ms)
	FinalizeReload (485ms)
		ReleaseScriptCaches (0ms)
		RebuildScriptCaches (0ms)
		SetupLoadedEditorAssemblies (386ms)
			LogAssemblyErrors (0ms)
			InitializePlatformSupportModulesInManaged (19ms)
			SetLoadedEditorAssemblies (14ms)
			RefreshPlugins (0ms)
			BeforeProcessingInitializeOnLoad (4ms)
			ProcessInitializeOnLoadAttributes (273ms)
			ProcessInitializeOnLoadMethodAttributes (76ms)
			AfterProcessingInitializeOnLoad (0ms)
			EditorAssembliesLoaded (0ms)
		ExecutionOrderSort2 (0ms)
		AwakeInstancesAfterBackupRestoration (0ms)
========================================================================
Worker process is ready to serve import requests
Caller must complete domain reload
Begin MonoManager ReloadAssembly
- Loaded All Assemblies, in  1.142 seconds
Native extension for WindowsStandalone target not found
Mono: successfully reloaded assembly
- Finished resetting the current domain, in  1.167 seconds
Domain Reload Profiling: 2302ms
	BeginReloadAssembly (253ms)
		ExecutionOrderSort (0ms)
		DisableScriptedObjects (9ms)
		BackupInstance (0ms)
		ReleaseScriptingObjects (0ms)
		CreateAndSetChildDomain (40ms)
	RebuildCommonClasses (48ms)
	RebuildNativeTypeToScriptingClass (19ms)
	initialDomainReloadingComplete (71ms)
	LoadAllAssembliesAndSetupDomain (743ms)
		LoadAssemblies (629ms)
		RebuildTransferFunctionScriptingTraits (0ms)
		AnalyzeDomain (256ms)
			TypeCache.Refresh (227ms)
				TypeCache.ScanAssembly (207ms)
			ScanForSourceGeneratedMonoScriptInfo (20ms)
			ResolveRequiredComponents (6ms)
	FinalizeReload (1167ms)
		ReleaseScriptCaches (0ms)
		RebuildScriptCaches (0ms)
		SetupLoadedEditorAssemblies (969ms)
			LogAssemblyErrors (0ms)
			InitializePlatformSupportModulesInManaged (8ms)
			SetLoadedEditorAssemblies (4ms)
			RefreshPlugins (0ms)
			BeforeProcessingInitializeOnLoad (75ms)
			ProcessInitializeOnLoadAttributes (842ms)
			ProcessInitializeOnLoadMethodAttributes (30ms)
			AfterProcessingInitializeOnLoad (10ms)
			EditorAssembliesLoaded (0ms)
		ExecutionOrderSort2 (0ms)
		AwakeInstancesAfterBackupRestoration (10ms)
Launched and connected shader compiler UnityShaderCompiler.exe after 0.07 seconds
Refreshing native plugins compatible for Editor in 5.75 ms, found 3 plugins.
Preloading 0 native plugins for Editor in 0.00 ms.
Unloading 3281 Unused Serialized files (Serialized files now loaded: 0)
Unloading 19 unused Assets / (54.5 KB). Loaded Objects now: 3748.
Memory consumption went from 122.0 MB to 121.9 MB.
Total: 9.732100 ms (FindLiveObjects: 0.941000 ms CreateObjectMapping: 2.471900 ms MarkObjects: 6.183900 ms  DeleteObjects: 0.132900 ms)

AssetImportParameters requested are different than current active one (requested -> active):
  custom:scripting/monoscript/fileName/BuildMergeTabParameters.cs: 2c923f29302a39560b4301c3fd163a7b -> 
  custom:scripting/monoscript/fileName/IncomingChangesTab.cs: 8a20aca125f6d4b837670edb6e36bc05 -> 82bff1d960538992d4e618d909869d2e
  custom:scripting/monoscript/fileName/DiffSelection.cs: 34faf7c86f7e0c9a01162e930679d82f -> 1460aaba4240ef35322cb9c198487990
  custom:scripting/monoscript/fileName/DrawStaticElement.cs: 6cbd346d4a1be2ee84c9ebe55a7f9f79 -> 5765d84d60602f16f5577bf0b7fc6b96
  custom:scripting/monoscript/fileName/MoveDeleteMenu.cs: f1a7b8a8be76c035d934c51863f3b934 -> c4ad4528e772c33a6167006886a8d1da
  custom:scripting/monoscript/fileName/DialogWithCheckBox.cs: 738e3e0af97e826e16805dda77e5f009 -> 
  custom:scripting/monoscript/fileName/DateFilter.cs: de3aab0283a2b4a1d4d64145b14132d5 -> 3a6cb8c2e3ffbb5a9052e322ee5bf411
  custom:scripting/monoscript/fileName/PerformInitialCheckin.cs: be22d181e456c0a8a5713675f29ac72a -> 8ef9a9f407b8b94b2b5fad9d24e61f79
  custom:scripting/monoscript/fileName/ConflictResolutionState.cs: d9394655856a9fc1a0b280bc997bac16 -> 74a230000ff2fd58c5a60ab4258207dc
  custom:scripting/monoscript/fileName/FindWorkspace.cs: 39bbd18bfe6bf4a99f5c185dcda4dd4a -> 6af6c9e9382fef881c020ab184e6f7f5
  custom:container-demuxer-ogg: 62fdf1f143b41e24485cea50d1cbac27 -> 
  custom:scripting/monoscript/fileName/CheckinConflictsDialog.cs: d3af1d70d3f60a9847d2942647274222 -> e13fa04a97fb675842c94586fc602871
  custom:scripting/monoscript/fileName/AuthToken.cs: d22b2893825e943bc1389be142abd57e -> 0fba7e8eb1ec8b699f274cdc956451b2
  custom:scripting/monoscript/fileName/ProgressControlsForDialogs.cs: 6bf8e69ac7dc2163fe988e5d8181ce88 -> 7e6bd1727985204e3b64e1946e589b1c
  custom:scripting/monoscript/fileName/AssetStatusCache.cs: beede06d8a6d93e7907fd192ad653f2b -> 260d5f85663ac58b2a7e9553c453bc3e
  custom:scripting/monoscript/fileName/OrganizationPanel.cs: d7ac1288bef1b15a05bb26d201a4d87f -> 57a57e6a345dbd536e91c348b70943a9
  custom:scripting/monoscript/fileName/ChangeCategoryTreeViewItem.cs: efd70108e1f6ff61ed2723220486adfc -> fd14db176fff061715c8ec88ced1902f
  custom:scripting/monoscript/fileName/CurrentUserAdminCheckResponse.cs: cec2f173fe8732108711c497674c6f66 -> d57c2dcace740834acd59fdfbc5023b8
  custom:scripting/monoscript/fileName/UIElementsExtensions.cs: a191d7293be4538b0adb29dfe5b06a46 -> 52e0d612ab032e4d22e9558b90396b99
  custom:scripting/monoscript/fileName/CreateBranchDialog.cs: c429477092287209232592c8cde1a615 -> 9eb29fda08033b4f847247136c412db6
  custom:scripting/monoscript/fileName/DrawCreateWorkspaceView.cs: 6422239d8f649480614f0dd4f018b7f2 -> c6039ac84d85ab3926aa94de163a9f7d
  custom:scripting/monoscript/fileName/ProjectPath.cs: 5634ebdbea8ca94089eb9622d1b60497 -> 2007f972d3a73eeb86dfe05e849c7f69
  custom:scripting/monoscript/fileName/SSOCredentialsDialog.cs: 8967ceae1bc195ea8dd32b23c42dd852 -> e140ede12a96f68f30062138385171c3
  custom:scripting/monoscript/fileName/DownloadPlasticExeDialog.cs: 2dd40c53d0303d041a27a44a95c331cb -> 093cfe0607c2346a88cdfdfe1435614f
  custom:scripting/monoscript/fileName/GetOperationDelegate.cs: e719058321e4f2be94be212e42f097c8 -> 
  custom:video-codec-MediaFoundation-h265: 746d11721c4dcdbdad8f713fa42b33f4 -> 
  custom:scripting/monoscript/fileName/PendingChangesTab_Operations.cs: c99065f3c85ec85c85ece2a1a30665af -> 15ae6787065f4af65778e981f418a60b
  custom:scripting/monoscript/fileName/LocksListViewItem.cs: cc9cd24c5be4f7363367cba72f12aad4 -> f4a19fabbec093eb3d6a7e1cd4f42611
  custom:scripting/monoscript/fileName/PendingChangesViewPendingChangeMenu.cs: 561ad0f702e1db14300a4a5f810051f9 -> 9a6ef2277212bf26d647c7f12f946287
  custom:scripting/monoscript/fileName/SignInPanel.cs: f7e82045994d4eefe3b021faa87b55c6 -> bac0318ce35e37bed3a2cc8137452435
  custom:scripting/monoscript/fileName/DrawInspectorOperations.cs: 61c4a6a6507d8f84ef5bdf5cba3f0aee -> 8c94fe642e98309082411f46db89106b
  custom:scripting/monoscript/fileName/DrawDirectoryResolutionPanel.cs: b77d9918f02a8eac64394aaf99fa4b28 -> e4e3c9b4bc511687802b504b71016540
  custom:scripting/monoscript/fileName/CloseWindowIfOpened.cs: d820344e932a12600b5fe6fb7e9f1563 -> ce229ef3b7461ff17e2c1af0695a6657
  custom:scripting/monoscript/fileName/SaveAssets.cs: e472a52843752df7d7ad4ca6b2c8da98 -> b56abea3d51c742ac29e4aec958afad6
  custom:scripting/monoscript/fileName/MergeViewMenu.cs: 93bc40369a2f104c249cef1d685ad358 -> c1676e16bdcf215f6595ea9de7a1fc33
  custom:scripting/monoscript/fileName/RepositoriesListView.cs: 9f95c83dc460fb03fb0916472f14b8a7 -> 95287f65338ca0073ad04002a16eaaf7
  custom:scripting/monoscript/fileName/HandleMenuItem.cs: 740e54c5f6dca1acc88cad87af74b744 -> b4ad1ecc5243212c5967125ad5e41b1f
  custom:scripting/monoscript/fileName/ScreenResolution.cs: 5c975132cf4e36dcc261bd0acd604271 -> 7bb7bb5b955671820101b322f0a7bf3d
  custom:scripting/monoscript/fileName/ApplicationDataPath.cs: 8e4094e28762fb76a1baecfe90c6b65e -> 3e8c4ea8debfda8013fed860ac233d22
  custom:scripting/monoscript/fileName/MergeSelection.cs: 6deb9bc55c10a7ac7c9f905a7b92dbe8 -> 630eecd27cae3311e65e09d9c63da8b7
  custom:video-decoder-ogg-theora: a1e56fd34408186e4bbccfd4996cb3dc -> 
  custom:scripting/monoscript/fileName/RepaintInspector.cs: f134606300316994850c28a68d0cb5a3 -> 
  custom:scripting/monoscript/fileName/LockStatusCache.cs: 5e3725e03dc21c716034553589a67eae -> e99b3f34c5cd3eb73ec19439af1f7f80
  custom:scripting/monoscript/fileName/DiffTreeView.cs: 68195907d129ef826aa6b6df7202696d -> 49f46fd2a65ea674a218eead75f27aac
  custom:scripting/monoscript/fileName/DependenciesDialog.cs: 82d30fc8d5e1a73ec0d1ee9acc00fbc2 -> c8902186ab2f4e6471b5dd147afb01b6
  custom:scripting/monoscript/fileName/ChangesetListViewItem.cs: 95a197949f1e777703db60eea8cc21b3 -> d742a4910e302777daa1ccb9c8e92cb9
  custom:scripting/monoscript/fileName/LocksViewMenu.cs: fda08381fa9abca53b6eaf3bf55f14f8 -> 186d8514e824865b191ba1829afe4b33
  custom:scripting/monoscript/fileName/IncomingChangesViewMenu.cs: 5f96afa82d3e2a8078206b7f6d3b0752 -> 13196979a03411533716f6775c9a624b
  custom:scripting/monoscript/fileName/QueryVisualElementsExtensions.cs: 75ea535788abf9c38ba9341c984a6241 -> a49740b6efbb934f55475cc70b864a4c
  custom:scripting/monoscript/fileName/DivergentMoveMenu.cs: 5b146ed65a6a030ab7d86a0d711244f7 -> 98d76b5791494212a0c25aa6a4af7288
  custom:scripting/monoscript/fileName/WriteLogConfiguration.cs: 1a8401f47b522f631a3dc005105719f5 -> 1589212d1638ae91a029ea3ddf9999f2
  custom:scripting/monoscript/fileName/FileSystemOperation.cs: c31a686e69e66801c204a11be56c950a -> f0ccbe91654279794a85bf6f1c034716
  custom:scripting/monoscript/fileName/MigrateCollabProject.cs: af93695e471d9c8e4ad014c4165f2c3c -> 9f3487f03a783b35518405572f20ac9e
  custom:framework-win-MediaFoundation: 216162199b28c13a410421893ffa2e32 -> 
  custom:scripting/monoscript/fileName/ProgressControlsForViews.cs: 7d677c6df38ab15cf390062b5b0bb854 -> a8a18a90f46aa63848e1e45d8d7ff9af
  custom:scripting/monoscript/fileName/DrawAssetOverlay.cs: 04a46044def089f0abcdafdd281e3646 -> 
  custom:scripting/monoscript/fileName/ProjectWindow.cs: c62567a3d71fd74636bc783de5162474 -> 
  custom:scripting/monoscript/fileName/MergeLinksListView.cs: 826afb5fb5988163105086b4bf5027af -> c9488671ae9b14523680d0c19097baa0
  custom:scripting/monoscript/fileName/UnityCloudProjectLinkMonitor.cs: a6d5b729fcd63f578363f7929a986e8b -> 86b74508945daf368996ea82904ac8da
  custom:scripting/monoscript/fileName/EditorProgressBar.cs: 7418be9b22aaea32732f8a5f49569d1c -> 08c2f2b90ef64df631d46389f0e22c8e
  custom:scripting/monoscript/fileName/MeasureMaxWidth.cs: cd9322680ae61d38397008451b7ed0ed -> 1569e3f1dad91a9b01cba66ab6aa30b0
  custom:scripting/monoscript/fileName/ChangesetsListHeaderState.cs: 69fc4f1a2bc3782d7043ec48961a3616 -> fe1392f9b135da83e13fe8a5e5f39fc2
  custom:scripting/monoscript/fileName/PendingChangesTreeHeaderState.cs: 7d278b5569d28437d07554a3bbb56e1b -> 5d7f70d142c9ac67864ec14950523d62
  custom:scripting/monoscript/fileName/ChangelistMenu.cs: ca33bac56b3a337faa90a1b1bba632d6 -> c1bf5aeb760cc5eae584ea3944d6531b
  custom:scripting/monoscript/fileName/MissingEncryptionPasswordPromptHandler.cs: 7f5831fc8a41e9cadd84fcfd0e885072 -> 5d7b9646eb14a39b6d3d5bab19d266ff
  custom:scripting/monoscript/fileName/NotificationBar.cs: d1a4cf5e8103d80fd25347275f906aa8 -> 50f1a85fa18d94338418def78dcd8543
  custom:scripting/monoscript/fileName/EmptyCommentDialog.cs: c9c28ff22d24598d7e4856f434bb1b92 -> 99cc06133e502eab7998108e26fd5614
  custom:scripting/monoscript/fileName/UnityThreadWaiter.cs: dbd556f2802baab90a20da38c288d36c -> 99333406d92d10003984b4d1920de2f9
  custom:scripting/monoscript/fileName/CredentialsDialog.cs: 179b5e49656a1623c2e79d838f0f5876 -> c785d5e40f8d66b7ef7ba04ee7c324e0
  custom:scripting/monoscript/fileName/ProcessHubCommand.cs: 30630f626164e285c361aa64e681100e -> 8ab0fc63fa4d9d749198dd61b09d7e37
  custom:scripting/monoscript/fileName/GetRestorePathDialog.cs: e21eb9983f0b989125951478cd5e9b35 -> 353d1126ca2d2063d5bdbd06806ffc08
  custom:scripting/monoscript/fileName/UpdateReportListHeaderState.cs: 64a5bf775d221ad9a5ff8c78a1e0e1fa -> d6cbe54be2898ed2c96c2e79572c2e08
  custom:scripting/monoscript/fileName/LocksListView.cs: 8c6202774eebcf67be9c3b5a2926cc7c -> 7aa51ff93bcc98aa05dec8b46ec200c4
  custom:scripting/monoscript/fileName/DownloadAndInstallOperation.cs: b043b8d5921892e87f4566e00162cff6 -> 4f4065aeafda2af0ec272a3c228e27b2
  custom:scripting/monoscript/fileName/DiffTreeViewMenu.cs: 3e62bfc69ca7486976988e151b88922e -> 8039fc4ecf68b3e966e1f4822789e7fa
  custom:scripting/monoscript/fileName/UnityStyles.cs: 9cb60b3dfb2aa9ad7fb7f3438dc23bed -> a77bf4c43409620cb9527bf40c7b31b2
  custom:scripting/monoscript/fileName/HistoryTab.cs: 4d086984813cd90d6be245dd8e03a2ba -> d57f000c65fde42a2228c7a105a836e5
  custom:scripting/monoscript/fileName/HistorySelection.cs: 7c3afcf345a55e8b77ea41ca0f570218 -> 3d07a3d1241e204b5420d71f1137eba4
  custom:scripting/monoscript/fileName/CreateWorkspace.cs: 7b3086384e5ddcd73cd5064a3ce31cd2 -> 5256205b5cf0570b6f698c7abe518f5a
  custom:scripting/monoscript/fileName/ShowWindow.cs: c731454122754eec192bc3c53fac3d95 -> a6bb1d20733c178256b38974418d7450
  custom:scripting/monoscript/fileName/LocksListHeaderState.cs: b80c5f044f18764adef2e9dbea5f0fb1 -> c7fe4d3b5f954615048f8e79925d29e3
  custom:scripting/monoscript/fileName/CreateRepositoryDialog.cs: 1e1c5399cf3d0b071c7982c565a710ce -> 5cec3e66b09e0dbe1f805953c5c64af9
  custom:scripting/monoscript/fileName/RenameBranchDialog.cs: a3111a345c6451ee64cd16f1989c2313 -> e5c89c05c87517babb3730e87196a494
  custom:scripting/monoscript/fileName/EncryptionConfigurationDialog.cs: 6423045767c07e6360ff314ec741c601 -> 19e9c54aff6ffc68d60fe11f80578947
  custom:scripting/monoscript/fileName/CheckinProgress.cs: 298ac58365579798eb3b4defc181ccaf -> 75b93dbc5ef307111f0647f735640420
  custom:scripting/monoscript/fileName/AssetCopyPathOperation.cs: 571ede78b6298606a236918df9df62d5 -> 633a9d130b72ba594756844b628f0ae2
  custom:scripting/monoscript/fileName/PendingChangesSelection.cs: 766664749a54eea9ecce5dff917430ef -> 1721ad72d074757364587c71b49d9382
  custom:scripting/monoscript/fileName/LoadAsset.cs: 9042eb334fc462cf466672445be1d4c2 -> 5e4e082aa5b21c13b80eb237fe94d00b
  custom:scripting/monoscript/fileName/Images.cs: 0b0c14141950fed99e3ef33199b3b4c9 -> fbdd1e600315d249327f3effde045c9d
  custom:scripting/monoscript/fileName/DrawLocksListViewItem.cs: ce3a3d64ec2d84c3556ffd4141efc4f7 -> 6201c4d50383e970d554210505562d37
  custom:scripting/monoscript/fileName/DrawProgressForOperations.cs: ea9179848be98ee7719316b39339ef29 -> b544f18e6532ba53bbd1b691fa5cd571
  custom:scripting/monoscript/fileName/ViewSwitcher.cs: bb22cc2814598bf2511f6c811c1dc194 -> dd1f6d6bc6ad5beda69b13cdb560799f
  custom:scripting/monoscript/fileName/RepositoryListViewItem.cs: 2f16ba7694ec7934685021093e722c4e -> 3cabcd81911a2500dcd9e2b6ffae3f00
  custom:scripting/monoscript/fileName/InspectorAssetSelection.cs: 71ba78e42827a9b22a9a6016733d756f -> 4b3c1ae4c44d88205aef26229acfe022
  custom:scripting/monoscript/fileName/UVCPackageVersion.cs: c4d95cb84d9d8dff4727eba6b0a64378 -> 
  custom:scripting/monoscript/fileName/IncomingChangesTreeHeaderState.cs: f578f4545f0afb1f0a2de9a25e26e33b -> 9fcb97ef2da44c66332f5c6800c2e6ed
  custom:scripting/monoscript/fileName/DrawTextBlockWithLink.cs: d38f3ee197d9063693d0301d5157b32c -> 1d43814d810f0d56e2964ad3b72f271e
  custom:scripting/monoscript/fileName/WorkspaceOperationsMonitor.cs: 5f05751fd4d94e02e79a5bf200f98f9a -> 43dcc435c252a54bdaaf4d6588b7d66e
  custom:CustomObjectIndexerAttribute: 9a22284fe3817be447336de3de66b15e -> 
  custom:scripting/monoscript/fileName/ShelvesSelection.cs: 05891c88858e4ac7776c0c0c49b5b74f -> 8a3e11e7cd7bbf10b24988c7bf636dea
  custom:scripting/monoscript/fileName/MacOSConfigWorkaround.cs: 8634a542fc5c45ea8cd9a8244bf2c871 -> 9fe61e763da506601651f6c451cecb0a
  custom:scripting/monoscript/fileName/IncomingChangesSelection.cs: a96a5a084d59fe3917a3831b68fa9479 -> d86f9f4463e6f9d99bb815e1f018ccf1
  custom:scripting/monoscript/fileName/AddMoveMenu.cs: 07e842d83dd343358454fef0a7927a0d -> e681c3341f01390e9c1d636ae93280df
  custom:scripting/monoscript/fileName/PlasticProjectSettingsProvider.cs: c126b47f9f934d48f0646c249a5bfcca -> 8c4ae1aeb34c51d2a5a8924265075ff2
  custom:scripting/monoscript/fileName/AssetMenuItems.cs: 9ce81cedb8e568c6b7b646aa6263645b -> 
  custom:scripting/monoscript/fileName/ToolConstants.cs: a088b027c7b0922429c756f12b0507ea -> 3b0d2490617bc7f94a0bdab65a399e1d
  custom:scripting/monoscript/fileName/MergeTab.cs: f39dce5bbfdc053d284a55fc102a8be9 -> f0a9f00e065364eb63b070091ade67f8
  custom:scripting/monoscript/fileName/GetSelectedPaths.cs: 02423a81496d6c63598b5cdc203f4354 -> be35dd49dddd53fc840b9febf21b4d0d
  custom:scripting/monoscript/fileName/TokenExchangeResponse.cs: 0dd9138dbeab6f132711a5b608de5c13 -> f20183d4cf939766d3c1e15cc3bec2e3
  custom:scripting/monoscript/fileName/ChangesetsTab_Operations.cs: eca44847b108faefa69f8c525242c965 -> 3290c4c0cd248666e01a08ee6d621249
  custom:scripting/monoscript/fileName/OverlayRect.cs: 59d6887e4803f8a44ffaa0409470e410 -> 
  custom:scripting/monoscript/fileName/ConfigurePartialWorkspace.cs: 309d4276b0164b05348aedbd51cc0b2f -> 10fcc6b6d43dd5ed36c43c6f7b5906c4
  custom:scripting/monoscript/fileName/ValidRepositoryName.cs: 43c262be3f66a970816e3d3a3ee8872a -> 56bcf92a3678f6ad6215cae2e4914cfd
  custom:scripting/monoscript/fileName/OtherOptionsFoldout.cs: eea27b9873519c1ea7c35b8afc1b7947 -> cc8f3a7680050422963ebd2bf169a841
  custom:container-demuxer-webm: 4f35f7cbe854078d1ac9338744f61a02 -> 
  custom:scripting/monoscript/fileName/GetPlasticShortcut.cs: 2a84c035152261f00e7e66eb44cd0ffa -> 5c2b7bf07ddd2284efc64b09ef0f1f72
  custom:scripting/monoscript/fileName/ApplyShelveWithConflictsQuestionerBuilder.cs: e109c624745dcc4304c557872b253808 -> 02e4256f31bc905362a382e31c3387eb
  custom:scripting/monoscript/fileName/GuiEnabled.cs: 1b1658fd7715b5cc664c10a130c6b629 -> 7bb13fcc8d8cbd392e00f7232841f086
  custom:scripting/monoscript/fileName/BuildPathDictionary.cs: 943911b84162d26cea47f964f9a0a399 -> 9fabc7cc73fcfc50b8a3307c6aa6ec4d
  custom:scripting/monoscript/fileName/FindEditorWindow.cs: 2bb64182aef631315344623cf583c78a -> 8c3c78bb7e82ac5008f8a2b8a0d68cff
  custom:scripting/monoscript/fileName/ShelvePendingChangesDialog.cs: 47aa4c07d31152c0c1eff64d2ba76cc6 -> 86b1f48b5fbaffa67e939e7f404062e6
  custom:scripting/monoscript/fileName/DrawProgressForViews.cs: c153245b67af73b7ee03f693a1127796 -> 068a172cb549ad77d9873d721698bd0d
  custom:scripting/monoscript/fileName/UpdateReportDialog.cs: 706e7e86547c339cdb3a4462e3f7a54d -> 087837d8f73228f1a817d0de82c77260
  custom:scripting/monoscript/fileName/UnityMergeTree.cs: f81f2d7551ab855fe9dc724f3f2e2892 -> 59edaa0a4669bbcb540a261166adc144
  custom:scripting/monoscript/fileName/CycleMoveMenu.cs: 91c21a0be9b3727d7673f94321029c52 -> b3993a7306fc941f55ca963833965729
  custom:scripting/monoscript/fileName/HistoryListView.cs: 527da2d093462f1c4a278d6957e7d5ac -> 7b2d1d2c12ab43d9d244e35197127919
  custom:scripting/monoscript/fileName/ChangeTreeViewItem.cs: 506ed128854137d9f75f9e3d2576a06b -> b0a38ce0a620643c776a3db4fd91bc4c
  custom:scripting/monoscript/fileName/BringWindowToFront.cs: 88b20f2a2881db6a013f54923d68cdee -> a30c7c1ba746c6d277a5aedd3057d15e
  custom:scripting/monoscript/fileName/ShelvesViewMenu.cs: 947ea245959bf421539573511c3a0058 -> da5dc74b3444288f443961ecab7245d6
  custom:scripting/monoscript/fileName/LaunchCheckinConflictsDialog.cs: 4417eba1591eccb2221bfdce0106c1e0 -> e2c1e3f8f4e14a62e4363fe6259adbc2
  custom:scripting/monoscript/fileName/ParseArguments.cs: 03c1a4d7e357164ca313a0019713c3db -> ae915d9f5fe287ced40627c9ca8bfafd
  custom:scripting/monoscript/fileName/ExternalLink.cs: 685ff1dd6f55eb61a1fd8af84a2aa7f5 -> a8ff952d8c27d10f226ab92b7aa83b69
  custom:scripting/monoscript/fileName/WaitingSignInPanel.cs: 247680fcfc6a176b9fa28a3df600a754 -> 7585e1c7111b6b900784e6d1c9454258
  custom:scripting/monoscript/fileName/OperationProgressData.cs: 0db72349eeecbe9449a517b1d79cc760 -> 15f68712baaea535af36d9e0333c0a6e
  custom:scripting/monoscript/fileName/RepositoriesListHeaderState.cs: c0353a1af15ae4fd3d5a2a3cac816423 -> fb71b961ab7c924511a6b0e8680b60ee
  custom:scripting/monoscript/fileName/ClientDiffTreeViewItem.cs: 56be9d3aa410e770e75de2d8b93be89d -> 43bdd7aa5bf1aa039a5b572c119c38d0
  custom:scripting/monoscript/fileName/CreateWorkspaceView.cs: c40bc4c8524ef3e2374ef997beb2e4a6 -> 9ae2295080d141c0f12d02a71014e11c
  custom:scripting/monoscript/fileName/CommandLineArguments.cs: 0d20ca25f94249586a7c1484c469d8a2 -> 48a62ad3f817c0269ea7fc4a53799594
  custom:scripting/monoscript/fileName/DownloadRepository.cs: 46fc68d9cc4da8e8ed765ff28b2dd438 -> 5bad8d3f76a3fcb41a94637e37c11ab0
  custom:scripting/monoscript/fileName/ParentWindow.cs: 2476d8a6ba9c3055f984ac9792cae61a -> d6aa079e592e01701c5baa3ab98898bc
  custom:scripting/monoscript/fileName/OperationParams.cs: 091a140b35535b91c773ddf98925322d -> 3312c7a4424a66ffbf2f88f056f329aa
  custom:scripting/monoscript/fileName/SignInWithEmailPanel.cs: a5823728eb62cf6dbd8c933c1cb26f53 -> 6e8957c0ed7609303e68389067e72d72
  custom:scripting/monoscript/fileName/LaunchInstaller.cs: f9b7c99441bc32980ce9b95be066824b -> b75efdf5909b501e06cacd9c66f75981
  custom:scripting/monoscript/fileName/GetWindowIfOpened.cs: 84a2356c61155912908cf98a62600c22 -> fd8bfd1a9b371371ebbff48e377726f9
  custom:scripting/monoscript/fileName/AvatarImages.cs: ea6dca998cf0ec5122553a9e010ef687 -> 3aa8c25a350843151ec4070c820c411a
  custom:scripting/monoscript/fileName/DrawUserIcon.cs: 2f65feb9bed897237f97fbf9c5479092 -> 7d5385bf780ae84e648a8b49f8fe0825
  custom:scripting/monoscript/fileName/AssetStatus.cs: b9ea657347f2c22e8e401cdb256c516c -> e017010009bdb28bcb0d7d8ef05e7dd9
  custom:scripting/monoscript/fileName/TreeViewItemExtensions.cs: d22abf8de7a9ab0e852b869a652f100d -> 6849c47ffa8623d630ef12f76bd49905
  custom:scripting/monoscript/fileName/BranchesListView.cs: 334a3fb302f855f71fb71520fb442a71 -> 3f5ed9fe5a1bca512014ae1600ee1666
  custom:scripting/monoscript/fileName/DrawGuiModeSwitcher.cs: 363adc150c5f1c5059a678f179906090 -> d3be34a3134d3fe80ef6b14d0d519128
  custom:scripting/monoscript/fileName/UnityMenuItem.cs: 5f445176ad3735e69769d93250663be7 -> 73f3c859f1b5092ad362c09e23b3a922
  custom:scripting/monoscript/fileName/WebRestApiClient.cs: 8ab6ae74a3793a3375cc48f328048a82 -> 746756fd499dddd02a4e7ccdbac48be3
  custom:scripting/monoscript/fileName/ShelveListViewItem.cs: a37862556d04b25f75804d991e109d87 -> 373418f0ae11fc25a26ff7fe4f472006
  custom:scripting/monoscript/fileName/OpenPlasticProjectSettings.cs: 5a86fd454f7c9f74b62653e269818d3f -> 
  custom:scripting/monoscript/fileName/PendingChangesOptionsFoldout.cs: 2a2f5a0ba87bd75c4475236a9a012016 -> f9e651bcc5d4441496c88ab59a32f360
  custom:scripting/monoscript/fileName/IncomingChangesTreeView.cs: d8c19bc81b07c04d7721396d2821d297 -> 96479648d4498738733254eb4e4c6fb5
  custom:scripting/monoscript/fileName/GenericProgress.cs: 11287c7d038c487f32d0c8edc476a32d -> 8492ec26f01fc248d3eb3c2f5b3b6c0f
  custom:scripting/monoscript/fileName/ShelvesListView.cs: 0763e4076b11a683fa148282680085c0 -> 01c1f087b2f83b458da6b8ad18736606
  custom:scripting/monoscript/fileName/MergeCategoryTreeViewItem.cs: c1ecd9dc0cd73eb7eb129994dedc1a91 -> 6bd59fcbfeafe06987a54631991d755b
  custom:scripting/monoscript/fileName/CheckinDialog.cs: 1709b78fae1329cc05fd4f39334b25f5 -> 702fdb8d0a3b4bfcb9ba109e71325cad
  custom:scripting/monoscript/fileName/SortOrderComparer.cs: 8f6297df34271fdb1ce2d9607ec6261d -> 90647cc400823b41df847a6cbfc29026
  custom:scripting/monoscript/fileName/GUIActionRunner.cs: 69af7de0762ed6d085feb4cc4b5101b3 -> 4a0608de635b0d82868d57923d68eff7
  custom:scripting/monoscript/fileName/PlasticMenuItem.cs: 30c3a785b4c2607e2ae9aad693d5f604 -> 
  custom:scripting/monoscript/fileName/PendingChangesTreeView.cs: f3722f38014385705913f17dbe0f90c1 -> 17142d220a0a50a3f3d184c4718a0da7
  custom:scripting/monoscript/fileName/VCSPlugin.cs: 69c1b7249af35f35848ae707bd5e7113 -> 
  custom:scripting/monoscript/fileName/GetClientDiffInfos.cs: 4ae14b15e2cf5177a84735548a44cdc9 -> f8db8e637ded2d5e935a953a13b85ebe
  custom:scripting/monoscript/fileName/DrawActionButtonWithMenu.cs: d7f31944358aed2f3ed3982246fca039 -> 8d4f5edd02a1dd0f38c4f2baf5ee8a33
  custom:scripting/monoscript/fileName/ErrorListViewItem.cs: 9bf59c82e9c9992a012a3eb2b6c2bfe5 -> 509edc26860f8be303ec97d68aabc30d
  custom:container-muxer-webm: aa71ff27fc2769a1b78a27578f13a17b -> 
  custom:scripting/monoscript/fileName/EditorProgressControls.cs: b1f133fa38afd918d537a72574fc93a0 -> 2e606eb01a6e6a567f3de9a0379ed3ae
  custom:scripting/monoscript/fileName/BranchesListHeaderState.cs: d47f1164fa7093137db851c4c16ffba3 -> 82eab21603f4efc696334ee80641c2c9
  custom:scripting/monoscript/fileName/DrawSearchField.cs: b11b864a92c7d76f85d4ec87d6faf61c -> 3de70beba9f4447205d50241d95b066a
  custom:scripting/monoscript/fileName/PendingChangesTab.cs: c99065f3c85ec85c85ece2a1a30665af -> 15ae6787065f4af65778e981f418a60b
  custom:scripting/monoscript/fileName/MergeTreeHeaderState.cs: d266e9dd03ced7ec66ad3688e5f18f26 -> 6293ca7f65e9641fcbe12100e705a990
  custom:scripting/monoscript/fileName/BuildGetEventExtraInfoFunction.cs: 1308a6936e8051866a117b3b7c2c7b77 -> 74bfc8c01f931108a3c2b127aa04cc8d
  custom:scripting/monoscript/fileName/ShelvesTab.cs: 88e0da7511313c57d3f51ba183c4d3fc -> fca0a219bdad45e636bd34724e5dc89d
  custom:video-decoder-webm-vp8: 9c59270c3fd7afecdb556c50c9e8de78 -> 
  custom:scripting/monoscript/fileName/WelcomeView.cs: 07e35bfe1faa2c52c049eb30958acd54 -> f06c185659ea2f4a75f9397861dc6096
  custom:scripting/monoscript/fileName/DeleteMoveMenu.cs: 39c593e854a9a8ae0e6d34ceb587fce1 -> 4d026cbabd8105e38661f97da078042a
  custom:scripting/monoscript/fileName/PlasticApp.cs: c440a0fb380601a77ad475d6c15d4fa1 -> c57de230d90beac7b586f10b9c7c6cb5
  custom:scripting/monoscript/fileName/ChangesetsTab.cs: ef408d8aaf89e01b17643ed0c836680d -> 46dde8f7856048792ad2e75490bb8c5e
  custom:scripting/monoscript/fileName/DeleteBranchDialog.cs: efbbc070bfeda2b746e8b15a4380cb26 -> 8549b0fc52962c89115fd78724fee578
  custom:scripting/monoscript/fileName/IncomingChangesNotification.cs: d7ac4b8f9ea939309b8ceb7f729100a2 -> caa8ea2c7336b9227381f0971759e01a
  custom:scripting/monoscript/fileName/DrawTreeViewEmptyState.cs: d4c16fd6aad8161eda7d99fd74cbb08e -> 
  custom:scripting/monoscript/fileName/ErrorsListView.cs: cc3142391037796392fcd3fe860891dd -> cd35171982f17897dd5148dda46e0956
  custom:scripting/monoscript/fileName/UnityPendingChangesTree.cs: fd6f0a038401268983bd9328d10dec93 -> f391d9a00dc9e202cee4d4ebcf6d21c0
  custom:scripting/monoscript/fileName/ClientConfiguration.cs: 5f5e47bfb7cedc7420d7e59c6d7ae6f0 -> 01b18b09a6dbb3756e1f42a5b64aab0f
  custom:scripting/monoscript/fileName/AssetVcsOperations.cs: 50ee89e011ba3d800b4e7a9a24aca7e1 -> 
  custom:scripting/monoscript/fileName/PlasticDialog.cs: b0aae1bf1889af041741f324070b7b84 -> 63a17a2b696bc2a13c9046aa16f8cea4
  custom:SearchIndexIgnoredProperties: e643bd26f0fe6173181afceb89e7c659 -> 
  custom:scripting/monoscript/fileName/AutoRefresh.cs: 9d30d5d3f0e8985355be1ab597da1dbb -> 0a8afde180a876655ad16caa14493409
  custom:scripting/monoscript/fileName/PlasticPluginIsEnabledPreference.cs: 7953272c37f4a828a3d1096e7479f346 -> 
  custom:scripting/monoscript/fileName/GetRelativePath.cs: 9b16eb2de9e98b392077181cc34243c1 -> ab04ae5e0cafb93ebf5c96148bb52df0
  custom:scripting/monoscript/fileName/UnityEvents.cs: 253411328de37811883aded592b97268 -> c830e584565fcd66ca0d5a23ad8b9bd6
  custom:AudioImporter_EditorPlatform: d09bf68614088b80899f8185d706f6e7 -> 
  custom:scripting/monoscript/fileName/DeleteChangeMenu.cs: 540c783b689e4d6a4a383862455d5d39 -> bfa368dc06e11abcc107d6f80c7c19c5
  custom:scripting/monoscript/fileName/SelectNewCodeReviewBehavior.cs: df6e8e132199ea6ec467c9bced11011d -> a16edf3a8c3e5ac26863e890f68fd937
  custom:scripting/monoscript/fileName/DockEditorWindow.cs: 581124d5e19667105f2446d6dfbf7982 -> a9e5e467234133af999283610b6e84e6
  custom:scripting/monoscript/fileName/ProjectPackages.cs: e247c98bd45807b228765f9a94d82145 -> 9e9e13e39b2e9718b602503b87245c18
  custom:scripting/monoscript/fileName/BranchesSelection.cs: 7eb1fcb556f0fad697e4ec9d989be099 -> 33b36e7b03910960966036894ec90c7c
  custom:scripting/monoscript/fileName/SaveAction.cs: b68fbb4319dbb368959c40781b39fdf8 -> 27c387bb58f3a69b0c9ff60d2209e18f
  custom:scripting/monoscript/fileName/AutoConfig.cs: 6c4e7f9dc55323aa1299debfe9723aa6 -> bf4bbd2f2e752464ef51dbf102faed17
  custom:scripting/monoscript/fileName/DiffPanel.cs: 02288a38bd14cc2b52a25b302a6f154e -> 210366dab3631628227b9406f87a9b7f
  custom:scripting/monoscript/fileName/PlasticAssetsProcessor.cs: ff731c8aacf4a537dc74c7cf9eaeaed0 -> 
  custom:scripting/monoscript/fileName/DrawActionToolbar.cs: 52293cb82089e0370f52e257f41c0869 -> e05748a99799f26304c1bbafd90f703b
  custom:scripting/monoscript/fileName/TreeViewItemIds.cs: 7d654a2b5b3a10da3e7d8472196e96d1 -> 0cdf409b5aa8d4c25876d72b5c6a3b60
  custom:scripting/monoscript/fileName/EditorVersion.cs: 70953c9eccf7726f70c672a9a51619e9 -> 698aba075b19a52a056d67a7b809d179
  custom:scripting/monoscript/fileName/TeamEditionConfigurationWindow.cs: d06f049421c16e5927ec29f770917e09 -> e53b1ca5561894aaeff930afb696d001
  custom:scripting/monoscript/fileName/ProgressOperationHandler.cs: 5fbb4e0f656dcfaa4498bd2e492e4710 -> ec62666c0ca1649dd33cc6bc6834c6f7
  custom:scripting/monoscript/fileName/UnityPlasticTimer.cs: 961fdb6492c99b4a3eadbed28e78c4b0 -> 6c887e722e951c2964523825cad70c4c
  custom:scripting/monoscript/fileName/TreeHeaderColumns.cs: 9fc4a0396a421346b8aa3b7788860851 -> 316e5ea62e66b20fd6e687a6b9e5958e
  custom:scripting/monoscript/fileName/MergeOptionsDialog.cs: 25ac62df73845405e13f44e4dfdcf0d1 -> 9250ce23d260ab84f87bd5899c6cf983
  custom:scripting/monoscript/fileName/AssetFilesFilterPatternsMenuBuilder.cs: 8fe5de6e5dc3d42fb7e95de2aaedbf5a -> 0d99e7514c6a33cda8314deed8f34bc5
  custom:scripting/monoscript/fileName/MergeTreeView.cs: 143a828a1a236483d3cdc1d010ce9d51 -> 3feb38cec50d3fc7576ddbf07a9a9ce8
  custom:scripting/monoscript/fileName/PlasticNotification.cs: 3629fdff9f054b2013702f5b131b2c47 -> 
  custom:scripting/monoscript/fileName/ConfirmContinueWithPendingChangesDialog.cs: c0e147ff008a0b77c9337132a3ea70af -> 77462b1904ad8f6fee2f8da4523d59fe
  custom:scripting/monoscript/fileName/ShelvesListHeaderState.cs: d3cea237aa496a145829475430d90f29 -> 287f23cbe09ecb9b28ec8dd05ede8846
  custom:scripting/monoscript/fileName/ChangelistTreeViewItem.cs: a4a6f6169cdb3afe249e104e2b7b1a2c -> 87f69636be8bd1a264ec4eac1bffa701
  custom:scripting/monoscript/fileName/CollabPlugin.cs: bda741ff77a19affbf276298e29313ec -> ca276d65e7cd77c5c99d9f119ffdb215
  custom:scripting/monoscript/fileName/TabButton.cs: 757146b89ed597b1d75c77241e5d5f63 -> 
  custom:scripting/monoscript/fileName/LaunchTool.cs: 3ac53c8af1f56365aad9e1ae5366d98d -> 60773d78646dc188d4b2caca77f20b17
  custom:scripting/monoscript/fileName/RunModal.cs: 33b931100ee477e6812324eabaa2e837 -> c83ee2ef642c5d8b8dfd32f033bfc438
  custom:scripting/monoscript/fileName/BranchListViewItem.cs: 8fdaa5aa842f5a70237affa304b9d506 -> 55028f4aef24d6227589aaa95582b2ff
  custom:scripting/monoscript/fileName/GetAvatar.cs: 07c98163f75f0b7c672bd453fc82bf61 -> 04ffae2a9e5a4c32a119f93144f558d2
  custom:scripting/monoscript/fileName/MoveAddMenu.cs: 81d47caeb9f49803adfe1627c8ce5bf4 -> 1fbfab870b2e95fdd8a81f6019f764df
  custom:scripting/monoscript/fileName/FindTool.cs: fc3b0710b24078288fe829d0bb041dd0 -> 2f9d82566cfb01fb68fc30111fb47624
  custom:scripting/monoscript/fileName/ChannelCertificateUiImpl.cs: 75d7831ab5da75cc0082e28863abb142 -> cefccf1e13b7bcf15e3c9f2dd4cd2fc8
  custom:scripting/monoscript/fileName/ApplyCircleMask.cs: 02eb67e485278e7c9b719fee5ff90f4a -> b955b378d261fdcbd6272fe8711d1e4f
  custom:scripting/monoscript/fileName/AssetMenuOperations.cs: 131bfc7279b97eba576abe13a47f8f91 -> ebcce67603e288b4a84d49287db6ef5a
  custom:scripting/monoscript/fileName/ShelveAndSwitchOptionsFoldout.cs: 676902ec49ff9c5abb2a832f067966e8 -> e7b216a23869eafb9aecd00a8905fafa
  custom:scripting/monoscript/fileName/VisualElementExtensions.cs: cd98f4a51563fccdfc39eed097290325 -> 0aad2728225c469038631668406aebb3
  custom:scripting/monoscript/fileName/LocksSelector.cs: 70b046a562568fd78d093736e68a3a58 -> 7b0f4fc5552c1d92ba7f4648526ceb21
  custom:scripting/monoscript/fileName/ListViewItemIds.cs: 8f6297df34271fdb1ce2d9607ec6261d -> 90647cc400823b41df847a6cbfc29026
  custom:scripting/monoscript/fileName/CreateWorkspaceViewState.cs: 1deb37b3c17c224d9a7dca9c990ea191 -> 0fe23b7cca9336b31a27790c714de652
  custom:scripting/monoscript/fileName/MergeLinkListViewItem.cs: ebc1e6f9e3a3005d8f4c51a794adfdaa -> 3fa407d29597803190dd374d88ed170d
  custom:scripting/monoscript/fileName/DrawCommentTextArea.cs: ad5449f632fd412ac0f7ba0d171fd453 -> c58c26552f95f108a8d9610eaf001fbc
  custom:scripting/monoscript/fileName/ErrorsListHeaderState.cs: 9141660c9776c5dac5f980fd03a672a8 -> b961336a4a43551eb826f97c57673007
  custom:scripting/monoscript/fileName/MergeViewDirectoryConflictMenu.cs: d45972e8b5f74223c607a4daa895ff3d -> fad8e1937fc14fd75ca21a68ee1037b8
  custom:scripting/monoscript/fileName/RefreshAsset.cs: 4479d2949a66a97f66d1e550067f3767 -> 5a15c606785f1f54a697bb0d0d846dfb
  custom:scripting/monoscript/fileName/BoolSetting.cs: d67f952c3a5976591f3e9a9e7356bbab -> 12bf039ccd38b0f4ccfffbec3cbbf108
  custom:scripting/monoscript/fileName/CreateChangelistDialog.cs: 774371d4233cc1d394d98dc80507a1f8 -> 386b03e27c951c5f1d63daf7aae486ca
  custom:scripting/monoscript/fileName/HistoryListViewMenu.cs: 15a489e494f04a7ea37a587c7601070e -> 29770348599c8d5473b78d72e5741b40
  custom:scripting/monoscript/fileName/MergeViewFileConflictMenu.cs: d7362b83d6b320a0f0ceaf99dbe21727 -> 8fc0f292158abfa71c2c7b3b6f38d32a
  custom:scripting/monoscript/fileName/FilterRulesConfirmationDialog.cs: 5186d89f21d03764f0cca01c2a0122d7 -> 9c91c6c91f20e6d013a753f32343b327
  custom:scripting/monoscript/fileName/ChangesetsSelection.cs: d154d1782ed752b83834c54a0bde3df9 -> 8b9d539af9f7e269bac4e3d79e9ffab8
  custom:scripting/monoscript/fileName/AssetPostprocessor.cs: 96208057b904410715a8df295ba4f8f4 -> 
  custom:scripting/monoscript/fileName/IsResolved.cs: 67a72533af97b9ab7830798057ab806c -> f54a3e2c5134aa4306f9ad150b1911a9
  custom:scripting/monoscript/fileName/LocalStatusCache.cs: a558fcf5f34357bab4cfc7b75e2bb356 -> 30974ea30517fbfd1b93153f6c849a76
  custom:scripting/monoscript/fileName/RepositoryExplorerDialog.cs: 143e7416b576681e1f2ea71288e530e6 -> eea34924da79ad7254f3e141a891c78d
  custom:scripting/monoscript/fileName/WorkspaceWindow.cs: ff52e13cd29dacd66db0169e14f71a23 -> b042f06133312d3bfed176231d97d77c
  custom:scripting/monoscript/fileName/BranchesTab_Operations.cs: 764cb17e9337c58ad4f5304b60b2042e -> 57c33f76c527a5aba4d269245ffff188
  custom:scripting/monoscript/fileName/DiffAndMergeOptionsFoldout.cs: 080cbf9242c0571bafa2e45ef8932448 -> 2810bae564e92b04bc7ebe4e47a2880b
  custom:scripting/monoscript/fileName/PlasticShutdown.cs: a8df8eeeed98372d06e446171a192a6d -> 
  custom:scripting/monoscript/fileName/FilesFilterPatternsMenuBuilder.cs: 28072cd275c96994687e6d4d0d6e1dff -> cf716a8d336c8113475a9ca67a799ec1
  custom:scripting/monoscript/fileName/HistoryListViewItem.cs: 2d3b1fc954b6bdbae298ec250ade0663 -> 96f2b67ec620b83e35d13f11877e1ac1
  custom:scripting/monoscript/fileName/RemoteStatusCache.cs: 00463e6b90cfe7da080d7c266f783980 -> 402d5663f3675e9324c129274b0c00f2
  custom:scripting/monoscript/fileName/EditorWindowFocus.cs: 1012e4e2e29e9b29bdcc03d8b92762a8 -> f258b0cf85078a7435d001e522d5e8e3
  custom:scripting/monoscript/fileName/EnumExtensions.cs: 24df84756ec75feecd53a80a0991ea16 -> 872fcb89b813d64606e680211dede528
  custom:scripting/monoscript/fileName/NewIncomingChanges.cs: fc48261878ef7e4b956e7172f5803aee -> 
  custom:scripting/monoscript/fileName/IsExeVersion.cs: 093723a3ef9cbad630dfdc60c764eff0 -> 9ef63354090e3419637bfe79e3489687
  custom:video-encoder-webm-vp8: eb34c28f22e8b96e1ab97ce403110664 -> 
  custom:scripting/monoscript/fileName/UnityIncomingChangesTree.cs: f774bb8bf0bd45a254894c795843c695 -> 42967773c43d3de5d23be4ddc6dfd9c4
  custom:scripting/monoscript/fileName/UnityDiffTree.cs: 447fc3a8922f56330f4bae8c9dc9a8be -> 1029ffd567bc0e646e6b119719dcb2ff
  custom:scripting/monoscript/fileName/TreeHeaderSettings.cs: 114eb9e27124403e8e111494b8eaf987 -> 662b1714c0fce36da72bbfe60201987a
  custom:scripting/monoscript/fileName/UnityConstants.cs: 323df5e3c80d05e06517581c776fde34 -> e3d3c3e11a194da9e5bbbfb97087a7bd
  custom:scripting/monoscript/fileName/IsExeAvailable.cs: 3e4283303610c884e542b8f6d3e922d4 -> 4a3dbc5ded94087064afd97407f26631
  custom:scripting/monoscript/fileName/LoadedTwiceMenu.cs: 961f9b82936caa7937046ac23d323c2c -> b54aa2e14eb740621bb6f926af7cb8ef
  custom:scripting/monoscript/fileName/AutoLogin.cs: e67ed70aada38469aeb667115929c368 -> b4cb98371fc38cca00d7123b7e649e12
  custom:scripting/monoscript/fileName/DrawMergeOverview.cs: 1db93bf179b38015949e3a3cb6ef1bd3 -> 49e0e525c3c170f79c20dc6779b7ead8
  custom:audio-decoder-ogg-vorbis: bf7c407c2cedff20999df2af8eb42d56 -> 
  custom:scripting/monoscript/fileName/UpdateReportLineListViewItem.cs: a101f0ba5292fc139445870b3f4af838 -> 9f63395e1ea590dbbab4d59cd0032ac4
  custom:scripting/monoscript/fileName/DrawSplitter.cs: ec7e8739eacabcca3e2946d9833eea0f -> d2f114a8e8e4167f7762d835a83b2f55
  custom:scripting/monoscript/fileName/LaunchDependenciesDialog.cs: e1c527862a66e73f0417ae177d7fdfb5 -> 2cabf22eb95430074b6c730a84e03493
  custom:scripting/monoscript/fileName/CredentialsResponse.cs: 96b135ae1c4ea541dc762170ea524fa9 -> 3dd2507693e56dac75ee7783f598cbb9
  custom:scripting/monoscript/fileName/LaunchDiffOperations.cs: aeae601320588a70eea7590a2f7e0f69 -> 871a0804a9fe2d9f2ad088303a89a63e
  custom:scripting/monoscript/fileName/PlasticSplitterGUILayout.cs: 4cfaefa1a850aceff54713912c4a2bda -> 111849f67dfbfea65ad2a9298ad1654d
  custom:scripting/monoscript/fileName/CheckinDialogOperations.cs: 0b2a2cd4c41cf1865a29cf91b2a96a48 -> d032d69e8060311c06b88286e8f22ddd
  custom:scripting/monoscript/fileName/PendingChangesViewMenu.cs: 68fab310addfd7068cfd7920070496ff -> 9b0019b6df6bb14eb3a2dbafa53fb54b
  custom:scripting/monoscript/fileName/AssetsSelection.cs: 35cec24e81f0cb1de51daeb356abc4ff -> 0227d7ff4d5687932d10967a945a9b06
  custom:scripting/monoscript/fileName/EnumPopupSetting.cs: 8f6297df34271fdb1ce2d9607ec6261d -> 90647cc400823b41df847a6cbfc29026
  custom:scripting/monoscript/fileName/PlasticConnectionMonitor.cs: 920e8e381bfc94da8bb69d336dda57ca -> 
  custom:scripting/monoscript/fileName/HistoryListHeaderState.cs: 6226ef13a567fa81584864f8698be331 -> a87e0364d14866c369ad50d669bdfa85
  custom:scripting/monoscript/fileName/EnableSwitchAndShelveFeatureDialog.cs: 2cb9334d072aaff777efab2d72a2583e -> 03bdf2f298649e7c429ac90c7a3c461a
  custom:scripting/monoscript/fileName/CloudEditionWelcomeWindow.cs: c886fdb39f4b8787e6ea3701a8f88f4a -> b1721e471183956468462f6b64901640
  custom:scripting/monoscript/fileName/AssetsPath.cs: 367269acf8f676d2cdd30fdc387b3920 -> e0e986124adc46d913f0683c34b88c9f
  custom:scripting/monoscript/fileName/MetaPath.cs: 1f80313a7ce6ec6ece505285578f5745 -> 417a84eb354831f828a6752b26c8592d
  custom:scripting/monoscript/fileName/CredentialsUIImpl.cs: 90e9c2de8d7bdd8424e0d89c415108ae -> dbacf67c37819fd95562fe169e706732
  custom:scripting/monoscript/fileName/ChangesetsViewMenu.cs: b720f0168f4ce1b1e0d358a6d5ec9a42 -> 7d1a2de81910b5990e71a0bfff26fdca
  custom:scripting/monoscript/fileName/UnityPlasticGuiMessage.cs: 2a7f71f59c0d7dc731fd345a3713957c -> 24eef0792e3802809607a7f9d04b8f1d
  custom:scripting/monoscript/fileName/OrganizationCredentials.cs: ee462057b3bd23cc3dab953ac4d656e2 -> 0b123406cadd651e9adc01c85fab5124
  custom:scripting/monoscript/fileName/StatusBar.cs: 2c8c488a8bbfe924f6b53b202ff6aadd -> 
  custom:scripting/monoscript/fileName/IsCurrent.cs: 7343ceec4312304bb8b398eeb6c375fa -> cf1fd01890d0fd9f011c1a1a491e2cf0
  custom:scripting/monoscript/fileName/ChangesetFromCollabCommitResponse.cs: b986ab8b1acd322b0367812e2d541734 -> ba336e4117e1b7ee28e4c17197bc3d0e
  custom:scripting/monoscript/fileName/MoveToChangelistMenuBuilder.cs: 3a2ef8cb0baf69e5dadeafc731fe32a9 -> a90b3e388d3e1316fa104d4c9a03e2d1
  custom:scripting/monoscript/fileName/LoadingSpinner.cs: b3299af90b664a9f42123e7df43fae24 -> 6aff0ac022d117a8e24a7b5e4b11904c
  custom:scripting/monoscript/fileName/LocksTab.cs: 134c512484ae73354c15c06a6dc69f9f -> 00ffb5a39c16fdc2d733c7e53471a3a9
  custom:scripting/monoscript/fileName/BranchesTab.cs: 764cb17e9337c58ad4f5304b60b2042e -> 57c33f76c527a5aba4d269245ffff188
  custom:scripting/monoscript/fileName/ToolConfig.cs: 18b1ea271ce5e7b6deea7b4e8e175269 -> fcffc3165b047f54ed6ccafa4c8760dd
  custom:scripting/monoscript/fileName/DropDownTextField.cs: e66e7314096900597993d2b353757d8d -> c8fc484ce140049ff31ebc2c6cbebf28
  custom:scripting/monoscript/fileName/AssetsProcessor.cs: 47679a6e15b70f4fef48eb1b2df31b19 -> 18737889e95cd4088e8dfd4153fa8f40
  custom:scripting/monoscript/fileName/DrawActionButton.cs: d847a7d82ac92cab2b3d0ae268cefb3d -> 81e6708d2b8fa199354e53f85db731a8
  custom:scripting/monoscript/fileName/TableViewOperations.cs: ddc7b903e0dbd6bd109f2bd709b95f0e -> bef3a31deb1fe794a90f767d16e4c868
  custom:scripting/monoscript/fileName/UpdateProgress.cs: 5b04f01bf199310f09ab9522f89c78f4 -> 281e1e05168d6a30be1d8d2f6200bef8
  custom:scripting/monoscript/fileName/OrganizationsInformation.cs: b3f0758c6655b2dad1161792812992fa -> 5f067ea8d90fc79055a3dcfd58ae6dca
  custom:scripting/monoscript/fileName/ChangeDeleteMenu.cs: 652dcd6f863c509bfa0376b6d95ab1ec -> 4fefe66d6e279ce0ac2fdc57d409f232
  custom:scripting/monoscript/fileName/SubscriptionDetailsResponse.cs: e10e0299ef716630c63b8cf5f792cda0 -> e5121cec860a6d1097cc809217b3d8fe
  custom:scripting/monoscript/fileName/DrawProgressForDialogs.cs: 5f8d39e3ea7c4a42148c6b1a7b4ca061 -> a5f2abd8875e7a6afbc171fabfbae81f
  custom:scripting/monoscript/fileName/ToolbarButton.cs: 47dc767626bbd94d66707af31ddc5eb6 -> 
  custom:scripting/monoscript/fileName/ProjectViewAssetSelection.cs: 349dc288d32791de51156d4e59000b7b -> 2560eadaf6a13a74a46a4a207cd5a8b6
  custom:scripting/monoscript/fileName/DrawTreeViewItem.cs: cceebc4f1185658619e40964f29acb08 -> 0921a62a588ab864253743d1f07afb5a
  custom:scripting/monoscript/fileName/DrawSceneOperations.cs: 2426c0c2ee58cd28be59874f6425940c -> d87f46f9fb97181a2f51490ea2e1efc3
  custom:audio-encoder-webm-vorbis: bf7c407c2cedff20999df2af8eb42d56 -> 
  custom:scripting/monoscript/fileName/DrawActionHelpBox.cs: dcd6ec2e7fb1b44f22c4a79ff87b70cd -> c8f6be9dab1e6f8d71e0c63c29679186
  custom:scripting/monoscript/fileName/PendingChangesMultiColumnHeader.cs: 21802cc6929e0e180fb4f0be8e34d9d0 -> 722de7d6e07a79981d750438e6febb8f
  custom:scripting/monoscript/fileName/EditorDispatcher.cs: c739e073a8c38dbcf59192f45d1004c5 -> 3c402eae57d73cc54863f3f6a13096ae
  custom:scripting/monoscript/fileName/MovedEvilTwinMenu.cs: ce111941dc7264d29598ce7fd2770927 -> d480b839850d28c1c9526cb587fc752d
  custom:scripting/monoscript/fileName/IIncomingChangesTab.cs: d4ceabdc48d8a1872bbe87f04d89a4ff -> 40644cd18074db84684b9e437bf8fa77
  custom:scripting/monoscript/fileName/GetChangesOverlayIcon.cs: f00e4b795697c6cf3092760f3b6fc49d -> d599d6efdee28305661bc0cf6683858a
  custom:scripting/monoscript/fileName/ShelvedChangesNotification.cs: 13b6a2ccd8b4ac1f5ee30c8404cea3b0 -> a27e9e7b242b904f41fc1b16d3a1b3fd
  custom:scripting/monoscript/fileName/EvilTwinMenu.cs: 475a88947051822ca4915306469f9bcc -> 919e4faae0573e49949f6dfbb5a733da
  custom:scripting/monoscript/fileName/ChangesetsListView.cs: caae0aefb36c869f50691482a5cd0944 -> 87b74e0d80cf59010f55e2baaeb6679d
  custom:scripting/monoscript/fileName/UpdateReportListView.cs: 2d8fccdaad50bbd7454b52cf9cb4a0f9 -> 08d26df1ab6c3a7628addc5e54e50b08
  custom:scripting/monoscript/fileName/UnityConfigurationChecker.cs: 59a8f0715a7c89a752351bf42f94abbd -> 874cd65cce0384fef4b60e71fb08a429
  custom:scripting/monoscript/fileName/CheckWorkspaceTreeNodeStatus.cs: 5e11ff64963669981115eb58dc2b6e8b -> 1e1255b803bf7cbc935bb804bf0dbe7b
  custom:scripting/monoscript/fileName/TreeViewSessionState.cs: 8333273b312d475b653610e2871c20a5 -> 9f39a2ca55a7481b8ba078d3a2b6815e
  custom:scripting/monoscript/fileName/ErrorsPanel.cs: 21fc210ee17d5e95782397ef8c7dafab -> 515b7ba9af5e7885ba3068b1d63c6104
  custom:scripting/monoscript/fileName/PlasticPlugin.cs: a57c142b98ca3d4daad221737fd72924 -> c64561980f26020cc3206ae8b1047268
  custom:scripting/monoscript/fileName/SwitchModeConfirmationDialog.cs: 4d9c02587760213784bfe53d012122b4 -> 30cd71d0b3ee4b2689cde689908d301e
  custom:scripting/monoscript/fileName/PlasticWindow.cs: fc467478941f610919bc69526ba2c215 -> 
  custom:scripting/monoscript/fileName/PlasticExeLauncher.cs: caa0b5dda5df50c85bb19d27252d16b9 -> f1da27253760250030952f02cb54965a
  custom:scripting/monoscript/fileName/BranchesViewMenu.cs: 8089f11c30784e2e57775dd6cdbae898 -> 7bfc83e917c9b0b5aa423bb947ce2a38
  custom:scripting/monoscript/fileName/CooldownWindowDelayer.cs: 7816cfcad485500dbac9993c4502ea69 -> 4c95e39c8dd4cfa1bca106097fdb6524
  custom:scripting/monoscript/fileName/GetInstallerTmpFileName.cs: fa7bda723ac795b48e38504727f44981 -> d09e0b5c7a9af5874530e17ef23025f0
  custom:scripting/monoscript/fileName/AssetModificationProcessor.cs: a602c9e59e7db185e3a0d68d986e6fef -> 
  custom:scripting/monoscript/fileName/IsCollabProjectMigratedResponse.cs: 4c3294c6a51e6f42161d191230692016 -> af2b76c693935deee55cfcaed2aa7568
========================================================================
Received Import Request.
  Time since last request: 1919371.967176 seconds.
  path: Packages/com.unity.ext.nunit
  artifactKey: Guid(25a477c2f24db8778a4179421a32cc21) Importer(815301076,1909f56bfc062723c751e8b465ee728b)
Start importing Packages/com.unity.ext.nunit using Guid(25a477c2f24db8778a4179421a32cc21) Importer(815301076,1909f56bfc062723c751e8b465ee728b) [PhysX] Initialized MultithreadedTaskDispatcher with 8 workers.
 -> (artifact id: 'e50c5940fe5eea61f56d8e2ad0491bdc') in 0.004810 seconds
Number of updated asset objects reloaded before import = 0
Number of asset objects unloaded after import = 0
========================================================================
Received Import Request.
  Time since last request: 170.387174 seconds.
  path: Assets/Scenes
  artifactKey: Guid(7476ea8cc01ba5e4195e39fa78d5801d) Importer(815301076,1909f56bfc062723c751e8b465ee728b)
Start importing Assets/Scenes using Guid(7476ea8cc01ba5e4195e39fa78d5801d) Importer(815301076,1909f56bfc062723c751e8b465ee728b) [PhysX] Initialized MultithreadedTaskDispatcher with 8 workers.
 -> (artifact id: '3bda25b3a4718d1d8f5ccd3256b25e41') in 0.000880 seconds
Number of updated asset objects reloaded before import = 0
Number of asset objects unloaded after import = 0
========================================================================
Received Import Request.
  Time since last request: 2.721055 seconds.
  path: Assets/Palmov Island
  artifactKey: Guid(050e5d97bf54a6b4fbd64b465c4ea06d) Importer(815301076,1909f56bfc062723c751e8b465ee728b)
Start importing Assets/Palmov Island using Guid(050e5d97bf54a6b4fbd64b465c4ea06d) Importer(815301076,1909f56bfc062723c751e8b465ee728b) [PhysX] Initialized MultithreadedTaskDispatcher with 8 workers.
 -> (artifact id: 'a5b1925bad6927a40c53bbfae8425932') in 0.001386 seconds
Number of updated asset objects reloaded before import = 0
Number of asset objects unloaded after import = 0
========================================================================
Received Import Request.
  Time since last request: 6.898450 seconds.
  path: Assets/Palmov Island/Low Poly Atmospheric Locations Pack
  artifactKey: Guid(adbd9161ede7e994fa384a2e70f0b844) Importer(815301076,1909f56bfc062723c751e8b465ee728b)
Start importing Assets/Palmov Island/Low Poly Atmospheric Locations Pack using Guid(adbd9161ede7e994fa384a2e70f0b844) Importer(815301076,1909f56bfc062723c751e8b465ee728b) [PhysX] Initialized MultithreadedTaskDispatcher with 8 workers.
 -> (artifact id: '6690b0c1fba7f8a628167454a7bc88fd') in 0.000715 seconds
Number of updated asset objects reloaded before import = 0
Number of asset objects unloaded after import = 0
========================================================================
Received Import Request.
  Time since last request: 1.991268 seconds.
  path: Assets/Palmov Island/Low Poly Atmospheric Locations Pack/Materials
  artifactKey: Guid(34c7f8076e3b50d4895f35b86dcc7979) Importer(815301076,1909f56bfc062723c751e8b465ee728b)
Start importing Assets/Palmov Island/Low Poly Atmospheric Locations Pack/Materials using Guid(34c7f8076e3b50d4895f35b86dcc7979) Importer(815301076,1909f56bfc062723c751e8b465ee728b) [PhysX] Initialized MultithreadedTaskDispatcher with 8 workers.
 -> (artifact id: 'b478561eaac16b6b5c67beccbe570f9c') in 0.000598 seconds
Number of updated asset objects reloaded before import = 0
Number of asset objects unloaded after import = 0
========================================================================
Received Import Request.
  Time since last request: 1.484115 seconds.
  path: Assets/Palmov Island/Low Poly Atmospheric Locations Pack/Models
  artifactKey: Guid(0e4b5e08176f51a4d8979f735eddbd9b) Importer(815301076,1909f56bfc062723c751e8b465ee728b)
Start importing Assets/Palmov Island/Low Poly Atmospheric Locations Pack/Models using Guid(0e4b5e08176f51a4d8979f735eddbd9b) Importer(815301076,1909f56bfc062723c751e8b465ee728b) [PhysX] Initialized MultithreadedTaskDispatcher with 8 workers.
 -> (artifact id: '86137112b23796ecc23c28431a4842bb') in 0.000744 seconds
Number of updated asset objects reloaded before import = 0
Number of asset objects unloaded after import = 0
========================================================================
Received Import Request.
  Time since last request: 12.754406 seconds.
  path: Assets/Palmov Island/Low Poly Atmospheric Locations Pack/Models/Lands
  artifactKey: Guid(261eaad5dbc46ea4eba76c98d2c39b3c) Importer(815301076,1909f56bfc062723c751e8b465ee728b)
Start importing Assets/Palmov Island/Low Poly Atmospheric Locations Pack/Models/Lands using Guid(261eaad5dbc46ea4eba76c98d2c39b3c) Importer(815301076,1909f56bfc062723c751e8b465ee728b) [PhysX] Initialized MultithreadedTaskDispatcher with 8 workers.
 -> (artifact id: '0861bd1955b61a068b7ff288f049184f') in 0.000583 seconds
Number of updated asset objects reloaded before import = 0
Number of asset objects unloaded after import = 0
========================================================================
Received Import Request.
  Time since last request: 0.058008 seconds.
  path: Assets/Palmov Island/Low Poly Atmospheric Locations Pack/Models/Lands/land autumn atmosphere forest.fbx
  artifactKey: Guid(eddaed4dbae34ad409c9e0dc08a32569) Importer(815301076,1909f56bfc062723c751e8b465ee728b)
Start importing Assets/Palmov Island/Low Poly Atmospheric Locations Pack/Models/Lands/land autumn atmosphere forest.fbx using Guid(eddaed4dbae34ad409c9e0dc08a32569) Importer(815301076,1909f56bfc062723c751e8b465ee728b) [PhysX] Initialized MultithreadedTaskDispatcher with 8 workers.
[PhysX] Initialized MultithreadedTaskDispatcher with 8 workers.
[PhysX] Initialized MultithreadedTaskDispatcher with 8 workers.
 -> (artifact id: '44c636ad41b9c3b48442d877096441fa') in 0.379345 seconds
Number of updated asset objects reloaded before import = 0
Number of asset objects unloaded after import = 9
========================================================================
Received Import Request.
  Time since last request: 0.000032 seconds.
  path: Assets/Palmov Island/Low Poly Atmospheric Locations Pack/Models/Lands/land desert pyramids.fbx
  artifactKey: Guid(700bbdcc74999b7429393c9c889f23f3) Importer(815301076,1909f56bfc062723c751e8b465ee728b)
Start importing Assets/Palmov Island/Low Poly Atmospheric Locations Pack/Models/Lands/land desert pyramids.fbx using Guid(700bbdcc74999b7429393c9c889f23f3) Importer(815301076,1909f56bfc062723c751e8b465ee728b) [PhysX] Initialized MultithreadedTaskDispatcher with 8 workers.
[PhysX] Initialized MultithreadedTaskDispatcher with 8 workers.
[PhysX] Initialized MultithreadedTaskDispatcher with 8 workers.
 -> (artifact id: '3cb340dacbdc681e66ded611c1fe99be') in 0.028619 seconds
Number of updated asset objects reloaded before import = 0
Number of asset objects unloaded after import = 9
========================================================================
Received Import Request.
  Time since last request: 0.000041 seconds.
  path: Assets/Palmov Island/Low Poly Atmospheric Locations Pack/Models/Lands/land wild west railway station.fbx
  artifactKey: Guid(e2a598321feae8849b15ea8f560c801b) Importer(815301076,1909f56bfc062723c751e8b465ee728b)
Start importing Assets/Palmov Island/Low Poly Atmospheric Locations Pack/Models/Lands/land wild west railway station.fbx using Guid(e2a598321feae8849b15ea8f560c801b) Importer(815301076,1909f56bfc062723c751e8b465ee728b) [PhysX] Initialized MultithreadedTaskDispatcher with 8 workers.
[PhysX] Initialized MultithreadedTaskDispatcher with 8 workers.
[PhysX] Initialized MultithreadedTaskDispatcher with 8 workers.
 -> (artifact id: '38e85a53193499148a4c55e427398311') in 0.027202 seconds
Number of updated asset objects reloaded before import = 0
Number of asset objects unloaded after import = 9
========================================================================
Received Import Request.
  Time since last request: 0.000038 seconds.
  path: Assets/Palmov Island/Low Poly Atmospheric Locations Pack/Models/Lands/land space shuttle launch.fbx
  artifactKey: Guid(e8793cc1f6a670a428adfce864516ff2) Importer(815301076,1909f56bfc062723c751e8b465ee728b)
Start importing Assets/Palmov Island/Low Poly Atmospheric Locations Pack/Models/Lands/land space shuttle launch.fbx using Guid(e8793cc1f6a670a428adfce864516ff2) Importer(815301076,1909f56bfc062723c751e8b465ee728b) [PhysX] Initialized MultithreadedTaskDispatcher with 8 workers.
[PhysX] Initialized MultithreadedTaskDispatcher with 8 workers.
[PhysX] Initialized MultithreadedTaskDispatcher with 8 workers.
 -> (artifact id: '34ed802ab9457e040af3eca1c3b7997a') in 0.029228 seconds
Number of updated asset objects reloaded before import = 0
Number of asset objects unloaded after import = 9
========================================================================
Received Import Request.
  Time since last request: 46.521248 seconds.
  path: Assets/Palmov Island/Low Poly Atmospheric Locations Pack/Models/Islands/japanes island.fbx
  artifactKey: Guid(22d3132618e921b4ebe07f59ea86326e) Importer(815301076,1909f56bfc062723c751e8b465ee728b)
Start importing Assets/Palmov Island/Low Poly Atmospheric Locations Pack/Models/Islands/japanes island.fbx using Guid(22d3132618e921b4ebe07f59ea86326e) Importer(815301076,1909f56bfc062723c751e8b465ee728b) [PhysX] Initialized MultithreadedTaskDispatcher with 8 workers.
[PhysX] Initialized MultithreadedTaskDispatcher with 8 workers.
[PhysX] Initialized MultithreadedTaskDispatcher with 8 workers.
 -> (artifact id: 'f21a78ab0ff7c5fe5abcd92bbf6c2b54') in 0.038215 seconds
Number of updated asset objects reloaded before import = 0
Number of asset objects unloaded after import = 9
========================================================================
Received Import Request.
  Time since last request: 0.244211 seconds.
  path: Assets/Palmov Island/Low Poly Atmospheric Locations Pack/Models/Houses/japanes temple.fbx
  artifactKey: Guid(724f7b980cbe9f94e81c634e5ae02a4a) Importer(815301076,1909f56bfc062723c751e8b465ee728b)
Start importing Assets/Palmov Island/Low Poly Atmospheric Locations Pack/Models/Houses/japanes temple.fbx using Guid(724f7b980cbe9f94e81c634e5ae02a4a) Importer(815301076,1909f56bfc062723c751e8b465ee728b) [PhysX] Initialized MultithreadedTaskDispatcher with 8 workers.
[PhysX] Initialized MultithreadedTaskDispatcher with 8 workers.
[PhysX] Initialized MultithreadedTaskDispatcher with 8 workers.
 -> (artifact id: '04c80332b6eb447f5d5d645d3eefc0db') in 0.042135 seconds
Number of updated asset objects reloaded before import = 0
Number of asset objects unloaded after import = 9
========================================================================
Received Import Request.
  Time since last request: 4.136883 seconds.
  path: Assets/Palmov Island/Low Poly Atmospheric Locations Pack/Models/Houses/Buildings
  artifactKey: Guid(bab5dfef0dbfd7647819ccd101f5e873) Importer(815301076,1909f56bfc062723c751e8b465ee728b)
Start importing Assets/Palmov Island/Low Poly Atmospheric Locations Pack/Models/Houses/Buildings using Guid(bab5dfef0dbfd7647819ccd101f5e873) Importer(815301076,1909f56bfc062723c751e8b465ee728b) [PhysX] Initialized MultithreadedTaskDispatcher with 8 workers.
 -> (artifact id: '76da94bd9e80e914ccdc50aa38a0bea2') in 0.000945 seconds
Number of updated asset objects reloaded before import = 0
Number of asset objects unloaded after import = 0
========================================================================
Received Import Request.
  Time since last request: 0.042191 seconds.
  path: Assets/Palmov Island/Low Poly Atmospheric Locations Pack/Models/Houses/Buildings/building.fbx
  artifactKey: Guid(1c20beaf1abfad5419158523c9a4cda1) Importer(815301076,1909f56bfc062723c751e8b465ee728b)
Start importing Assets/Palmov Island/Low Poly Atmospheric Locations Pack/Models/Houses/Buildings/building.fbx using Guid(1c20beaf1abfad5419158523c9a4cda1) Importer(815301076,1909f56bfc062723c751e8b465ee728b) [PhysX] Initialized MultithreadedTaskDispatcher with 8 workers.
[PhysX] Initialized MultithreadedTaskDispatcher with 8 workers.
[PhysX] Initialized MultithreadedTaskDispatcher with 8 workers.
 -> (artifact id: 'ca04f6fa8b8fc7f7b1ed64f3269177e1') in 0.032067 seconds
Number of updated asset objects reloaded before import = 0
Number of asset objects unloaded after import = 9
========================================================================
Received Import Request.
  Time since last request: 0.000025 seconds.
  path: Assets/Palmov Island/Low Poly Atmospheric Locations Pack/Models/Houses/Buildings/building 3.fbx
  artifactKey: Guid(65d9a70813b93164693be35c893ea3f6) Importer(815301076,1909f56bfc062723c751e8b465ee728b)
Start importing Assets/Palmov Island/Low Poly Atmospheric Locations Pack/Models/Houses/Buildings/building 3.fbx using Guid(65d9a70813b93164693be35c893ea3f6) Importer(815301076,1909f56bfc062723c751e8b465ee728b) [PhysX] Initialized MultithreadedTaskDispatcher with 8 workers.
[PhysX] Initialized MultithreadedTaskDispatcher with 8 workers.
[PhysX] Initialized MultithreadedTaskDispatcher with 8 workers.
 -> (artifact id: 'aafa3fe7d832bf8ddb9c921c905190e5') in 0.031012 seconds
Number of updated asset objects reloaded before import = 0
Number of asset objects unloaded after import = 9
========================================================================
Received Import Request.
  Time since last request: 7.291406 seconds.
  path: Assets/Palmov Island/Low Poly Atmospheric Locations Pack/Models/Mountains/skull mountain.fbx
  artifactKey: Guid(a56ddc5053c4e06408b429e37772e662) Importer(815301076,1909f56bfc062723c751e8b465ee728b)
Start importing Assets/Palmov Island/Low Poly Atmospheric Locations Pack/Models/Mountains/skull mountain.fbx using Guid(a56ddc5053c4e06408b429e37772e662) Importer(815301076,1909f56bfc062723c751e8b465ee728b) [PhysX] Initialized MultithreadedTaskDispatcher with 8 workers.
[PhysX] Initialized MultithreadedTaskDispatcher with 8 workers.
[PhysX] Initialized MultithreadedTaskDispatcher with 8 workers.
 -> (artifact id: '432e5e21832de3a15e44be647cc2909c') in 0.031285 seconds
Number of updated asset objects reloaded before import = 0
Number of asset objects unloaded after import = 9
========================================================================
Received Import Request.
  Time since last request: 7.914608 seconds.
  path: Assets/Palmov Island/Low Poly Atmospheric Locations Pack/Models/Environment/chest.fbx
  artifactKey: Guid(103b52543f5e3e340bc7a99e699ae6c3) Importer(815301076,1909f56bfc062723c751e8b465ee728b)
Start importing Assets/Palmov Island/Low Poly Atmospheric Locations Pack/Models/Environment/chest.fbx using Guid(103b52543f5e3e340bc7a99e699ae6c3) Importer(815301076,1909f56bfc062723c751e8b465ee728b) [PhysX] Initialized MultithreadedTaskDispatcher with 8 workers.
[PhysX] Initialized MultithreadedTaskDispatcher with 8 workers.
[PhysX] Initialized MultithreadedTaskDispatcher with 8 workers.
 -> (artifact id: 'ee4a1b251dc453398e872bf4ec2f6a50') in 0.031345 seconds
Number of updated asset objects reloaded before import = 0
Number of asset objects unloaded after import = 9
========================================================================
Received Import Request.
  Time since last request: 0.000023 seconds.
  path: Assets/Palmov Island/Low Poly Atmospheric Locations Pack/Models/Environment/sphinx.fbx
  artifactKey: Guid(ae1959ee55741754e9daf7cdc03e84cf) Importer(815301076,1909f56bfc062723c751e8b465ee728b)
Start importing Assets/Palmov Island/Low Poly Atmospheric Locations Pack/Models/Environment/sphinx.fbx using Guid(ae1959ee55741754e9daf7cdc03e84cf) Importer(815301076,1909f56bfc062723c751e8b465ee728b) [PhysX] Initialized MultithreadedTaskDispatcher with 8 workers.
[PhysX] Initialized MultithreadedTaskDispatcher with 8 workers.
[PhysX] Initialized MultithreadedTaskDispatcher with 8 workers.
 -> (artifact id: '005bb78f8182a29798998899754f59a8') in 0.038595 seconds
Number of updated asset objects reloaded before import = 0
Number of asset objects unloaded after import = 9
========================================================================
Received Import Request.
  Time since last request: 0.000023 seconds.
  path: Assets/Palmov Island/Low Poly Atmospheric Locations Pack/Models/Environment/solid rocket booster.fbx
  artifactKey: Guid(63d729359e1878a4da5b9e990b8567db) Importer(815301076,1909f56bfc062723c751e8b465ee728b)
Start importing Assets/Palmov Island/Low Poly Atmospheric Locations Pack/Models/Environment/solid rocket booster.fbx using Guid(63d729359e1878a4da5b9e990b8567db) Importer(815301076,1909f56bfc062723c751e8b465ee728b) [PhysX] Initialized MultithreadedTaskDispatcher with 8 workers.
[PhysX] Initialized MultithreadedTaskDispatcher with 8 workers.
[PhysX] Initialized MultithreadedTaskDispatcher with 8 workers.
 -> (artifact id: '9a4f6de74cf13bfdc316b1acb20522a8') in 0.039494 seconds
Number of updated asset objects reloaded before import = 0
Number of asset objects unloaded after import = 9
========================================================================
Received Import Request.
  Time since last request: 0.000055 seconds.
  path: Assets/Palmov Island/Low Poly Atmospheric Locations Pack/Models/Environment/trash can.fbx
  artifactKey: Guid(99c60ff72e512074e8626f8bc7354be4) Importer(815301076,1909f56bfc062723c751e8b465ee728b)
Start importing Assets/Palmov Island/Low Poly Atmospheric Locations Pack/Models/Environment/trash can.fbx using Guid(99c60ff72e512074e8626f8bc7354be4) Importer(815301076,1909f56bfc062723c751e8b465ee728b) [PhysX] Initialized MultithreadedTaskDispatcher with 8 workers.
[PhysX] Initialized MultithreadedTaskDispatcher with 8 workers.
[PhysX] Initialized MultithreadedTaskDispatcher with 8 workers.
 -> (artifact id: 'ff201f7336a17d26d2028c8901e7c9e8') in 0.040088 seconds
Number of updated asset objects reloaded before import = 0
Number of asset objects unloaded after import = 9
========================================================================
Received Import Request.
  Time since last request: 0.000028 seconds.
  path: Assets/Palmov Island/Low Poly Atmospheric Locations Pack/Models/Environment/railway.fbx
  artifactKey: Guid(e315db6e10bcb794b8217d3b6ddc3839) Importer(815301076,1909f56bfc062723c751e8b465ee728b)
Start importing Assets/Palmov Island/Low Poly Atmospheric Locations Pack/Models/Environment/railway.fbx using Guid(e315db6e10bcb794b8217d3b6ddc3839) Importer(815301076,1909f56bfc062723c751e8b465ee728b) [PhysX] Initialized MultithreadedTaskDispatcher with 8 workers.
[PhysX] Initialized MultithreadedTaskDispatcher with 8 workers.
[PhysX] Initialized MultithreadedTaskDispatcher with 8 workers.
 -> (artifact id: '556df5b4491e7ff8a377459a374b74f3') in 0.040518 seconds
Number of updated asset objects reloaded before import = 0
Number of asset objects unloaded after import = 9
========================================================================
Received Import Request.
  Time since last request: 0.000037 seconds.
  path: Assets/Palmov Island/Low Poly Atmospheric Locations Pack/Models/Environment/torii gate.fbx
  artifactKey: Guid(e45a6750d0a76c047845ea6d6563efa1) Importer(815301076,1909f56bfc062723c751e8b465ee728b)
Start importing Assets/Palmov Island/Low Poly Atmospheric Locations Pack/Models/Environment/torii gate.fbx using Guid(e45a6750d0a76c047845ea6d6563efa1) Importer(815301076,1909f56bfc062723c751e8b465ee728b) [PhysX] Initialized MultithreadedTaskDispatcher with 8 workers.
[PhysX] Initialized MultithreadedTaskDispatcher with 8 workers.
[PhysX] Initialized MultithreadedTaskDispatcher with 8 workers.
 -> (artifact id: '6220193c84317fc80c4be18e965ef910') in 0.037255 seconds
Number of updated asset objects reloaded before import = 0
Number of asset objects unloaded after import = 9
========================================================================
Received Import Request.
  Time since last request: 0.000140 seconds.
  path: Assets/Palmov Island/Low Poly Atmospheric Locations Pack/Models/Environment/information post.fbx
  artifactKey: Guid(d5baf677534b54443bc16c6ac329520d) Importer(815301076,1909f56bfc062723c751e8b465ee728b)
Start importing Assets/Palmov Island/Low Poly Atmospheric Locations Pack/Models/Environment/information post.fbx using Guid(d5baf677534b54443bc16c6ac329520d) Importer(815301076,1909f56bfc062723c751e8b465ee728b) [PhysX] Initialized MultithreadedTaskDispatcher with 8 workers.
[PhysX] Initialized MultithreadedTaskDispatcher with 8 workers.
[PhysX] Initialized MultithreadedTaskDispatcher with 8 workers.
 -> (artifact id: '2a92976facb99e522f271e0417b0d6e1') in 0.025231 seconds
Number of updated asset objects reloaded before import = 0
Number of asset objects unloaded after import = 9
========================================================================
Received Import Request.
  Time since last request: 0.000022 seconds.
  path: Assets/Palmov Island/Low Poly Atmospheric Locations Pack/Models/Environment/wooden bridge.fbx
  artifactKey: Guid(1087f472c31ea1942a51e882ead935c5) Importer(815301076,1909f56bfc062723c751e8b465ee728b)
Start importing Assets/Palmov Island/Low Poly Atmospheric Locations Pack/Models/Environment/wooden bridge.fbx using Guid(1087f472c31ea1942a51e882ead935c5) Importer(815301076,1909f56bfc062723c751e8b465ee728b) [PhysX] Initialized MultithreadedTaskDispatcher with 8 workers.
[PhysX] Initialized MultithreadedTaskDispatcher with 8 workers.
[PhysX] Initialized MultithreadedTaskDispatcher with 8 workers.
 -> (artifact id: '5e01f1d336f4563ee8aa12ac1f4bf392') in 0.026758 seconds
Number of updated asset objects reloaded before import = 0
Number of asset objects unloaded after import = 9
========================================================================
Received Import Request.
  Time since last request: 0.000034 seconds.
  path: Assets/Palmov Island/Low Poly Atmospheric Locations Pack/Models/Environment/water tank.fbx
  artifactKey: Guid(d33d26884c2d6b1439d3673916f2dbf8) Importer(815301076,1909f56bfc062723c751e8b465ee728b)
Start importing Assets/Palmov Island/Low Poly Atmospheric Locations Pack/Models/Environment/water tank.fbx using Guid(d33d26884c2d6b1439d3673916f2dbf8) Importer(815301076,1909f56bfc062723c751e8b465ee728b) [PhysX] Initialized MultithreadedTaskDispatcher with 8 workers.
[PhysX] Initialized MultithreadedTaskDispatcher with 8 workers.
[PhysX] Initialized MultithreadedTaskDispatcher with 8 workers.
 -> (artifact id: 'f2e012ad1b1c7a7ba2c3847b6c2b5bbe') in 0.025618 seconds
Number of updated asset objects reloaded before import = 0
Number of asset objects unloaded after import = 9
========================================================================
Received Import Request.
  Time since last request: 0.000025 seconds.
  path: Assets/Palmov Island/Low Poly Atmospheric Locations Pack/Models/Environment/exhaust fan 2.fbx
  artifactKey: Guid(ba075f4b33d8cfe4aaf2519c08ac3f08) Importer(815301076,1909f56bfc062723c751e8b465ee728b)
Start importing Assets/Palmov Island/Low Poly Atmospheric Locations Pack/Models/Environment/exhaust fan 2.fbx using Guid(ba075f4b33d8cfe4aaf2519c08ac3f08) Importer(815301076,1909f56bfc062723c751e8b465ee728b) [PhysX] Initialized MultithreadedTaskDispatcher with 8 workers.
[PhysX] Initialized MultithreadedTaskDispatcher with 8 workers.
[PhysX] Initialized MultithreadedTaskDispatcher with 8 workers.
 -> (artifact id: '49d91d1e15b07233a30da612cc0b5d82') in 0.026710 seconds
Number of updated asset objects reloaded before import = 0
Number of asset objects unloaded after import = 9
========================================================================
Received Import Request.
  Time since last request: 0.000036 seconds.
  path: Assets/Palmov Island/Low Poly Atmospheric Locations Pack/Models/Environment/smoke.fbx
  artifactKey: Guid(06b8b5c885b628640a728f96c63fbb71) Importer(815301076,1909f56bfc062723c751e8b465ee728b)
Start importing Assets/Palmov Island/Low Poly Atmospheric Locations Pack/Models/Environment/smoke.fbx using Guid(06b8b5c885b628640a728f96c63fbb71) Importer(815301076,1909f56bfc062723c751e8b465ee728b) [PhysX] Initialized MultithreadedTaskDispatcher with 8 workers.
[PhysX] Initialized MultithreadedTaskDispatcher with 8 workers.
[PhysX] Initialized MultithreadedTaskDispatcher with 8 workers.
 -> (artifact id: '935798f47992e8e14aeec089c857938d') in 0.024413 seconds
Number of updated asset objects reloaded before import = 0
Number of asset objects unloaded after import = 9
========================================================================
Received Import Request.
  Time since last request: 5.834489 seconds.
  path: Assets/Palmov Island/Low Poly Atmospheric Locations Pack/Models/Vehicles/boat.fbx
  artifactKey: Guid(014107f31cdb45742926accaf99f944b) Importer(815301076,1909f56bfc062723c751e8b465ee728b)
Start importing Assets/Palmov Island/Low Poly Atmospheric Locations Pack/Models/Vehicles/boat.fbx using Guid(014107f31cdb45742926accaf99f944b) Importer(815301076,1909f56bfc062723c751e8b465ee728b) [PhysX] Initialized MultithreadedTaskDispatcher with 8 workers.
[PhysX] Initialized MultithreadedTaskDispatcher with 8 workers.
[PhysX] Initialized MultithreadedTaskDispatcher with 8 workers.
 -> (artifact id: '12bcb993778bdeb6931126201bbd9919') in 0.033863 seconds
Number of updated asset objects reloaded before import = 0
Number of asset objects unloaded after import = 9
========================================================================
Received Import Request.
  Time since last request: 0.000039 seconds.
  path: Assets/Palmov Island/Low Poly Atmospheric Locations Pack/Models/Vehicles/train.fbx
  artifactKey: Guid(d38abd0f11c6e744c9b6ba5ac409af1b) Importer(815301076,1909f56bfc062723c751e8b465ee728b)
Start importing Assets/Palmov Island/Low Poly Atmospheric Locations Pack/Models/Vehicles/train.fbx using Guid(d38abd0f11c6e744c9b6ba5ac409af1b) Importer(815301076,1909f56bfc062723c751e8b465ee728b) [PhysX] Initialized MultithreadedTaskDispatcher with 8 workers.
[PhysX] Initialized MultithreadedTaskDispatcher with 8 workers.
[PhysX] Initialized MultithreadedTaskDispatcher with 8 workers.
[PhysX] Initialized MultithreadedTaskDispatcher with 8 workers.
[PhysX] Initialized MultithreadedTaskDispatcher with 8 workers.
[PhysX] Initialized MultithreadedTaskDispatcher with 8 workers.
[PhysX] Initialized MultithreadedTaskDispatcher with 8 workers.
[PhysX] Initialized MultithreadedTaskDispatcher with 8 workers.
[PhysX] Initialized MultithreadedTaskDispatcher with 8 workers.
[PhysX] Initialized MultithreadedTaskDispatcher with 8 workers.
[PhysX] Initialized MultithreadedTaskDispatcher with 8 workers.
[PhysX] Initialized MultithreadedTaskDispatcher with 8 workers.
 -> (artifact id: '7849867111db8437725500e44cb65ac4') in 0.110543 seconds
Number of updated asset objects reloaded before import = 0
Number of asset objects unloaded after import = 31
========================================================================
Received Import Request.
  Time since last request: 0.000031 seconds.
  path: Assets/Palmov Island/Low Poly Atmospheric Locations Pack/Models/Vehicles/destroyed ship.fbx
  artifactKey: Guid(48f0aa790e68cac4e9b23a2f12085028) Importer(815301076,1909f56bfc062723c751e8b465ee728b)
Start importing Assets/Palmov Island/Low Poly Atmospheric Locations Pack/Models/Vehicles/destroyed ship.fbx using Guid(48f0aa790e68cac4e9b23a2f12085028) Importer(815301076,1909f56bfc062723c751e8b465ee728b) [PhysX] Initialized MultithreadedTaskDispatcher with 8 workers.
[PhysX] Initialized MultithreadedTaskDispatcher with 8 workers.
[PhysX] Initialized MultithreadedTaskDispatcher with 8 workers.
 -> (artifact id: '0430b2ea6f1dac4b186e4e57de052b55') in 0.041938 seconds
Number of updated asset objects reloaded before import = 0
Number of asset objects unloaded after import = 9
========================================================================
Received Import Request.
  Time since last request: 0.000045 seconds.
  path: Assets/Palmov Island/Low Poly Atmospheric Locations Pack/Models/Vehicles/cart.fbx
  artifactKey: Guid(739f6516d664a0a4480047841cdba1f4) Importer(815301076,1909f56bfc062723c751e8b465ee728b)
Start importing Assets/Palmov Island/Low Poly Atmospheric Locations Pack/Models/Vehicles/cart.fbx using Guid(739f6516d664a0a4480047841cdba1f4) Importer(815301076,1909f56bfc062723c751e8b465ee728b) [PhysX] Initialized MultithreadedTaskDispatcher with 8 workers.
[PhysX] Initialized MultithreadedTaskDispatcher with 8 workers.
[PhysX] Initialized MultithreadedTaskDispatcher with 8 workers.
[PhysX] Initialized MultithreadedTaskDispatcher with 8 workers.
[PhysX] Initialized MultithreadedTaskDispatcher with 8 workers.
[PhysX] Initialized MultithreadedTaskDispatcher with 8 workers.
[PhysX] Initialized MultithreadedTaskDispatcher with 8 workers.
[PhysX] Initialized MultithreadedTaskDispatcher with 8 workers.
[PhysX] Initialized MultithreadedTaskDispatcher with 8 workers.
[PhysX] Initialized MultithreadedTaskDispatcher with 8 workers.
[PhysX] Initialized MultithreadedTaskDispatcher with 8 workers.
[PhysX] Initialized MultithreadedTaskDispatcher with 8 workers.
 -> (artifact id: '10283b22e540e3188b6e1331b79bb8b0') in 0.081932 seconds
Number of updated asset objects reloaded before import = 0
Number of asset objects unloaded after import = 31
========================================================================
Received Import Request.
  Time since last request: 0.000029 seconds.
  path: Assets/Palmov Island/Low Poly Atmospheric Locations Pack/Models/Vehicles/freight wagon black.fbx
  artifactKey: Guid(8d15028ff14d4a84f836ad9063e3c31d) Importer(815301076,1909f56bfc062723c751e8b465ee728b)
Start importing Assets/Palmov Island/Low Poly Atmospheric Locations Pack/Models/Vehicles/freight wagon black.fbx using Guid(8d15028ff14d4a84f836ad9063e3c31d) Importer(815301076,1909f56bfc062723c751e8b465ee728b) [PhysX] Initialized MultithreadedTaskDispatcher with 8 workers.
[PhysX] Initialized MultithreadedTaskDispatcher with 8 workers.
[PhysX] Initialized MultithreadedTaskDispatcher with 8 workers.
[PhysX] Initialized MultithreadedTaskDispatcher with 8 workers.
[PhysX] Initialized MultithreadedTaskDispatcher with 8 workers.
[PhysX] Initialized MultithreadedTaskDispatcher with 8 workers.
[PhysX] Initialized MultithreadedTaskDispatcher with 8 workers.
[PhysX] Initialized MultithreadedTaskDispatcher with 8 workers.
[PhysX] Initialized MultithreadedTaskDispatcher with 8 workers.
[PhysX] Initialized MultithreadedTaskDispatcher with 8 workers.
[PhysX] Initialized MultithreadedTaskDispatcher with 8 workers.
[PhysX] Initialized MultithreadedTaskDispatcher with 8 workers.
[PhysX] Initialized MultithreadedTaskDispatcher with 8 workers.
[PhysX] Initialized MultithreadedTaskDispatcher with 8 workers.
 -> (artifact id: 'e6314ef62f55663bcf4cc94a1f70a912') in 0.071477 seconds
Number of updated asset objects reloaded before import = 0
Number of asset objects unloaded after import = 36
========================================================================
Received Import Request.
  Time since last request: 0.000029 seconds.
  path: Assets/Palmov Island/Low Poly Atmospheric Locations Pack/Models/Vehicles/sakura tree.fbx
  artifactKey: Guid(93ac61a2f53010e489d3be5cf26c9240) Importer(815301076,1909f56bfc062723c751e8b465ee728b)
Start importing Assets/Palmov Island/Low Poly Atmospheric Locations Pack/Models/Vehicles/sakura tree.fbx using Guid(93ac61a2f53010e489d3be5cf26c9240) Importer(815301076,1909f56bfc062723c751e8b465ee728b) [PhysX] Initialized MultithreadedTaskDispatcher with 8 workers.
[PhysX] Initialized MultithreadedTaskDispatcher with 8 workers.
[PhysX] Initialized MultithreadedTaskDispatcher with 8 workers.
 -> (artifact id: '60bddf8a3010d128fca5347c815e7b2c') in 0.024597 seconds
Number of updated asset objects reloaded before import = 0
Number of asset objects unloaded after import = 9
========================================================================
Received Import Request.
  Time since last request: 0.000025 seconds.
  path: Assets/Palmov Island/Low Poly Atmospheric Locations Pack/Models/Vehicles/space shuttle.fbx
  artifactKey: Guid(6228c1b039216554c88816aa01443e53) Importer(815301076,1909f56bfc062723c751e8b465ee728b)
Start importing Assets/Palmov Island/Low Poly Atmospheric Locations Pack/Models/Vehicles/space shuttle.fbx using Guid(6228c1b039216554c88816aa01443e53) Importer(815301076,1909f56bfc062723c751e8b465ee728b) [PhysX] Initialized MultithreadedTaskDispatcher with 8 workers.
[PhysX] Initialized MultithreadedTaskDispatcher with 8 workers.
[PhysX] Initialized MultithreadedTaskDispatcher with 8 workers.
 -> (artifact id: 'fde5da2ca3b03ae97def1deb8036201b') in 0.023578 seconds
Number of updated asset objects reloaded before import = 0
Number of asset objects unloaded after import = 9
========================================================================
Received Import Request.
  Time since last request: 0.000036 seconds.
  path: Assets/Palmov Island/Low Poly Atmospheric Locations Pack/Models/Waters/water location desert pyramids.fbx
  artifactKey: Guid(048bc3ca35e06e84a9e70f65b3693e8d) Importer(815301076,1909f56bfc062723c751e8b465ee728b)
Start importing Assets/Palmov Island/Low Poly Atmospheric Locations Pack/Models/Waters/water location desert pyramids.fbx using Guid(048bc3ca35e06e84a9e70f65b3693e8d) Importer(815301076,1909f56bfc062723c751e8b465ee728b) [PhysX] Initialized MultithreadedTaskDispatcher with 8 workers.
[PhysX] Initialized MultithreadedTaskDispatcher with 8 workers.
[PhysX] Initialized MultithreadedTaskDispatcher with 8 workers.
 -> (artifact id: 'd9c821416f6ead6e9e06856e00ea20a4') in 0.023616 seconds
Number of updated asset objects reloaded before import = 0
Number of asset objects unloaded after import = 9
========================================================================
Received Import Request.
  Time since last request: 0.000039 seconds.
  path: Assets/Palmov Island/Low Poly Atmospheric Locations Pack/Models/Waters/water location camping forest.fbx
  artifactKey: Guid(3b4e3290fa5d770418458b0093b9d7e9) Importer(815301076,1909f56bfc062723c751e8b465ee728b)
Start importing Assets/Palmov Island/Low Poly Atmospheric Locations Pack/Models/Waters/water location camping forest.fbx using Guid(3b4e3290fa5d770418458b0093b9d7e9) Importer(815301076,1909f56bfc062723c751e8b465ee728b) [PhysX] Initialized MultithreadedTaskDispatcher with 8 workers.
[PhysX] Initialized MultithreadedTaskDispatcher with 8 workers.
[PhysX] Initialized MultithreadedTaskDispatcher with 8 workers.
 -> (artifact id: 'f991694bd18fb0ed573c17bfa2905598') in 0.025630 seconds
Number of updated asset objects reloaded before import = 0
Number of asset objects unloaded after import = 9
========================================================================
Received Import Request.
  Time since last request: 0.000025 seconds.
  path: Assets/Palmov Island/Low Poly Atmospheric Locations Pack/Models/Waters/water location christmas village.fbx
  artifactKey: Guid(31f798d331b2fe74aaee1649612a945f) Importer(815301076,1909f56bfc062723c751e8b465ee728b)
Start importing Assets/Palmov Island/Low Poly Atmospheric Locations Pack/Models/Waters/water location christmas village.fbx using Guid(31f798d331b2fe74aaee1649612a945f) Importer(815301076,1909f56bfc062723c751e8b465ee728b) [PhysX] Initialized MultithreadedTaskDispatcher with 8 workers.
[PhysX] Initialized MultithreadedTaskDispatcher with 8 workers.
[PhysX] Initialized MultithreadedTaskDispatcher with 8 workers.
 -> (artifact id: '46a0f4a39961e67bd224bd448b8d2715') in 0.024332 seconds
Number of updated asset objects reloaded before import = 0
Number of asset objects unloaded after import = 9
========================================================================
Received Import Request.
  Time since last request: 5.395436 seconds.
  path: Assets/Palmov Island/Low Poly Atmospheric Locations Pack/Prefabs/Environment
  artifactKey: Guid(e4c8b346df353de488834dd0da4bd430) Importer(815301076,1909f56bfc062723c751e8b465ee728b)
Start importing Assets/Palmov Island/Low Poly Atmospheric Locations Pack/Prefabs/Environment using Guid(e4c8b346df353de488834dd0da4bd430) Importer(815301076,1909f56bfc062723c751e8b465ee728b) [PhysX] Initialized MultithreadedTaskDispatcher with 8 workers.
 -> (artifact id: '776f69c2db92fa73401acc61e01626f8') in 0.000964 seconds
Number of updated asset objects reloaded before import = 0
Number of asset objects unloaded after import = 0
========================================================================
Received Import Request.
  Time since last request: 0.048910 seconds.
  path: Assets/Palmov Island/Low Poly Atmospheric Locations Pack/Prefabs/Environment/chest.prefab
  artifactKey: Guid(6871a7c0106106b4091b4851c2bed59c) Importer(815301076,1909f56bfc062723c751e8b465ee728b)
Start importing Assets/Palmov Island/Low Poly Atmospheric Locations Pack/Prefabs/Environment/chest.prefab using Guid(6871a7c0106106b4091b4851c2bed59c) Importer(815301076,1909f56bfc062723c751e8b465ee728b) [PhysX] Initialized MultithreadedTaskDispatcher with 8 workers.
[PhysX] Initialized MultithreadedTaskDispatcher with 8 workers.
 -> (artifact id: '50c0126a6607f0ba1988b15c26ba6fb6') in 0.031846 seconds
Number of updated asset objects reloaded before import = 0
Number of asset objects unloaded after import = 10
========================================================================
Received Import Request.
  Time since last request: 0.000030 seconds.
  path: Assets/Palmov Island/Low Poly Atmospheric Locations Pack/Prefabs/Environment/solid rocket booster.prefab
  artifactKey: Guid(d20331a225f6a264e9eec3808119b32c) Importer(815301076,1909f56bfc062723c751e8b465ee728b)
Start importing Assets/Palmov Island/Low Poly Atmospheric Locations Pack/Prefabs/Environment/solid rocket booster.prefab using Guid(d20331a225f6a264e9eec3808119b32c) Importer(815301076,1909f56bfc062723c751e8b465ee728b) [PhysX] Initialized MultithreadedTaskDispatcher with 8 workers.
[PhysX] Initialized MultithreadedTaskDispatcher with 8 workers.
 -> (artifact id: 'd18d9e98be54d1e22398f48fa2c84496') in 0.030873 seconds
Number of updated asset objects reloaded before import = 0
Number of asset objects unloaded after import = 10
========================================================================
Received Import Request.
  Time since last request: 0.000023 seconds.
  path: Assets/Palmov Island/Low Poly Atmospheric Locations Pack/Prefabs/Environment/exhaust fan.prefab
  artifactKey: Guid(52cc29dbc88a0ca4e8753c48f4f0d4a9) Importer(815301076,1909f56bfc062723c751e8b465ee728b)
Start importing Assets/Palmov Island/Low Poly Atmospheric Locations Pack/Prefabs/Environment/exhaust fan.prefab using Guid(52cc29dbc88a0ca4e8753c48f4f0d4a9) Importer(815301076,1909f56bfc062723c751e8b465ee728b) [PhysX] Initialized MultithreadedTaskDispatcher with 8 workers.
[PhysX] Initialized MultithreadedTaskDispatcher with 8 workers.
 -> (artifact id: '5c72a3639a542d4b2cc4dbcb5aecc049') in 0.026882 seconds
Number of updated asset objects reloaded before import = 0
Number of asset objects unloaded after import = 10
========================================================================
Received Import Request.
  Time since last request: 0.000043 seconds.
  path: Assets/Palmov Island/Low Poly Atmospheric Locations Pack/Prefabs/Environment/hitching post.prefab
  artifactKey: Guid(3b35437797a5cc346b3ab526c0bf1d36) Importer(815301076,1909f56bfc062723c751e8b465ee728b)
Start importing Assets/Palmov Island/Low Poly Atmospheric Locations Pack/Prefabs/Environment/hitching post.prefab using Guid(3b35437797a5cc346b3ab526c0bf1d36) Importer(815301076,1909f56bfc062723c751e8b465ee728b) [PhysX] Initialized MultithreadedTaskDispatcher with 8 workers.
[PhysX] Initialized MultithreadedTaskDispatcher with 8 workers.
 -> (artifact id: '0bcd9e64641899304c87c8dca1a80aaf') in 0.024107 seconds
Number of updated asset objects reloaded before import = 0
Number of asset objects unloaded after import = 10
========================================================================
Received Import Request.
  Time since last request: 0.000036 seconds.
  path: Assets/Palmov Island/Low Poly Atmospheric Locations Pack/Prefabs/Environment/lamppost.prefab
  artifactKey: Guid(623ab09eb95341440980e5767ab34470) Importer(815301076,1909f56bfc062723c751e8b465ee728b)
Start importing Assets/Palmov Island/Low Poly Atmospheric Locations Pack/Prefabs/Environment/lamppost.prefab using Guid(623ab09eb95341440980e5767ab34470) Importer(815301076,1909f56bfc062723c751e8b465ee728b) [PhysX] Initialized MultithreadedTaskDispatcher with 8 workers.
[PhysX] Initialized MultithreadedTaskDispatcher with 8 workers.
 -> (artifact id: '55179a63576997bce2c4450f227d9a5e') in 0.023122 seconds
Number of updated asset objects reloaded before import = 0
Number of asset objects unloaded after import = 10
========================================================================
Received Import Request.
  Time since last request: 0.000029 seconds.
  path: Assets/Palmov Island/Low Poly Atmospheric Locations Pack/Prefabs/Environment/water tank.prefab
  artifactKey: Guid(1fa0ad777f5860c40ac01baa9d966810) Importer(815301076,1909f56bfc062723c751e8b465ee728b)
Start importing Assets/Palmov Island/Low Poly Atmospheric Locations Pack/Prefabs/Environment/water tank.prefab using Guid(1fa0ad777f5860c40ac01baa9d966810) Importer(815301076,1909f56bfc062723c751e8b465ee728b) [PhysX] Initialized MultithreadedTaskDispatcher with 8 workers.
[PhysX] Initialized MultithreadedTaskDispatcher with 8 workers.
 -> (artifact id: '62ed72515aa1fd5973837dfcfeb50483') in 0.028832 seconds
Number of updated asset objects reloaded before import = 0
Number of asset objects unloaded after import = 10
========================================================================
Received Import Request.
  Time since last request: 0.000033 seconds.
  path: Assets/Palmov Island/Low Poly Atmospheric Locations Pack/Prefabs/Environment/electric pole.prefab
  artifactKey: Guid(169be01ba30c9f543b51c133bc19d975) Importer(815301076,1909f56bfc062723c751e8b465ee728b)
Start importing Assets/Palmov Island/Low Poly Atmospheric Locations Pack/Prefabs/Environment/electric pole.prefab using Guid(169be01ba30c9f543b51c133bc19d975) Importer(815301076,1909f56bfc062723c751e8b465ee728b) [PhysX] Initialized MultithreadedTaskDispatcher with 8 workers.
[PhysX] Initialized MultithreadedTaskDispatcher with 8 workers.
 -> (artifact id: 'b60840125b9e62cddea19a25c12fb76a') in 0.025253 seconds
Number of updated asset objects reloaded before import = 0
Number of asset objects unloaded after import = 10
========================================================================
Received Import Request.
  Time since last request: 0.000024 seconds.
  path: Assets/Palmov Island/Low Poly Atmospheric Locations Pack/Prefabs/Environment/smoke 2.prefab
  artifactKey: Guid(47b8b012996392e48af7e63979c4b6db) Importer(815301076,1909f56bfc062723c751e8b465ee728b)
Start importing Assets/Palmov Island/Low Poly Atmospheric Locations Pack/Prefabs/Environment/smoke 2.prefab using Guid(47b8b012996392e48af7e63979c4b6db) Importer(815301076,1909f56bfc062723c751e8b465ee728b) [PhysX] Initialized MultithreadedTaskDispatcher with 8 workers.
[PhysX] Initialized MultithreadedTaskDispatcher with 8 workers.
 -> (artifact id: '0fa8dae1249f1b114a0caf8bc6ebb43a') in 0.027073 seconds
Number of updated asset objects reloaded before import = 0
Number of asset objects unloaded after import = 10
========================================================================
Received Import Request.
  Time since last request: 0.000036 seconds.
  path: Assets/Palmov Island/Low Poly Atmospheric Locations Pack/Prefabs/Environment/fire.prefab
  artifactKey: Guid(d0e0ef15d4d3e6c4784e9fa43d0ac39f) Importer(815301076,1909f56bfc062723c751e8b465ee728b)
Start importing Assets/Palmov Island/Low Poly Atmospheric Locations Pack/Prefabs/Environment/fire.prefab using Guid(d0e0ef15d4d3e6c4784e9fa43d0ac39f) Importer(815301076,1909f56bfc062723c751e8b465ee728b) [PhysX] Initialized MultithreadedTaskDispatcher with 8 workers.
[PhysX] Initialized MultithreadedTaskDispatcher with 8 workers.
 -> (artifact id: '7d2575929d3c48f6455fc7ebbf2c5d62') in 0.025584 seconds
Number of updated asset objects reloaded before import = 0
Number of asset objects unloaded after import = 10
========================================================================
Received Import Request.
  Time since last request: 0.000032 seconds.
  path: Assets/Palmov Island/Low Poly Atmospheric Locations Pack/Prefabs/Environment/exhaust fan 2.prefab
  artifactKey: Guid(c5fa2bdf728ceae418337025b02c7bcc) Importer(815301076,1909f56bfc062723c751e8b465ee728b)
Start importing Assets/Palmov Island/Low Poly Atmospheric Locations Pack/Prefabs/Environment/exhaust fan 2.prefab using Guid(c5fa2bdf728ceae418337025b02c7bcc) Importer(815301076,1909f56bfc062723c751e8b465ee728b) [PhysX] Initialized MultithreadedTaskDispatcher with 8 workers.
[PhysX] Initialized MultithreadedTaskDispatcher with 8 workers.
 -> (artifact id: '7170ab0af8a8deabc24323be9f356822') in 0.022241 seconds
Number of updated asset objects reloaded before import = 0
Number of asset objects unloaded after import = 10
========================================================================
Received Import Request.
  Time since last request: 0.000031 seconds.
  path: Assets/Palmov Island/Low Poly Atmospheric Locations Pack/Prefabs/Environment/wooden bridge.prefab
  artifactKey: Guid(48db376ce4e9f214e90b9d3fcd2d26b2) Importer(815301076,1909f56bfc062723c751e8b465ee728b)
Start importing Assets/Palmov Island/Low Poly Atmospheric Locations Pack/Prefabs/Environment/wooden bridge.prefab using Guid(48db376ce4e9f214e90b9d3fcd2d26b2) Importer(815301076,1909f56bfc062723c751e8b465ee728b) [PhysX] Initialized MultithreadedTaskDispatcher with 8 workers.
[PhysX] Initialized MultithreadedTaskDispatcher with 8 workers.
 -> (artifact id: '8ad13dd7dffb110dd9e037b67e554698') in 0.024065 seconds
Number of updated asset objects reloaded before import = 0
Number of asset objects unloaded after import = 10
========================================================================
Received Import Request.
  Time since last request: 0.000030 seconds.
  path: Assets/Palmov Island/Low Poly Atmospheric Locations Pack/Prefabs/Environment/sphinx.prefab
  artifactKey: Guid(e147e2c3f8f9dc44da6b470546dd88c8) Importer(815301076,1909f56bfc062723c751e8b465ee728b)
Start importing Assets/Palmov Island/Low Poly Atmospheric Locations Pack/Prefabs/Environment/sphinx.prefab using Guid(e147e2c3f8f9dc44da6b470546dd88c8) Importer(815301076,1909f56bfc062723c751e8b465ee728b) [PhysX] Initialized MultithreadedTaskDispatcher with 8 workers.
[PhysX] Initialized MultithreadedTaskDispatcher with 8 workers.
 -> (artifact id: '24939f5610bee9e93c06f69bc78363dd') in 0.024600 seconds
Number of updated asset objects reloaded before import = 0
Number of asset objects unloaded after import = 10
========================================================================
Received Import Request.
  Time since last request: 4.641497 seconds.
  path: Assets/Palmov Island/Low Poly Atmospheric Locations Pack/Scenes/All scenes.unity
  artifactKey: Guid(1ab8ef884b1bd74478ac677e568556ad) Importer(815301076,1909f56bfc062723c751e8b465ee728b)
Start importing Assets/Palmov Island/Low Poly Atmospheric Locations Pack/Scenes/All scenes.unity using Guid(1ab8ef884b1bd74478ac677e568556ad) Importer(815301076,1909f56bfc062723c751e8b465ee728b) [PhysX] Initialized MultithreadedTaskDispatcher with 8 workers.
 -> (artifact id: '60e3f1e5e218577a2bb15c99fb8498ea') in 0.000860 seconds
Number of updated asset objects reloaded before import = 0
Number of asset objects unloaded after import = 0
========================================================================
Received Import Request.
  Time since last request: 26.261371 seconds.
  path: Assets/Palmov Island/Low Poly Atmospheric Locations Pack/Scenes/Location camping forest.unity
  artifactKey: Guid(9eb3d3406fabb5b408a4f80927c3710d) Importer(815301076,1909f56bfc062723c751e8b465ee728b)
Start importing Assets/Palmov Island/Low Poly Atmospheric Locations Pack/Scenes/Location camping forest.unity using Guid(9eb3d3406fabb5b408a4f80927c3710d) Importer(815301076,1909f56bfc062723c751e8b465ee728b) [PhysX] Initialized MultithreadedTaskDispatcher with 8 workers.
 -> (artifact id: '78bad62abbe258bbab33ce499a1322c9') in 0.000871 seconds
Number of updated asset objects reloaded before import = 0
Number of asset objects unloaded after import = 0
========================================================================
Received Import Request.
  Time since last request: 43.353525 seconds.
  path: Assets/Skyden_Games/Low Poly Environment/Low Poly Environment.fbx
  artifactKey: Guid(593d4f7dc5f444843b2b02f101b56b8c) Importer(815301076,1909f56bfc062723c751e8b465ee728b)
Start importing Assets/Skyden_Games/Low Poly Environment/Low Poly Environment.fbx using Guid(593d4f7dc5f444843b2b02f101b56b8c) Importer(815301076,1909f56bfc062723c751e8b465ee728b) [PhysX] Initialized MultithreadedTaskDispatcher with 8 workers.
[PhysX] Initialized MultithreadedTaskDispatcher with 8 workers.
[PhysX] Initialized MultithreadedTaskDispatcher with 8 workers.
[PhysX] Initialized MultithreadedTaskDispatcher with 8 workers.
[PhysX] Initialized MultithreadedTaskDispatcher with 8 workers.
[PhysX] Initialized MultithreadedTaskDispatcher with 8 workers.
[PhysX] Initialized MultithreadedTaskDispatcher with 8 workers.
[PhysX] Initialized MultithreadedTaskDispatcher with 8 workers.
[PhysX] Initialized MultithreadedTaskDispatcher with 8 workers.
[PhysX] Initialized MultithreadedTaskDispatcher with 8 workers.
[PhysX] Initialized MultithreadedTaskDispatcher with 8 workers.
[PhysX] Initialized MultithreadedTaskDispatcher with 8 workers.
[PhysX] Initialized MultithreadedTaskDispatcher with 8 workers.
[PhysX] Initialized MultithreadedTaskDispatcher with 8 workers.
[PhysX] Initialized MultithreadedTaskDispatcher with 8 workers.
[PhysX] Initialized MultithreadedTaskDispatcher with 8 workers.
[PhysX] Initialized MultithreadedTaskDispatcher with 8 workers.
[PhysX] Initialized MultithreadedTaskDispatcher with 8 workers.
[PhysX] Initialized MultithreadedTaskDispatcher with 8 workers.
[PhysX] Initialized MultithreadedTaskDispatcher with 8 workers.
[PhysX] Initialized MultithreadedTaskDispatcher with 8 workers.
[PhysX] Initialized MultithreadedTaskDispatcher with 8 workers.
[PhysX] Initialized MultithreadedTaskDispatcher with 8 workers.
[PhysX] Initialized MultithreadedTaskDispatcher with 8 workers.
[PhysX] Initialized MultithreadedTaskDispatcher with 8 workers.
[PhysX] Initialized MultithreadedTaskDispatcher with 8 workers.
[PhysX] Initialized MultithreadedTaskDispatcher with 8 workers.
[PhysX] Initialized MultithreadedTaskDispatcher with 8 workers.
[PhysX] Initialized MultithreadedTaskDispatcher with 8 workers.
[PhysX] Initialized MultithreadedTaskDispatcher with 8 workers.
[PhysX] Initialized MultithreadedTaskDispatcher with 8 workers.
[PhysX] Initialized MultithreadedTaskDispatcher with 8 workers.
[PhysX] Initialized MultithreadedTaskDispatcher with 8 workers.
[PhysX] Initialized MultithreadedTaskDispatcher with 8 workers.
[PhysX] Initialized MultithreadedTaskDispatcher with 8 workers.
[PhysX] Initialized MultithreadedTaskDispatcher with 8 workers.
[PhysX] Initialized MultithreadedTaskDispatcher with 8 workers.
[PhysX] Initialized MultithreadedTaskDispatcher with 8 workers.
[PhysX] Initialized MultithreadedTaskDispatcher with 8 workers.
[PhysX] Initialized MultithreadedTaskDispatcher with 8 workers.
[PhysX] Initialized MultithreadedTaskDispatcher with 8 workers.
[PhysX] Initialized MultithreadedTaskDispatcher with 8 workers.
[PhysX] Initialized MultithreadedTaskDispatcher with 8 workers.
[PhysX] Initialized MultithreadedTaskDispatcher with 8 workers.
[PhysX] Initialized MultithreadedTaskDispatcher with 8 workers.
[PhysX] Initialized MultithreadedTaskDispatcher with 8 workers.
[PhysX] Initialized MultithreadedTaskDispatcher with 8 workers.
[PhysX] Initialized MultithreadedTaskDispatcher with 8 workers.
[PhysX] Initialized MultithreadedTaskDispatcher with 8 workers.
[PhysX] Initialized MultithreadedTaskDispatcher with 8 workers.
[PhysX] Initialized MultithreadedTaskDispatcher with 8 workers.
[PhysX] Initialized MultithreadedTaskDispatcher with 8 workers.
[PhysX] Initialized MultithreadedTaskDispatcher with 8 workers.
[PhysX] Initialized MultithreadedTaskDispatcher with 8 workers.
[PhysX] Initialized MultithreadedTaskDispatcher with 8 workers.
[PhysX] Initialized MultithreadedTaskDispatcher with 8 workers.
[PhysX] Initialized MultithreadedTaskDispatcher with 8 workers.
[PhysX] Initialized MultithreadedTaskDispatcher with 8 workers.
[PhysX] Initialized MultithreadedTaskDispatcher with 8 workers.
[PhysX] Initialized MultithreadedTaskDispatcher with 8 workers.
[PhysX] Initialized MultithreadedTaskDispatcher with 8 workers.
[PhysX] Initialized MultithreadedTaskDispatcher with 8 workers.
[PhysX] Initialized MultithreadedTaskDispatcher with 8 workers.
[PhysX] Initialized MultithreadedTaskDispatcher with 8 workers.
[PhysX] Initialized MultithreadedTaskDispatcher with 8 workers.
[PhysX] Initialized MultithreadedTaskDispatcher with 8 workers.
[PhysX] Initialized MultithreadedTaskDispatcher with 8 workers.
[PhysX] Initialized MultithreadedTaskDispatcher with 8 workers.
[PhysX] Initialized MultithreadedTaskDispatcher with 8 workers.
[PhysX] Initialized MultithreadedTaskDispatcher with 8 workers.
[PhysX] Initialized MultithreadedTaskDispatcher with 8 workers.
[PhysX] Initialized MultithreadedTaskDispatcher with 8 workers.
[PhysX] Initialized MultithreadedTaskDispatcher with 8 workers.
[PhysX] Initialized MultithreadedTaskDispatcher with 8 workers.
[PhysX] Initialized MultithreadedTaskDispatcher with 8 workers.
[PhysX] Initialized MultithreadedTaskDispatcher with 8 workers.
[PhysX] Initialized MultithreadedTaskDispatcher with 8 workers.
[PhysX] Initialized MultithreadedTaskDispatcher with 8 workers.
[PhysX] Initialized MultithreadedTaskDispatcher with 8 workers.
[PhysX] Initialized MultithreadedTaskDispatcher with 8 workers.
[PhysX] Initialized MultithreadedTaskDispatcher with 8 workers.
[PhysX] Initialized MultithreadedTaskDispatcher with 8 workers.
[PhysX] Initialized MultithreadedTaskDispatcher with 8 workers.
[PhysX] Initialized MultithreadedTaskDispatcher with 8 workers.
[PhysX] Initialized MultithreadedTaskDispatcher with 8 workers.
[PhysX] Initialized MultithreadedTaskDispatcher with 8 workers.
[PhysX] Initialized MultithreadedTaskDispatcher with 8 workers.
[PhysX] Initialized MultithreadedTaskDispatcher with 8 workers.
[PhysX] Initialized MultithreadedTaskDispatcher with 8 workers.
[PhysX] Initialized MultithreadedTaskDispatcher with 8 workers.
[PhysX] Initialized MultithreadedTaskDispatcher with 8 workers.
[PhysX] Initialized MultithreadedTaskDispatcher with 8 workers.
[PhysX] Initialized MultithreadedTaskDispatcher with 8 workers.
[PhysX] Initialized MultithreadedTaskDispatcher with 8 workers.
[PhysX] Initialized MultithreadedTaskDispatcher with 8 workers.
[PhysX] Initialized MultithreadedTaskDispatcher with 8 workers.
[PhysX] Initialized MultithreadedTaskDispatcher with 8 workers.
[PhysX] Initialized MultithreadedTaskDispatcher with 8 workers.
[PhysX] Initialized MultithreadedTaskDispatcher with 8 workers.
[PhysX] Initialized MultithreadedTaskDispatcher with 8 workers.
[PhysX] Initialized MultithreadedTaskDispatcher with 8 workers.
[PhysX] Initialized MultithreadedTaskDispatcher with 8 workers.
 -> (artifact id: 'af6c7fa86f347a932bbccd7ab814928b') in 0.581721 seconds
Number of updated asset objects reloaded before import = 0
Number of asset objects unloaded after import = 257
========================================================================
Received Import Request.
  Time since last request: 1.925404 seconds.
  path: Assets/Skyden_Games/Low Poly Environment/Prefabs
  artifactKey: Guid(3353497000eb7ac4db66030058360861) Importer(815301076,1909f56bfc062723c751e8b465ee728b)
Start importing Assets/Skyden_Games/Low Poly Environment/Prefabs using Guid(3353497000eb7ac4db66030058360861) Importer(815301076,1909f56bfc062723c751e8b465ee728b) [PhysX] Initialized MultithreadedTaskDispatcher with 8 workers.
 -> (artifact id: '734a2250127bef8d38c909d123570431') in 0.001892 seconds
Number of updated asset objects reloaded before import = 0
Number of asset objects unloaded after import = 0
========================================================================
Received Import Request.
  Time since last request: 0.445715 seconds.
  path: Assets/Skyden_Games/Low Poly Environment/Scenes
  artifactKey: Guid(d5cc2974092dbac4f921152e85892cd5) Importer(815301076,1909f56bfc062723c751e8b465ee728b)
Start importing Assets/Skyden_Games/Low Poly Environment/Scenes using Guid(d5cc2974092dbac4f921152e85892cd5) Importer(815301076,1909f56bfc062723c751e8b465ee728b) [PhysX] Initialized MultithreadedTaskDispatcher with 8 workers.
 -> (artifact id: 'ffb6fb4a7d6b3f6a0279d958a0f76c7c') in 0.000728 seconds
Number of updated asset objects reloaded before import = 0
Number of asset objects unloaded after import = 0
========================================================================
Received Import Request.
  Time since last request: 1.969855 seconds.
  path: Assets/Skyden_Games/Low Poly Environment/Scenes/Level Design.unity
  artifactKey: Guid(21add1eefa978924bbee6549982ff15c) Importer(815301076,1909f56bfc062723c751e8b465ee728b)
Start importing Assets/Skyden_Games/Low Poly Environment/Scenes/Level Design.unity using Guid(21add1eefa978924bbee6549982ff15c) Importer(815301076,1909f56bfc062723c751e8b465ee728b) [PhysX] Initialized MultithreadedTaskDispatcher with 8 workers.
 -> (artifact id: '8df31accea17b9eaccb94816949aab1b') in 0.000629 seconds
Number of updated asset objects reloaded before import = 0
Number of asset objects unloaded after import = 0
========================================================================
Received Import Request.
  Time since last request: 34.046548 seconds.
  path: Assets/Skyden_Games/Low Poly Environment/Scenes/Models.unity
  artifactKey: Guid(74b85a2da0ab90545a8e3cf4465b7997) Importer(815301076,1909f56bfc062723c751e8b465ee728b)
Start importing Assets/Skyden_Games/Low Poly Environment/Scenes/Models.unity using Guid(74b85a2da0ab90545a8e3cf4465b7997) Importer(815301076,1909f56bfc062723c751e8b465ee728b) [PhysX] Initialized MultithreadedTaskDispatcher with 8 workers.
 -> (artifact id: 'fc2b8c415dc926498544ea047abbd7c1') in 0.000795 seconds
Number of updated asset objects reloaded before import = 0
Number of asset objects unloaded after import = 0
========================================================================
Received Import Request.
  Time since last request: 7.987830 seconds.
  path: Assets/Skyden_Games/Low Poly Environment/Scenes/Models_Profiles
  artifactKey: Guid(5c262cd2b32b19f429bb43b1fcbfaaa4) Importer(815301076,1909f56bfc062723c751e8b465ee728b)
Start importing Assets/Skyden_Games/Low Poly Environment/Scenes/Models_Profiles using Guid(5c262cd2b32b19f429bb43b1fcbfaaa4) Importer(815301076,1909f56bfc062723c751e8b465ee728b) [PhysX] Initialized MultithreadedTaskDispatcher with 8 workers.
 -> (artifact id: '4f0a06435f1331c66af7844d37757023') in 0.000730 seconds
Number of updated asset objects reloaded before import = 0
Number of asset objects unloaded after import = 0
========================================================================
Received Import Request.
  Time since last request: 0.046857 seconds.
  path: Assets/Skyden_Games/Low Poly Environment/Scenes/Models_Profiles/Post Process Profile.asset
  artifactKey: Guid(74944238284a36a48bb600e19de016cd) Importer(815301076,1909f56bfc062723c751e8b465ee728b)
Start importing Assets/Skyden_Games/Low Poly Environment/Scenes/Models_Profiles/Post Process Profile.asset using Guid(74944238284a36a48bb600e19de016cd) Importer(815301076,1909f56bfc062723c751e8b465ee728b) [PhysX] Initialized MultithreadedTaskDispatcher with 8 workers.
 -> (artifact id: 'b838118ace047d58150536aa672c5cda') in 0.001250 seconds
Number of updated asset objects reloaded before import = 0
Number of asset objects unloaded after import = 1
========================================================================
Received Import Request.
  Time since last request: 1.861657 seconds.
  path: Assets/Skyden_Games/Low Poly Environment/Prefabs/Basket01.prefab
  artifactKey: Guid(9342caa5128ff694191aaf7ed4223f50) Importer(815301076,1909f56bfc062723c751e8b465ee728b)
Start importing Assets/Skyden_Games/Low Poly Environment/Prefabs/Basket01.prefab using Guid(9342caa5128ff694191aaf7ed4223f50) Importer(815301076,1909f56bfc062723c751e8b465ee728b) [PhysX] Initialized MultithreadedTaskDispatcher with 8 workers.
[PhysX] Initialized MultithreadedTaskDispatcher with 8 workers.
 -> (artifact id: '04d4fe157f356a2c03b58b2cf24e7f46') in 0.027713 seconds
Number of updated asset objects reloaded before import = 0
Number of asset objects unloaded after import = 10
========================================================================
Received Import Request.
  Time since last request: 0.000028 seconds.
  path: Assets/Skyden_Games/Low Poly Environment/Prefabs/Cliff 7.prefab
  artifactKey: Guid(a424a5dee94798b4e852edf7cb90c092) Importer(815301076,1909f56bfc062723c751e8b465ee728b)
Start importing Assets/Skyden_Games/Low Poly Environment/Prefabs/Cliff 7.prefab using Guid(a424a5dee94798b4e852edf7cb90c092) Importer(815301076,1909f56bfc062723c751e8b465ee728b) [PhysX] Initialized MultithreadedTaskDispatcher with 8 workers.
[PhysX] Initialized MultithreadedTaskDispatcher with 8 workers.
 -> (artifact id: '774dcb42225033674c8484b6fc4b63fe') in 0.032247 seconds
Number of updated asset objects reloaded before import = 0
Number of asset objects unloaded after import = 10
========================================================================
Received Import Request.
  Time since last request: 0.000030 seconds.
  path: Assets/Skyden_Games/Low Poly Environment/Prefabs/Cliff 4.prefab
  artifactKey: Guid(4d09acfefa4b0e44388ef8e7322b9a76) Importer(815301076,1909f56bfc062723c751e8b465ee728b)
Start importing Assets/Skyden_Games/Low Poly Environment/Prefabs/Cliff 4.prefab using Guid(4d09acfefa4b0e44388ef8e7322b9a76) Importer(815301076,1909f56bfc062723c751e8b465ee728b) [PhysX] Initialized MultithreadedTaskDispatcher with 8 workers.
[PhysX] Initialized MultithreadedTaskDispatcher with 8 workers.
 -> (artifact id: '28a21db81af5785df1bfac9f4c12d9a2') in 0.037884 seconds
Number of updated asset objects reloaded before import = 0
Number of asset objects unloaded after import = 10
========================================================================
Received Import Request.
  Time since last request: 0.000058 seconds.
  path: Assets/Skyden_Games/Low Poly Environment/Prefabs/Tent 2 .prefab
  artifactKey: Guid(d575e9574cca5534cb591b5326d89833) Importer(815301076,1909f56bfc062723c751e8b465ee728b)
Start importing Assets/Skyden_Games/Low Poly Environment/Prefabs/Tent 2 .prefab using Guid(d575e9574cca5534cb591b5326d89833) Importer(815301076,1909f56bfc062723c751e8b465ee728b) [PhysX] Initialized MultithreadedTaskDispatcher with 8 workers.
[PhysX] Initialized MultithreadedTaskDispatcher with 8 workers.
 -> (artifact id: 'dea2ac4e5e0c3e0d99b9d8b47c5ef141') in 0.033587 seconds
Number of updated asset objects reloaded before import = 0
Number of asset objects unloaded after import = 10
========================================================================
Received Import Request.
  Time since last request: 0.000028 seconds.
  path: Assets/Skyden_Games/Low Poly Environment/Prefabs/Fence07.prefab
  artifactKey: Guid(ce5851c8855f6184698e684b11c52809) Importer(815301076,1909f56bfc062723c751e8b465ee728b)
Start importing Assets/Skyden_Games/Low Poly Environment/Prefabs/Fence07.prefab using Guid(ce5851c8855f6184698e684b11c52809) Importer(815301076,1909f56bfc062723c751e8b465ee728b) [PhysX] Initialized MultithreadedTaskDispatcher with 8 workers.
[PhysX] Initialized MultithreadedTaskDispatcher with 8 workers.
 -> (artifact id: 'f63ca8aea516ff7df5035d31c399031f') in 0.031320 seconds
Number of updated asset objects reloaded before import = 0
Number of asset objects unloaded after import = 10
========================================================================
Received Import Request.
  Time since last request: 0.000026 seconds.
  path: Assets/Skyden_Games/Low Poly Environment/Prefabs/Cliff 6.prefab
  artifactKey: Guid(ae5ed9900fe9e3a4fb7d3f7c00cda1c8) Importer(815301076,1909f56bfc062723c751e8b465ee728b)
Start importing Assets/Skyden_Games/Low Poly Environment/Prefabs/Cliff 6.prefab using Guid(ae5ed9900fe9e3a4fb7d3f7c00cda1c8) Importer(815301076,1909f56bfc062723c751e8b465ee728b) [PhysX] Initialized MultithreadedTaskDispatcher with 8 workers.
[PhysX] Initialized MultithreadedTaskDispatcher with 8 workers.
 -> (artifact id: 'cd4a3a7d2e62fa76e4d68927169e0d20') in 0.032960 seconds
Number of updated asset objects reloaded before import = 0
Number of asset objects unloaded after import = 10
========================================================================
Received Import Request.
  Time since last request: 0.000032 seconds.
  path: Assets/Skyden_Games/Low Poly Environment/Prefabs/Rock 1 .prefab
  artifactKey: Guid(39697217dc8529043b03c28ebdf10e8e) Importer(815301076,1909f56bfc062723c751e8b465ee728b)
Start importing Assets/Skyden_Games/Low Poly Environment/Prefabs/Rock 1 .prefab using Guid(39697217dc8529043b03c28ebdf10e8e) Importer(815301076,1909f56bfc062723c751e8b465ee728b) [PhysX] Initialized MultithreadedTaskDispatcher with 8 workers.
[PhysX] Initialized MultithreadedTaskDispatcher with 8 workers.
 -> (artifact id: 'b27cf0800900074a40506b5d705a2a9e') in 0.027581 seconds
Number of updated asset objects reloaded before import = 0
Number of asset objects unloaded after import = 10
========================================================================
Received Import Request.
  Time since last request: 0.000022 seconds.
  path: Assets/Skyden_Games/Low Poly Environment/Prefabs/Fence05.prefab
  artifactKey: Guid(61e50d7284f7453488d849b96d99a48e) Importer(815301076,1909f56bfc062723c751e8b465ee728b)
Start importing Assets/Skyden_Games/Low Poly Environment/Prefabs/Fence05.prefab using Guid(61e50d7284f7453488d849b96d99a48e) Importer(815301076,1909f56bfc062723c751e8b465ee728b) [PhysX] Initialized MultithreadedTaskDispatcher with 8 workers.
[PhysX] Initialized MultithreadedTaskDispatcher with 8 workers.
 -> (artifact id: '3aff6e8e602ed0fe0cd1480879595dee') in 0.036615 seconds
Number of updated asset objects reloaded before import = 0
Number of asset objects unloaded after import = 10
========================================================================
Received Import Request.
  Time since last request: 0.000043 seconds.
  path: Assets/Skyden_Games/Low Poly Environment/Prefabs/Fence04.prefab
  artifactKey: Guid(fb18495b370df3b458558ddbb489699d) Importer(815301076,1909f56bfc062723c751e8b465ee728b)
Start importing Assets/Skyden_Games/Low Poly Environment/Prefabs/Fence04.prefab using Guid(fb18495b370df3b458558ddbb489699d) Importer(815301076,1909f56bfc062723c751e8b465ee728b) [PhysX] Initialized MultithreadedTaskDispatcher with 8 workers.
[PhysX] Initialized MultithreadedTaskDispatcher with 8 workers.
 -> (artifact id: '3751bd10bd9e2bedba139516cbabb029') in 0.030208 seconds
Number of updated asset objects reloaded before import = 0
Number of asset objects unloaded after import = 10
========================================================================
Received Import Request.
  Time since last request: 0.000031 seconds.
  path: Assets/Skyden_Games/Low Poly Environment/Prefabs/Gate .prefab
  artifactKey: Guid(c1f349fbba3134c46807ca13bd968a5a) Importer(815301076,1909f56bfc062723c751e8b465ee728b)
Start importing Assets/Skyden_Games/Low Poly Environment/Prefabs/Gate .prefab using Guid(c1f349fbba3134c46807ca13bd968a5a) Importer(815301076,1909f56bfc062723c751e8b465ee728b) [PhysX] Initialized MultithreadedTaskDispatcher with 8 workers.
[PhysX] Initialized MultithreadedTaskDispatcher with 8 workers.
 -> (artifact id: '4b1484b319b36673bd31b4e6026c5a4c') in 0.034106 seconds
Number of updated asset objects reloaded before import = 0
Number of asset objects unloaded after import = 10
========================================================================
Received Import Request.
  Time since last request: 0.000021 seconds.
  path: Assets/Skyden_Games/Low Poly Environment/Prefabs/Rock 5 .prefab
  artifactKey: Guid(912f2a04d53dd844f845eb73d7ed2fa5) Importer(815301076,1909f56bfc062723c751e8b465ee728b)
Start importing Assets/Skyden_Games/Low Poly Environment/Prefabs/Rock 5 .prefab using Guid(912f2a04d53dd844f845eb73d7ed2fa5) Importer(815301076,1909f56bfc062723c751e8b465ee728b) [PhysX] Initialized MultithreadedTaskDispatcher with 8 workers.
[PhysX] Initialized MultithreadedTaskDispatcher with 8 workers.
 -> (artifact id: 'baec3a664d94f126e3d20a63a10807d8') in 0.034292 seconds
Number of updated asset objects reloaded before import = 0
Number of asset objects unloaded after import = 10
========================================================================
Received Import Request.
  Time since last request: 0.000025 seconds.
  path: Assets/Skyden_Games/Low Poly Environment/Prefabs/Rock 4 .prefab
  artifactKey: Guid(a68fd9ce7b1d50d4da362904b5e2bb61) Importer(815301076,1909f56bfc062723c751e8b465ee728b)
Start importing Assets/Skyden_Games/Low Poly Environment/Prefabs/Rock 4 .prefab using Guid(a68fd9ce7b1d50d4da362904b5e2bb61) Importer(815301076,1909f56bfc062723c751e8b465ee728b) [PhysX] Initialized MultithreadedTaskDispatcher with 8 workers.
[PhysX] Initialized MultithreadedTaskDispatcher with 8 workers.
 -> (artifact id: '9fedb9df92ade409cd45779db0075b73') in 0.033130 seconds
Number of updated asset objects reloaded before import = 0
Number of asset objects unloaded after import = 10
========================================================================
Received Import Request.
  Time since last request: 0.000034 seconds.
  path: Assets/Skyden_Games/Low Poly Environment/Prefabs/House 3 .prefab
  artifactKey: Guid(aa82e02ef557ddf46b4e1aaf3952339a) Importer(815301076,1909f56bfc062723c751e8b465ee728b)
Start importing Assets/Skyden_Games/Low Poly Environment/Prefabs/House 3 .prefab using Guid(aa82e02ef557ddf46b4e1aaf3952339a) Importer(815301076,1909f56bfc062723c751e8b465ee728b) [PhysX] Initialized MultithreadedTaskDispatcher with 8 workers.
[PhysX] Initialized MultithreadedTaskDispatcher with 8 workers.
 -> (artifact id: '7214960298e84f43cec80271ae07ddab') in 0.027466 seconds
Number of updated asset objects reloaded before import = 0
Number of asset objects unloaded after import = 10
========================================================================
Received Import Request.
  Time since last request: 0.000026 seconds.
  path: Assets/Skyden_Games/Low Poly Environment/Prefabs/Doghouse.prefab
  artifactKey: Guid(eb0f5956ab6067a4c9daabcd3f178106) Importer(815301076,1909f56bfc062723c751e8b465ee728b)
Start importing Assets/Skyden_Games/Low Poly Environment/Prefabs/Doghouse.prefab using Guid(eb0f5956ab6067a4c9daabcd3f178106) Importer(815301076,1909f56bfc062723c751e8b465ee728b) [PhysX] Initialized MultithreadedTaskDispatcher with 8 workers.
[PhysX] Initialized MultithreadedTaskDispatcher with 8 workers.
 -> (artifact id: 'cb02b3ad0eb364502cf51ebc0a71655c') in 0.024830 seconds
Number of updated asset objects reloaded before import = 0
Number of asset objects unloaded after import = 10
========================================================================
Received Import Request.
  Time since last request: 0.000029 seconds.
  path: Assets/Skyden_Games/Low Poly Environment/Prefabs/Rock 2 .prefab
  artifactKey: Guid(334dbd2d6ef2feb48bb985a433078768) Importer(815301076,1909f56bfc062723c751e8b465ee728b)
Start importing Assets/Skyden_Games/Low Poly Environment/Prefabs/Rock 2 .prefab using Guid(334dbd2d6ef2feb48bb985a433078768) Importer(815301076,1909f56bfc062723c751e8b465ee728b) [PhysX] Initialized MultithreadedTaskDispatcher with 8 workers.
[PhysX] Initialized MultithreadedTaskDispatcher with 8 workers.
 -> (artifact id: 'dfe69d96e18d37ccfca6116115d631d6') in 0.023714 seconds
Number of updated asset objects reloaded before import = 0
Number of asset objects unloaded after import = 10
========================================================================
Received Import Request.
  Time since last request: 0.000060 seconds.
  path: Assets/Skyden_Games/Low Poly Environment/Prefabs/House 4 .prefab
  artifactKey: Guid(86c532249aeb12a489aaae9562a6bb08) Importer(815301076,1909f56bfc062723c751e8b465ee728b)
Start importing Assets/Skyden_Games/Low Poly Environment/Prefabs/House 4 .prefab using Guid(86c532249aeb12a489aaae9562a6bb08) Importer(815301076,1909f56bfc062723c751e8b465ee728b) [PhysX] Initialized MultithreadedTaskDispatcher with 8 workers.
[PhysX] Initialized MultithreadedTaskDispatcher with 8 workers.
 -> (artifact id: '6bdb7c12c188d6386c01262ac779e14a') in 0.023707 seconds
Number of updated asset objects reloaded before import = 0
Number of asset objects unloaded after import = 10
========================================================================
Received Import Request.
  Time since last request: 0.000023 seconds.
  path: Assets/Skyden_Games/Low Poly Environment/Prefabs/Car 2 .prefab
  artifactKey: Guid(097f938ab30dad44eb0996f9121199a9) Importer(815301076,1909f56bfc062723c751e8b465ee728b)
Start importing Assets/Skyden_Games/Low Poly Environment/Prefabs/Car 2 .prefab using Guid(097f938ab30dad44eb0996f9121199a9) Importer(815301076,1909f56bfc062723c751e8b465ee728b) [PhysX] Initialized MultithreadedTaskDispatcher with 8 workers.
[PhysX] Initialized MultithreadedTaskDispatcher with 8 workers.
 -> (artifact id: 'f0c5fc7d9d6ae714507bf1f145b53e2e') in 0.022235 seconds
Number of updated asset objects reloaded before import = 0
Number of asset objects unloaded after import = 10
========================================================================
Received Import Request.
  Time since last request: 0.000050 seconds.
  path: Assets/Skyden_Games/Low Poly Environment/Prefabs/Tree 2 .prefab
  artifactKey: Guid(e3817462290a1744191b575ab6095c01) Importer(815301076,1909f56bfc062723c751e8b465ee728b)
Start importing Assets/Skyden_Games/Low Poly Environment/Prefabs/Tree 2 .prefab using Guid(e3817462290a1744191b575ab6095c01) Importer(815301076,1909f56bfc062723c751e8b465ee728b) [PhysX] Initialized MultithreadedTaskDispatcher with 8 workers.
[PhysX] Initialized MultithreadedTaskDispatcher with 8 workers.
 -> (artifact id: '1bb9a847ac3f4448de33c61fda51c756') in 0.023135 seconds
Number of updated asset objects reloaded before import = 0
Number of asset objects unloaded after import = 10
========================================================================
Received Import Request.
  Time since last request: 0.000028 seconds.
  path: Assets/Skyden_Games/Low Poly Environment/Prefabs/Water Well.prefab
  artifactKey: Guid(eb93887867009ba4b8ae05818fcc0c58) Importer(815301076,1909f56bfc062723c751e8b465ee728b)
Start importing Assets/Skyden_Games/Low Poly Environment/Prefabs/Water Well.prefab using Guid(eb93887867009ba4b8ae05818fcc0c58) Importer(815301076,1909f56bfc062723c751e8b465ee728b) [PhysX] Initialized MultithreadedTaskDispatcher with 8 workers.
[PhysX] Initialized MultithreadedTaskDispatcher with 8 workers.
 -> (artifact id: '2cfcaed2fb1f7567707c9ed508140646') in 0.023777 seconds
Number of updated asset objects reloaded before import = 0
Number of asset objects unloaded after import = 10
========================================================================
Received Import Request.
  Time since last request: 0.000029 seconds.
  path: Assets/Skyden_Games/Low Poly Environment/Prefabs/Fence06.prefab
  artifactKey: Guid(c617929266cbabc4aa67a68f0e569b27) Importer(815301076,1909f56bfc062723c751e8b465ee728b)
Start importing Assets/Skyden_Games/Low Poly Environment/Prefabs/Fence06.prefab using Guid(c617929266cbabc4aa67a68f0e569b27) Importer(815301076,1909f56bfc062723c751e8b465ee728b) [PhysX] Initialized MultithreadedTaskDispatcher with 8 workers.
[PhysX] Initialized MultithreadedTaskDispatcher with 8 workers.
 -> (artifact id: 'e3e71964e8ee5be7c4077efdb84f34f8') in 0.026981 seconds
Number of updated asset objects reloaded before import = 0
Number of asset objects unloaded after import = 10
========================================================================
Received Import Request.
  Time since last request: 0.000036 seconds.
  path: Assets/Skyden_Games/Low Poly Environment/Prefabs/Cliff 2.prefab
  artifactKey: Guid(fa9b3057ee026bb41a40d9f7eabfef7c) Importer(815301076,1909f56bfc062723c751e8b465ee728b)
Start importing Assets/Skyden_Games/Low Poly Environment/Prefabs/Cliff 2.prefab using Guid(fa9b3057ee026bb41a40d9f7eabfef7c) Importer(815301076,1909f56bfc062723c751e8b465ee728b) [PhysX] Initialized MultithreadedTaskDispatcher with 8 workers.
[PhysX] Initialized MultithreadedTaskDispatcher with 8 workers.
 -> (artifact id: '36f26a66eeb867ec51a9475397323ee4') in 0.025572 seconds
Number of updated asset objects reloaded before import = 0
Number of asset objects unloaded after import = 10
========================================================================
Received Import Request.
  Time since last request: 0.000022 seconds.
  path: Assets/Skyden_Games/Low Poly Environment/Prefabs/Fence02.prefab
  artifactKey: Guid(e6649d0b673185147ab361eff0897599) Importer(815301076,1909f56bfc062723c751e8b465ee728b)
Start importing Assets/Skyden_Games/Low Poly Environment/Prefabs/Fence02.prefab using Guid(e6649d0b673185147ab361eff0897599) Importer(815301076,1909f56bfc062723c751e8b465ee728b) [PhysX] Initialized MultithreadedTaskDispatcher with 8 workers.
[PhysX] Initialized MultithreadedTaskDispatcher with 8 workers.
 -> (artifact id: 'a78a83680b6fc65e39816a6f25e93df1') in 0.025721 seconds
Number of updated asset objects reloaded before import = 0
Number of asset objects unloaded after import = 10
========================================================================
Received Import Request.
  Time since last request: 0.000022 seconds.
  path: Assets/Skyden_Games/Low Poly Environment/Prefabs/Cliff 3.prefab
  artifactKey: Guid(57e9bcdf261a3384eac9e4b8b62615be) Importer(815301076,1909f56bfc062723c751e8b465ee728b)
Start importing Assets/Skyden_Games/Low Poly Environment/Prefabs/Cliff 3.prefab using Guid(57e9bcdf261a3384eac9e4b8b62615be) Importer(815301076,1909f56bfc062723c751e8b465ee728b) [PhysX] Initialized MultithreadedTaskDispatcher with 8 workers.
[PhysX] Initialized MultithreadedTaskDispatcher with 8 workers.
 -> (artifact id: '0b4b41bcac245a55f494408b8b062fe2') in 0.026688 seconds
Number of updated asset objects reloaded before import = 0
Number of asset objects unloaded after import = 10
========================================================================
Received Import Request.
  Time since last request: 0.000030 seconds.
  path: Assets/Skyden_Games/Low Poly Environment/Prefabs/Fram.prefab
  artifactKey: Guid(bde0b0b41bb9b804ebfe2be8949d92c3) Importer(815301076,1909f56bfc062723c751e8b465ee728b)
Start importing Assets/Skyden_Games/Low Poly Environment/Prefabs/Fram.prefab using Guid(bde0b0b41bb9b804ebfe2be8949d92c3) Importer(815301076,1909f56bfc062723c751e8b465ee728b) [PhysX] Initialized MultithreadedTaskDispatcher with 8 workers.
[PhysX] Initialized MultithreadedTaskDispatcher with 8 workers.
 -> (artifact id: '8c7a79196b58aa0ea6c6e8b6adacb84c') in 0.025373 seconds
Number of updated asset objects reloaded before import = 0
Number of asset objects unloaded after import = 10
========================================================================
Received Import Request.
  Time since last request: 0.000023 seconds.
  path: Assets/Skyden_Games/Low Poly Environment/Prefabs/Car 1 .prefab
  artifactKey: Guid(163210dddc5038c469594285e970e3f0) Importer(815301076,1909f56bfc062723c751e8b465ee728b)
Start importing Assets/Skyden_Games/Low Poly Environment/Prefabs/Car 1 .prefab using Guid(163210dddc5038c469594285e970e3f0) Importer(815301076,1909f56bfc062723c751e8b465ee728b) [PhysX] Initialized MultithreadedTaskDispatcher with 8 workers.
[PhysX] Initialized MultithreadedTaskDispatcher with 8 workers.
 -> (artifact id: '38c5e1d44096e524cee79a3eb7fdf5d2') in 0.024425 seconds
Number of updated asset objects reloaded before import = 0
Number of asset objects unloaded after import = 10
========================================================================
Received Import Request.
  Time since last request: 0.000031 seconds.
  path: Assets/Skyden_Games/Low Poly Environment/Prefabs/Cart01.prefab
  artifactKey: Guid(71b738498a3706c488ede0cd9ffd4e93) Importer(815301076,1909f56bfc062723c751e8b465ee728b)
Start importing Assets/Skyden_Games/Low Poly Environment/Prefabs/Cart01.prefab using Guid(71b738498a3706c488ede0cd9ffd4e93) Importer(815301076,1909f56bfc062723c751e8b465ee728b) [PhysX] Initialized MultithreadedTaskDispatcher with 8 workers.
[PhysX] Initialized MultithreadedTaskDispatcher with 8 workers.
 -> (artifact id: '375b4e9321b5cc4c732d611e41a5d529') in 0.025165 seconds
Number of updated asset objects reloaded before import = 0
Number of asset objects unloaded after import = 10
========================================================================
Received Prepare
Caller must complete domain reload
Begin MonoManager ReloadAssembly
- Loaded All Assemblies, in  0.550 seconds
Native extension for WindowsStandalone target not found
Mono: successfully reloaded assembly
- Finished resetting the current domain, in  1.586 seconds
Domain Reload Profiling: 2132ms
	BeginReloadAssembly (195ms)
		ExecutionOrderSort (0ms)
		DisableScriptedObjects (5ms)
		BackupInstance (0ms)
		ReleaseScriptingObjects (0ms)
		CreateAndSetChildDomain (48ms)
	RebuildCommonClasses (37ms)
	RebuildNativeTypeToScriptingClass (11ms)
	initialDomainReloadingComplete (35ms)
	LoadAllAssembliesAndSetupDomain (267ms)
		LoadAssemblies (346ms)
		RebuildTransferFunctionScriptingTraits (0ms)
		AnalyzeDomain (25ms)
			TypeCache.Refresh (9ms)
				TypeCache.ScanAssembly (0ms)
			ScanForSourceGeneratedMonoScriptInfo (8ms)
			ResolveRequiredComponents (6ms)
	FinalizeReload (1587ms)
		ReleaseScriptCaches (0ms)
		RebuildScriptCaches (0ms)
		SetupLoadedEditorAssemblies (548ms)
			LogAssemblyErrors (0ms)
			InitializePlatformSupportModulesInManaged (7ms)
			SetLoadedEditorAssemblies (5ms)
			RefreshPlugins (0ms)
			BeforeProcessingInitializeOnLoad (61ms)
			ProcessInitializeOnLoadAttributes (447ms)
			ProcessInitializeOnLoadMethodAttributes (20ms)
			AfterProcessingInitializeOnLoad (8ms)
			EditorAssembliesLoaded (0ms)
		ExecutionOrderSort2 (0ms)
		AwakeInstancesAfterBackupRestoration (7ms)
Refreshing native plugins compatible for Editor in 3.53 ms, found 3 plugins.
Preloading 0 native plugins for Editor in 0.00 ms.
Unloading 3275 Unused Serialized files (Serialized files now loaded: 0)
Unloading 14 unused Assets / (28.5 KB). Loaded Objects now: 3765.
Memory consumption went from 125.9 MB to 125.9 MB.
Total: 3.823200 ms (FindLiveObjects: 0.293700 ms CreateObjectMapping: 0.118100 ms MarkObjects: 3.311900 ms  DeleteObjects: 0.097400 ms)

Prepare: number of updated asset objects reloaded= 0
AssetImportParameters requested are different than current active one (requested -> active):
  custom:scripting/monoscript/fileName/BuildMergeTabParameters.cs: 2c923f29302a39560b4301c3fd163a7b -> 
  custom:scripting/monoscript/fileName/IncomingChangesTab.cs: 8a20aca125f6d4b837670edb6e36bc05 -> 82bff1d960538992d4e618d909869d2e
  custom:scripting/monoscript/fileName/DiffSelection.cs: 34faf7c86f7e0c9a01162e930679d82f -> 1460aaba4240ef35322cb9c198487990
  custom:scripting/monoscript/fileName/DrawStaticElement.cs: 6cbd346d4a1be2ee84c9ebe55a7f9f79 -> 5765d84d60602f16f5577bf0b7fc6b96
  custom:scripting/monoscript/fileName/MoveDeleteMenu.cs: f1a7b8a8be76c035d934c51863f3b934 -> c4ad4528e772c33a6167006886a8d1da
  custom:scripting/monoscript/fileName/DialogWithCheckBox.cs: 738e3e0af97e826e16805dda77e5f009 -> 
  custom:scripting/monoscript/fileName/DateFilter.cs: de3aab0283a2b4a1d4d64145b14132d5 -> 3a6cb8c2e3ffbb5a9052e322ee5bf411
  custom:scripting/monoscript/fileName/PerformInitialCheckin.cs: be22d181e456c0a8a5713675f29ac72a -> 8ef9a9f407b8b94b2b5fad9d24e61f79
  custom:scripting/monoscript/fileName/ConflictResolutionState.cs: d9394655856a9fc1a0b280bc997bac16 -> 74a230000ff2fd58c5a60ab4258207dc
  custom:scripting/monoscript/fileName/FindWorkspace.cs: 39bbd18bfe6bf4a99f5c185dcda4dd4a -> 6af6c9e9382fef881c020ab184e6f7f5
  custom:container-demuxer-ogg: 62fdf1f143b41e24485cea50d1cbac27 -> 
  custom:scripting/monoscript/fileName/CheckinConflictsDialog.cs: d3af1d70d3f60a9847d2942647274222 -> e13fa04a97fb675842c94586fc602871
  custom:scripting/monoscript/fileName/AuthToken.cs: d22b2893825e943bc1389be142abd57e -> 0fba7e8eb1ec8b699f274cdc956451b2
  custom:scripting/monoscript/fileName/ProgressControlsForDialogs.cs: 6bf8e69ac7dc2163fe988e5d8181ce88 -> 7e6bd1727985204e3b64e1946e589b1c
  custom:scripting/monoscript/fileName/AssetStatusCache.cs: beede06d8a6d93e7907fd192ad653f2b -> 260d5f85663ac58b2a7e9553c453bc3e
  custom:scripting/monoscript/fileName/OrganizationPanel.cs: d7ac1288bef1b15a05bb26d201a4d87f -> 57a57e6a345dbd536e91c348b70943a9
  custom:scripting/monoscript/fileName/ChangeCategoryTreeViewItem.cs: efd70108e1f6ff61ed2723220486adfc -> fd14db176fff061715c8ec88ced1902f
  custom:scripting/monoscript/fileName/CurrentUserAdminCheckResponse.cs: cec2f173fe8732108711c497674c6f66 -> d57c2dcace740834acd59fdfbc5023b8
  custom:scripting/monoscript/fileName/UIElementsExtensions.cs: a191d7293be4538b0adb29dfe5b06a46 -> 52e0d612ab032e4d22e9558b90396b99
  custom:scripting/monoscript/fileName/CreateBranchDialog.cs: c429477092287209232592c8cde1a615 -> 9eb29fda08033b4f847247136c412db6
  custom:scripting/monoscript/fileName/DrawCreateWorkspaceView.cs: 6422239d8f649480614f0dd4f018b7f2 -> c6039ac84d85ab3926aa94de163a9f7d
  custom:scripting/monoscript/fileName/ProjectPath.cs: 5634ebdbea8ca94089eb9622d1b60497 -> 2007f972d3a73eeb86dfe05e849c7f69
  custom:scripting/monoscript/fileName/SSOCredentialsDialog.cs: 8967ceae1bc195ea8dd32b23c42dd852 -> e140ede12a96f68f30062138385171c3
  custom:scripting/monoscript/fileName/DownloadPlasticExeDialog.cs: 2dd40c53d0303d041a27a44a95c331cb -> 093cfe0607c2346a88cdfdfe1435614f
  custom:scripting/monoscript/fileName/GetOperationDelegate.cs: e719058321e4f2be94be212e42f097c8 -> 
  custom:video-codec-MediaFoundation-h265: 746d11721c4dcdbdad8f713fa42b33f4 -> 
  custom:scripting/monoscript/fileName/PendingChangesTab_Operations.cs: c99065f3c85ec85c85ece2a1a30665af -> 15ae6787065f4af65778e981f418a60b
  custom:scripting/monoscript/fileName/LocksListViewItem.cs: cc9cd24c5be4f7363367cba72f12aad4 -> f4a19fabbec093eb3d6a7e1cd4f42611
  custom:scripting/monoscript/fileName/PendingChangesViewPendingChangeMenu.cs: 561ad0f702e1db14300a4a5f810051f9 -> 9a6ef2277212bf26d647c7f12f946287
  custom:scripting/monoscript/fileName/SignInPanel.cs: f7e82045994d4eefe3b021faa87b55c6 -> bac0318ce35e37bed3a2cc8137452435
  custom:scripting/monoscript/fileName/DrawInspectorOperations.cs: 61c4a6a6507d8f84ef5bdf5cba3f0aee -> 8c94fe642e98309082411f46db89106b
  custom:scripting/monoscript/fileName/DrawDirectoryResolutionPanel.cs: b77d9918f02a8eac64394aaf99fa4b28 -> e4e3c9b4bc511687802b504b71016540
  custom:scripting/monoscript/fileName/CloseWindowIfOpened.cs: d820344e932a12600b5fe6fb7e9f1563 -> ce229ef3b7461ff17e2c1af0695a6657
  custom:scripting/monoscript/fileName/SaveAssets.cs: e472a52843752df7d7ad4ca6b2c8da98 -> b56abea3d51c742ac29e4aec958afad6
  custom:scripting/monoscript/fileName/MergeViewMenu.cs: 93bc40369a2f104c249cef1d685ad358 -> c1676e16bdcf215f6595ea9de7a1fc33
  custom:scripting/monoscript/fileName/RepositoriesListView.cs: 9f95c83dc460fb03fb0916472f14b8a7 -> 95287f65338ca0073ad04002a16eaaf7
  custom:scripting/monoscript/fileName/HandleMenuItem.cs: 740e54c5f6dca1acc88cad87af74b744 -> b4ad1ecc5243212c5967125ad5e41b1f
  custom:scripting/monoscript/fileName/ScreenResolution.cs: 5c975132cf4e36dcc261bd0acd604271 -> 7bb7bb5b955671820101b322f0a7bf3d
  custom:scripting/monoscript/fileName/ApplicationDataPath.cs: 8e4094e28762fb76a1baecfe90c6b65e -> 3e8c4ea8debfda8013fed860ac233d22
  custom:scripting/monoscript/fileName/MergeSelection.cs: 6deb9bc55c10a7ac7c9f905a7b92dbe8 -> 630eecd27cae3311e65e09d9c63da8b7
  custom:video-decoder-ogg-theora: a1e56fd34408186e4bbccfd4996cb3dc -> 
  custom:scripting/monoscript/fileName/RepaintInspector.cs: f134606300316994850c28a68d0cb5a3 -> 
  custom:scripting/monoscript/fileName/LockStatusCache.cs: 5e3725e03dc21c716034553589a67eae -> e99b3f34c5cd3eb73ec19439af1f7f80
  custom:scripting/monoscript/fileName/DiffTreeView.cs: 68195907d129ef826aa6b6df7202696d -> 49f46fd2a65ea674a218eead75f27aac
  custom:scripting/monoscript/fileName/DependenciesDialog.cs: 82d30fc8d5e1a73ec0d1ee9acc00fbc2 -> c8902186ab2f4e6471b5dd147afb01b6
  custom:scripting/monoscript/fileName/ChangesetListViewItem.cs: 95a197949f1e777703db60eea8cc21b3 -> d742a4910e302777daa1ccb9c8e92cb9
  custom:scripting/monoscript/fileName/LocksViewMenu.cs: fda08381fa9abca53b6eaf3bf55f14f8 -> 186d8514e824865b191ba1829afe4b33
  custom:scripting/monoscript/fileName/IncomingChangesViewMenu.cs: 5f96afa82d3e2a8078206b7f6d3b0752 -> 13196979a03411533716f6775c9a624b
  custom:scripting/monoscript/fileName/QueryVisualElementsExtensions.cs: 75ea535788abf9c38ba9341c984a6241 -> a49740b6efbb934f55475cc70b864a4c
  custom:scripting/monoscript/fileName/DivergentMoveMenu.cs: 5b146ed65a6a030ab7d86a0d711244f7 -> 98d76b5791494212a0c25aa6a4af7288
  custom:scripting/monoscript/fileName/WriteLogConfiguration.cs: 1a8401f47b522f631a3dc005105719f5 -> 1589212d1638ae91a029ea3ddf9999f2
  custom:scripting/monoscript/fileName/FileSystemOperation.cs: c31a686e69e66801c204a11be56c950a -> f0ccbe91654279794a85bf6f1c034716
  custom:scripting/monoscript/fileName/MigrateCollabProject.cs: af93695e471d9c8e4ad014c4165f2c3c -> 9f3487f03a783b35518405572f20ac9e
  custom:framework-win-MediaFoundation: 216162199b28c13a410421893ffa2e32 -> 
  custom:scripting/monoscript/fileName/ProgressControlsForViews.cs: 7d677c6df38ab15cf390062b5b0bb854 -> a8a18a90f46aa63848e1e45d8d7ff9af
  custom:scripting/monoscript/fileName/DrawAssetOverlay.cs: 04a46044def089f0abcdafdd281e3646 -> 
  custom:scripting/monoscript/fileName/ProjectWindow.cs: c62567a3d71fd74636bc783de5162474 -> 
  custom:scripting/monoscript/fileName/MergeLinksListView.cs: 826afb5fb5988163105086b4bf5027af -> c9488671ae9b14523680d0c19097baa0
  custom:scripting/monoscript/fileName/UnityCloudProjectLinkMonitor.cs: a6d5b729fcd63f578363f7929a986e8b -> 86b74508945daf368996ea82904ac8da
  custom:scripting/monoscript/fileName/EditorProgressBar.cs: 7418be9b22aaea32732f8a5f49569d1c -> 08c2f2b90ef64df631d46389f0e22c8e
  custom:scripting/monoscript/fileName/MeasureMaxWidth.cs: cd9322680ae61d38397008451b7ed0ed -> 1569e3f1dad91a9b01cba66ab6aa30b0
  custom:scripting/monoscript/fileName/ChangesetsListHeaderState.cs: 69fc4f1a2bc3782d7043ec48961a3616 -> fe1392f9b135da83e13fe8a5e5f39fc2
  custom:scripting/monoscript/fileName/PendingChangesTreeHeaderState.cs: 7d278b5569d28437d07554a3bbb56e1b -> 5d7f70d142c9ac67864ec14950523d62
  custom:scripting/monoscript/fileName/ChangelistMenu.cs: ca33bac56b3a337faa90a1b1bba632d6 -> c1bf5aeb760cc5eae584ea3944d6531b
  custom:scripting/monoscript/fileName/MissingEncryptionPasswordPromptHandler.cs: 7f5831fc8a41e9cadd84fcfd0e885072 -> 5d7b9646eb14a39b6d3d5bab19d266ff
  custom:scripting/monoscript/fileName/NotificationBar.cs: d1a4cf5e8103d80fd25347275f906aa8 -> 50f1a85fa18d94338418def78dcd8543
  custom:scripting/monoscript/fileName/EmptyCommentDialog.cs: c9c28ff22d24598d7e4856f434bb1b92 -> 99cc06133e502eab7998108e26fd5614
  custom:scripting/monoscript/fileName/UnityThreadWaiter.cs: dbd556f2802baab90a20da38c288d36c -> 99333406d92d10003984b4d1920de2f9
  custom:scripting/monoscript/fileName/CredentialsDialog.cs: 179b5e49656a1623c2e79d838f0f5876 -> c785d5e40f8d66b7ef7ba04ee7c324e0
  custom:scripting/monoscript/fileName/ProcessHubCommand.cs: 30630f626164e285c361aa64e681100e -> 8ab0fc63fa4d9d749198dd61b09d7e37
  custom:scripting/monoscript/fileName/GetRestorePathDialog.cs: e21eb9983f0b989125951478cd5e9b35 -> 353d1126ca2d2063d5bdbd06806ffc08
  custom:scripting/monoscript/fileName/UpdateReportListHeaderState.cs: 64a5bf775d221ad9a5ff8c78a1e0e1fa -> d6cbe54be2898ed2c96c2e79572c2e08
  custom:scripting/monoscript/fileName/LocksListView.cs: 8c6202774eebcf67be9c3b5a2926cc7c -> 7aa51ff93bcc98aa05dec8b46ec200c4
  custom:scripting/monoscript/fileName/DownloadAndInstallOperation.cs: b043b8d5921892e87f4566e00162cff6 -> 4f4065aeafda2af0ec272a3c228e27b2
  custom:scripting/monoscript/fileName/DiffTreeViewMenu.cs: 3e62bfc69ca7486976988e151b88922e -> 8039fc4ecf68b3e966e1f4822789e7fa
  custom:scripting/monoscript/fileName/UnityStyles.cs: 9cb60b3dfb2aa9ad7fb7f3438dc23bed -> a77bf4c43409620cb9527bf40c7b31b2
  custom:scripting/monoscript/fileName/HistoryTab.cs: 4d086984813cd90d6be245dd8e03a2ba -> d57f000c65fde42a2228c7a105a836e5
  custom:scripting/monoscript/fileName/HistorySelection.cs: 7c3afcf345a55e8b77ea41ca0f570218 -> 3d07a3d1241e204b5420d71f1137eba4
  custom:scripting/monoscript/fileName/CreateWorkspace.cs: 7b3086384e5ddcd73cd5064a3ce31cd2 -> 5256205b5cf0570b6f698c7abe518f5a
  custom:scripting/monoscript/fileName/ShowWindow.cs: c731454122754eec192bc3c53fac3d95 -> a6bb1d20733c178256b38974418d7450
  custom:scripting/monoscript/fileName/LocksListHeaderState.cs: b80c5f044f18764adef2e9dbea5f0fb1 -> c7fe4d3b5f954615048f8e79925d29e3
  custom:scripting/monoscript/fileName/CreateRepositoryDialog.cs: 1e1c5399cf3d0b071c7982c565a710ce -> 5cec3e66b09e0dbe1f805953c5c64af9
  custom:scripting/monoscript/fileName/RenameBranchDialog.cs: a3111a345c6451ee64cd16f1989c2313 -> e5c89c05c87517babb3730e87196a494
  custom:scripting/monoscript/fileName/EncryptionConfigurationDialog.cs: 6423045767c07e6360ff314ec741c601 -> 19e9c54aff6ffc68d60fe11f80578947
  custom:scripting/monoscript/fileName/CheckinProgress.cs: 298ac58365579798eb3b4defc181ccaf -> 75b93dbc5ef307111f0647f735640420
  custom:scripting/monoscript/fileName/AssetCopyPathOperation.cs: 571ede78b6298606a236918df9df62d5 -> 633a9d130b72ba594756844b628f0ae2
  custom:scripting/monoscript/fileName/PendingChangesSelection.cs: 766664749a54eea9ecce5dff917430ef -> 1721ad72d074757364587c71b49d9382
  custom:scripting/monoscript/fileName/LoadAsset.cs: 9042eb334fc462cf466672445be1d4c2 -> 5e4e082aa5b21c13b80eb237fe94d00b
  custom:scripting/monoscript/fileName/Images.cs: 0b0c14141950fed99e3ef33199b3b4c9 -> fbdd1e600315d249327f3effde045c9d
  custom:scripting/monoscript/fileName/DrawLocksListViewItem.cs: ce3a3d64ec2d84c3556ffd4141efc4f7 -> 6201c4d50383e970d554210505562d37
  custom:scripting/monoscript/fileName/DrawProgressForOperations.cs: ea9179848be98ee7719316b39339ef29 -> b544f18e6532ba53bbd1b691fa5cd571
  custom:scripting/monoscript/fileName/ViewSwitcher.cs: bb22cc2814598bf2511f6c811c1dc194 -> dd1f6d6bc6ad5beda69b13cdb560799f
  custom:scripting/monoscript/fileName/RepositoryListViewItem.cs: 2f16ba7694ec7934685021093e722c4e -> 3cabcd81911a2500dcd9e2b6ffae3f00
  custom:scripting/monoscript/fileName/InspectorAssetSelection.cs: 71ba78e42827a9b22a9a6016733d756f -> 4b3c1ae4c44d88205aef26229acfe022
  custom:scripting/monoscript/fileName/UVCPackageVersion.cs: c4d95cb84d9d8dff4727eba6b0a64378 -> 
  custom:scripting/monoscript/fileName/IncomingChangesTreeHeaderState.cs: f578f4545f0afb1f0a2de9a25e26e33b -> 9fcb97ef2da44c66332f5c6800c2e6ed
  custom:scripting/monoscript/fileName/DrawTextBlockWithLink.cs: d38f3ee197d9063693d0301d5157b32c -> 1d43814d810f0d56e2964ad3b72f271e
  custom:scripting/monoscript/fileName/WorkspaceOperationsMonitor.cs: 5f05751fd4d94e02e79a5bf200f98f9a -> 43dcc435c252a54bdaaf4d6588b7d66e
  custom:CustomObjectIndexerAttribute: 9a22284fe3817be447336de3de66b15e -> 
  custom:scripting/monoscript/fileName/ShelvesSelection.cs: 05891c88858e4ac7776c0c0c49b5b74f -> 8a3e11e7cd7bbf10b24988c7bf636dea
  custom:scripting/monoscript/fileName/MacOSConfigWorkaround.cs: 8634a542fc5c45ea8cd9a8244bf2c871 -> 9fe61e763da506601651f6c451cecb0a
  custom:scripting/monoscript/fileName/IncomingChangesSelection.cs: a96a5a084d59fe3917a3831b68fa9479 -> d86f9f4463e6f9d99bb815e1f018ccf1
  custom:scripting/monoscript/fileName/AddMoveMenu.cs: 07e842d83dd343358454fef0a7927a0d -> e681c3341f01390e9c1d636ae93280df
  custom:scripting/monoscript/fileName/PlasticProjectSettingsProvider.cs: c126b47f9f934d48f0646c249a5bfcca -> 8c4ae1aeb34c51d2a5a8924265075ff2
  custom:scripting/monoscript/fileName/AssetMenuItems.cs: 9ce81cedb8e568c6b7b646aa6263645b -> 
  custom:scripting/monoscript/fileName/ToolConstants.cs: a088b027c7b0922429c756f12b0507ea -> 3b0d2490617bc7f94a0bdab65a399e1d
  custom:scripting/monoscript/fileName/MergeTab.cs: f39dce5bbfdc053d284a55fc102a8be9 -> f0a9f00e065364eb63b070091ade67f8
  custom:scripting/monoscript/fileName/GetSelectedPaths.cs: 02423a81496d6c63598b5cdc203f4354 -> be35dd49dddd53fc840b9febf21b4d0d
  custom:scripting/monoscript/fileName/TokenExchangeResponse.cs: 0dd9138dbeab6f132711a5b608de5c13 -> f20183d4cf939766d3c1e15cc3bec2e3
  custom:scripting/monoscript/fileName/ChangesetsTab_Operations.cs: eca44847b108faefa69f8c525242c965 -> 3290c4c0cd248666e01a08ee6d621249
  custom:scripting/monoscript/fileName/OverlayRect.cs: 59d6887e4803f8a44ffaa0409470e410 -> 
  custom:scripting/monoscript/fileName/ConfigurePartialWorkspace.cs: 309d4276b0164b05348aedbd51cc0b2f -> 10fcc6b6d43dd5ed36c43c6f7b5906c4
  custom:scripting/monoscript/fileName/ValidRepositoryName.cs: 43c262be3f66a970816e3d3a3ee8872a -> 56bcf92a3678f6ad6215cae2e4914cfd
  custom:scripting/monoscript/fileName/OtherOptionsFoldout.cs: eea27b9873519c1ea7c35b8afc1b7947 -> cc8f3a7680050422963ebd2bf169a841
  custom:container-demuxer-webm: 4f35f7cbe854078d1ac9338744f61a02 -> 
  custom:scripting/monoscript/fileName/GetPlasticShortcut.cs: 2a84c035152261f00e7e66eb44cd0ffa -> 5c2b7bf07ddd2284efc64b09ef0f1f72
  custom:scripting/monoscript/fileName/ApplyShelveWithConflictsQuestionerBuilder.cs: e109c624745dcc4304c557872b253808 -> 02e4256f31bc905362a382e31c3387eb
  custom:scripting/monoscript/fileName/GuiEnabled.cs: 1b1658fd7715b5cc664c10a130c6b629 -> 7bb13fcc8d8cbd392e00f7232841f086
  custom:scripting/monoscript/fileName/BuildPathDictionary.cs: 943911b84162d26cea47f964f9a0a399 -> 9fabc7cc73fcfc50b8a3307c6aa6ec4d
  custom:scripting/monoscript/fileName/FindEditorWindow.cs: 2bb64182aef631315344623cf583c78a -> 8c3c78bb7e82ac5008f8a2b8a0d68cff
  custom:scripting/monoscript/fileName/ShelvePendingChangesDialog.cs: 47aa4c07d31152c0c1eff64d2ba76cc6 -> 86b1f48b5fbaffa67e939e7f404062e6
  custom:scripting/monoscript/fileName/DrawProgressForViews.cs: c153245b67af73b7ee03f693a1127796 -> 068a172cb549ad77d9873d721698bd0d
  custom:scripting/monoscript/fileName/UpdateReportDialog.cs: 706e7e86547c339cdb3a4462e3f7a54d -> 087837d8f73228f1a817d0de82c77260
  custom:scripting/monoscript/fileName/UnityMergeTree.cs: f81f2d7551ab855fe9dc724f3f2e2892 -> 59edaa0a4669bbcb540a261166adc144
  custom:scripting/monoscript/fileName/CycleMoveMenu.cs: 91c21a0be9b3727d7673f94321029c52 -> b3993a7306fc941f55ca963833965729
  custom:scripting/monoscript/fileName/HistoryListView.cs: 527da2d093462f1c4a278d6957e7d5ac -> 7b2d1d2c12ab43d9d244e35197127919
  custom:scripting/monoscript/fileName/ChangeTreeViewItem.cs: 506ed128854137d9f75f9e3d2576a06b -> b0a38ce0a620643c776a3db4fd91bc4c
  custom:scripting/monoscript/fileName/BringWindowToFront.cs: 88b20f2a2881db6a013f54923d68cdee -> a30c7c1ba746c6d277a5aedd3057d15e
  custom:scripting/monoscript/fileName/ShelvesViewMenu.cs: 947ea245959bf421539573511c3a0058 -> da5dc74b3444288f443961ecab7245d6
  custom:scripting/monoscript/fileName/LaunchCheckinConflictsDialog.cs: 4417eba1591eccb2221bfdce0106c1e0 -> e2c1e3f8f4e14a62e4363fe6259adbc2
  custom:scripting/monoscript/fileName/ParseArguments.cs: 03c1a4d7e357164ca313a0019713c3db -> ae915d9f5fe287ced40627c9ca8bfafd
  custom:scripting/monoscript/fileName/ExternalLink.cs: 685ff1dd6f55eb61a1fd8af84a2aa7f5 -> a8ff952d8c27d10f226ab92b7aa83b69
  custom:scripting/monoscript/fileName/WaitingSignInPanel.cs: 247680fcfc6a176b9fa28a3df600a754 -> 7585e1c7111b6b900784e6d1c9454258
  custom:scripting/monoscript/fileName/OperationProgressData.cs: 0db72349eeecbe9449a517b1d79cc760 -> 15f68712baaea535af36d9e0333c0a6e
  custom:scripting/monoscript/fileName/RepositoriesListHeaderState.cs: c0353a1af15ae4fd3d5a2a3cac816423 -> fb71b961ab7c924511a6b0e8680b60ee
  custom:scripting/monoscript/fileName/ClientDiffTreeViewItem.cs: 56be9d3aa410e770e75de2d8b93be89d -> 43bdd7aa5bf1aa039a5b572c119c38d0
  custom:scripting/monoscript/fileName/CreateWorkspaceView.cs: c40bc4c8524ef3e2374ef997beb2e4a6 -> 9ae2295080d141c0f12d02a71014e11c
  custom:scripting/monoscript/fileName/CommandLineArguments.cs: 0d20ca25f94249586a7c1484c469d8a2 -> 48a62ad3f817c0269ea7fc4a53799594
  custom:scripting/monoscript/fileName/DownloadRepository.cs: 46fc68d9cc4da8e8ed765ff28b2dd438 -> 5bad8d3f76a3fcb41a94637e37c11ab0
  custom:scripting/monoscript/fileName/ParentWindow.cs: 2476d8a6ba9c3055f984ac9792cae61a -> d6aa079e592e01701c5baa3ab98898bc
  custom:scripting/monoscript/fileName/OperationParams.cs: 091a140b35535b91c773ddf98925322d -> 3312c7a4424a66ffbf2f88f056f329aa
  custom:scripting/monoscript/fileName/SignInWithEmailPanel.cs: a5823728eb62cf6dbd8c933c1cb26f53 -> 6e8957c0ed7609303e68389067e72d72
  custom:scripting/monoscript/fileName/LaunchInstaller.cs: f9b7c99441bc32980ce9b95be066824b -> b75efdf5909b501e06cacd9c66f75981
  custom:scripting/monoscript/fileName/GetWindowIfOpened.cs: 84a2356c61155912908cf98a62600c22 -> fd8bfd1a9b371371ebbff48e377726f9
  custom:scripting/monoscript/fileName/AvatarImages.cs: ea6dca998cf0ec5122553a9e010ef687 -> 3aa8c25a350843151ec4070c820c411a
  custom:scripting/monoscript/fileName/DrawUserIcon.cs: 2f65feb9bed897237f97fbf9c5479092 -> 7d5385bf780ae84e648a8b49f8fe0825
  custom:scripting/monoscript/fileName/AssetStatus.cs: b9ea657347f2c22e8e401cdb256c516c -> e017010009bdb28bcb0d7d8ef05e7dd9
  custom:scripting/monoscript/fileName/TreeViewItemExtensions.cs: d22abf8de7a9ab0e852b869a652f100d -> 6849c47ffa8623d630ef12f76bd49905
  custom:scripting/monoscript/fileName/BranchesListView.cs: 334a3fb302f855f71fb71520fb442a71 -> 3f5ed9fe5a1bca512014ae1600ee1666
  custom:scripting/monoscript/fileName/DrawGuiModeSwitcher.cs: 363adc150c5f1c5059a678f179906090 -> d3be34a3134d3fe80ef6b14d0d519128
  custom:scripting/monoscript/fileName/ReviewImportTrigger.cs: fe35605b21ab60185d0380e7106c01fe -> 
  custom:scripting/monoscript/fileName/UnityMenuItem.cs: 5f445176ad3735e69769d93250663be7 -> 73f3c859f1b5092ad362c09e23b3a922
  custom:scripting/monoscript/fileName/WebRestApiClient.cs: 8ab6ae74a3793a3375cc48f328048a82 -> 746756fd499dddd02a4e7ccdbac48be3
  custom:scripting/monoscript/fileName/ShelveListViewItem.cs: a37862556d04b25f75804d991e109d87 -> 373418f0ae11fc25a26ff7fe4f472006
  custom:scripting/monoscript/fileName/OpenPlasticProjectSettings.cs: 5a86fd454f7c9f74b62653e269818d3f -> 
  custom:scripting/monoscript/fileName/PendingChangesOptionsFoldout.cs: 2a2f5a0ba87bd75c4475236a9a012016 -> f9e651bcc5d4441496c88ab59a32f360
  custom:scripting/monoscript/fileName/IncomingChangesTreeView.cs: d8c19bc81b07c04d7721396d2821d297 -> 96479648d4498738733254eb4e4c6fb5
  custom:scripting/monoscript/fileName/GenericProgress.cs: 11287c7d038c487f32d0c8edc476a32d -> 8492ec26f01fc248d3eb3c2f5b3b6c0f
  custom:scripting/monoscript/fileName/ShelvesListView.cs: 0763e4076b11a683fa148282680085c0 -> 01c1f087b2f83b458da6b8ad18736606
  custom:scripting/monoscript/fileName/MergeCategoryTreeViewItem.cs: c1ecd9dc0cd73eb7eb129994dedc1a91 -> 6bd59fcbfeafe06987a54631991d755b
  custom:scripting/monoscript/fileName/CheckinDialog.cs: 1709b78fae1329cc05fd4f39334b25f5 -> 702fdb8d0a3b4bfcb9ba109e71325cad
  custom:scripting/monoscript/fileName/SortOrderComparer.cs: 8f6297df34271fdb1ce2d9607ec6261d -> 90647cc400823b41df847a6cbfc29026
  custom:scripting/monoscript/fileName/GUIActionRunner.cs: 69af7de0762ed6d085feb4cc4b5101b3 -> 4a0608de635b0d82868d57923d68eff7
  custom:scripting/monoscript/fileName/PlasticMenuItem.cs: 30c3a785b4c2607e2ae9aad693d5f604 -> 
  custom:scripting/monoscript/fileName/PendingChangesTreeView.cs: f3722f38014385705913f17dbe0f90c1 -> 17142d220a0a50a3f3d184c4718a0da7
  custom:scripting/monoscript/fileName/VCSPlugin.cs: 69c1b7249af35f35848ae707bd5e7113 -> 
  custom:scripting/monoscript/fileName/GetClientDiffInfos.cs: 4ae14b15e2cf5177a84735548a44cdc9 -> f8db8e637ded2d5e935a953a13b85ebe
  custom:scripting/monoscript/fileName/DrawActionButtonWithMenu.cs: d7f31944358aed2f3ed3982246fca039 -> 8d4f5edd02a1dd0f38c4f2baf5ee8a33
  custom:scripting/monoscript/fileName/ErrorListViewItem.cs: 9bf59c82e9c9992a012a3eb2b6c2bfe5 -> 509edc26860f8be303ec97d68aabc30d
  custom:container-muxer-webm: aa71ff27fc2769a1b78a27578f13a17b -> 
  custom:scripting/monoscript/fileName/EditorProgressControls.cs: b1f133fa38afd918d537a72574fc93a0 -> 2e606eb01a6e6a567f3de9a0379ed3ae
  custom:scripting/monoscript/fileName/BranchesListHeaderState.cs: d47f1164fa7093137db851c4c16ffba3 -> 82eab21603f4efc696334ee80641c2c9
  custom:scripting/monoscript/fileName/DrawSearchField.cs: b11b864a92c7d76f85d4ec87d6faf61c -> 3de70beba9f4447205d50241d95b066a
  custom:scripting/monoscript/fileName/PendingChangesTab.cs: c99065f3c85ec85c85ece2a1a30665af -> 15ae6787065f4af65778e981f418a60b
  custom:scripting/monoscript/fileName/MergeTreeHeaderState.cs: d266e9dd03ced7ec66ad3688e5f18f26 -> 6293ca7f65e9641fcbe12100e705a990
  custom:scripting/monoscript/fileName/BuildGetEventExtraInfoFunction.cs: 1308a6936e8051866a117b3b7c2c7b77 -> 74bfc8c01f931108a3c2b127aa04cc8d
  custom:scripting/monoscript/fileName/ShelvesTab.cs: 88e0da7511313c57d3f51ba183c4d3fc -> fca0a219bdad45e636bd34724e5dc89d
  custom:scripting/monoscript/fileName/ReviewWindow.cs: 3f63ec647dfccbd08084116e1c6b7d19 -> 
  custom:video-decoder-webm-vp8: 9c59270c3fd7afecdb556c50c9e8de78 -> 
  custom:scripting/monoscript/fileName/WelcomeView.cs: 07e35bfe1faa2c52c049eb30958acd54 -> f06c185659ea2f4a75f9397861dc6096
  custom:scripting/monoscript/fileName/DeleteMoveMenu.cs: 39c593e854a9a8ae0e6d34ceb587fce1 -> 4d026cbabd8105e38661f97da078042a
  custom:scripting/monoscript/fileName/PlasticApp.cs: c440a0fb380601a77ad475d6c15d4fa1 -> c57de230d90beac7b586f10b9c7c6cb5
  custom:scripting/monoscript/fileName/ChangesetsTab.cs: ef408d8aaf89e01b17643ed0c836680d -> 46dde8f7856048792ad2e75490bb8c5e
  custom:scripting/monoscript/fileName/DeleteBranchDialog.cs: efbbc070bfeda2b746e8b15a4380cb26 -> 8549b0fc52962c89115fd78724fee578
  custom:scripting/monoscript/fileName/IncomingChangesNotification.cs: d7ac4b8f9ea939309b8ceb7f729100a2 -> caa8ea2c7336b9227381f0971759e01a
  custom:scripting/monoscript/fileName/DrawTreeViewEmptyState.cs: d4c16fd6aad8161eda7d99fd74cbb08e -> 
  custom:scripting/monoscript/fileName/ErrorsListView.cs: cc3142391037796392fcd3fe860891dd -> cd35171982f17897dd5148dda46e0956
  custom:scripting/monoscript/fileName/UnityPendingChangesTree.cs: fd6f0a038401268983bd9328d10dec93 -> f391d9a00dc9e202cee4d4ebcf6d21c0
  custom:scripting/monoscript/fileName/ClientConfiguration.cs: 5f5e47bfb7cedc7420d7e59c6d7ae6f0 -> 01b18b09a6dbb3756e1f42a5b64aab0f
  custom:scripting/monoscript/fileName/AssetVcsOperations.cs: 50ee89e011ba3d800b4e7a9a24aca7e1 -> 
  custom:scripting/monoscript/fileName/PlasticDialog.cs: b0aae1bf1889af041741f324070b7b84 -> 63a17a2b696bc2a13c9046aa16f8cea4
  custom:SearchIndexIgnoredProperties: e643bd26f0fe6173181afceb89e7c659 -> 
  custom:scripting/monoscript/fileName/AutoRefresh.cs: 9d30d5d3f0e8985355be1ab597da1dbb -> 0a8afde180a876655ad16caa14493409
  custom:scripting/monoscript/fileName/PlasticPluginIsEnabledPreference.cs: 7953272c37f4a828a3d1096e7479f346 -> 
  custom:scripting/monoscript/fileName/GetRelativePath.cs: 9b16eb2de9e98b392077181cc34243c1 -> ab04ae5e0cafb93ebf5c96148bb52df0
  custom:scripting/monoscript/fileName/UnityEvents.cs: 253411328de37811883aded592b97268 -> c830e584565fcd66ca0d5a23ad8b9bd6
  custom:AudioImporter_EditorPlatform: d09bf68614088b80899f8185d706f6e7 -> 
  custom:scripting/monoscript/fileName/DeleteChangeMenu.cs: 540c783b689e4d6a4a383862455d5d39 -> bfa368dc06e11abcc107d6f80c7c19c5
  custom:scripting/monoscript/fileName/SelectNewCodeReviewBehavior.cs: df6e8e132199ea6ec467c9bced11011d -> a16edf3a8c3e5ac26863e890f68fd937
  custom:scripting/monoscript/fileName/DockEditorWindow.cs: 581124d5e19667105f2446d6dfbf7982 -> a9e5e467234133af999283610b6e84e6
  custom:scripting/monoscript/fileName/ProjectPackages.cs: e247c98bd45807b228765f9a94d82145 -> 9e9e13e39b2e9718b602503b87245c18
  custom:scripting/monoscript/fileName/BranchesSelection.cs: 7eb1fcb556f0fad697e4ec9d989be099 -> 33b36e7b03910960966036894ec90c7c
  custom:scripting/monoscript/fileName/SaveAction.cs: b68fbb4319dbb368959c40781b39fdf8 -> 27c387bb58f3a69b0c9ff60d2209e18f
  custom:scripting/monoscript/fileName/AutoConfig.cs: 6c4e7f9dc55323aa1299debfe9723aa6 -> bf4bbd2f2e752464ef51dbf102faed17
  custom:scripting/monoscript/fileName/DiffPanel.cs: 02288a38bd14cc2b52a25b302a6f154e -> 210366dab3631628227b9406f87a9b7f
  custom:scripting/monoscript/fileName/PlasticAssetsProcessor.cs: ff731c8aacf4a537dc74c7cf9eaeaed0 -> 
  custom:scripting/monoscript/fileName/DrawActionToolbar.cs: 52293cb82089e0370f52e257f41c0869 -> e05748a99799f26304c1bbafd90f703b
  custom:scripting/monoscript/fileName/TreeViewItemIds.cs: 7d654a2b5b3a10da3e7d8472196e96d1 -> 0cdf409b5aa8d4c25876d72b5c6a3b60
  custom:scripting/monoscript/fileName/EditorVersion.cs: 70953c9eccf7726f70c672a9a51619e9 -> 698aba075b19a52a056d67a7b809d179
  custom:scripting/monoscript/fileName/TeamEditionConfigurationWindow.cs: d06f049421c16e5927ec29f770917e09 -> e53b1ca5561894aaeff930afb696d001
  custom:scripting/monoscript/fileName/ProgressOperationHandler.cs: 5fbb4e0f656dcfaa4498bd2e492e4710 -> ec62666c0ca1649dd33cc6bc6834c6f7
  custom:scripting/monoscript/fileName/UnityPlasticTimer.cs: 961fdb6492c99b4a3eadbed28e78c4b0 -> 6c887e722e951c2964523825cad70c4c
  custom:scripting/monoscript/fileName/TreeHeaderColumns.cs: 9fc4a0396a421346b8aa3b7788860851 -> 316e5ea62e66b20fd6e687a6b9e5958e
  custom:scripting/monoscript/fileName/MergeOptionsDialog.cs: 25ac62df73845405e13f44e4dfdcf0d1 -> 9250ce23d260ab84f87bd5899c6cf983
  custom:scripting/monoscript/fileName/AssetFilesFilterPatternsMenuBuilder.cs: 8fe5de6e5dc3d42fb7e95de2aaedbf5a -> 0d99e7514c6a33cda8314deed8f34bc5
  custom:scripting/monoscript/fileName/MergeTreeView.cs: 143a828a1a236483d3cdc1d010ce9d51 -> 3feb38cec50d3fc7576ddbf07a9a9ce8
  custom:scripting/monoscript/fileName/PlasticNotification.cs: 3629fdff9f054b2013702f5b131b2c47 -> 
  custom:scripting/monoscript/fileName/ConfirmContinueWithPendingChangesDialog.cs: c0e147ff008a0b77c9337132a3ea70af -> 77462b1904ad8f6fee2f8da4523d59fe
  custom:scripting/monoscript/fileName/ShelvesListHeaderState.cs: d3cea237aa496a145829475430d90f29 -> 287f23cbe09ecb9b28ec8dd05ede8846
  custom:scripting/monoscript/fileName/ChangelistTreeViewItem.cs: a4a6f6169cdb3afe249e104e2b7b1a2c -> 87f69636be8bd1a264ec4eac1bffa701
  custom:scripting/monoscript/fileName/CollabPlugin.cs: bda741ff77a19affbf276298e29313ec -> ca276d65e7cd77c5c99d9f119ffdb215
  custom:scripting/monoscript/fileName/TabButton.cs: 757146b89ed597b1d75c77241e5d5f63 -> 
  custom:scripting/monoscript/fileName/LaunchTool.cs: 3ac53c8af1f56365aad9e1ae5366d98d -> 60773d78646dc188d4b2caca77f20b17
  custom:scripting/monoscript/fileName/RunModal.cs: 33b931100ee477e6812324eabaa2e837 -> c83ee2ef642c5d8b8dfd32f033bfc438
  custom:scripting/monoscript/fileName/BranchListViewItem.cs: 8fdaa5aa842f5a70237affa304b9d506 -> 55028f4aef24d6227589aaa95582b2ff
  custom:scripting/monoscript/fileName/GetAvatar.cs: 07c98163f75f0b7c672bd453fc82bf61 -> 04ffae2a9e5a4c32a119f93144f558d2
  custom:scripting/monoscript/fileName/MoveAddMenu.cs: 81d47caeb9f49803adfe1627c8ce5bf4 -> 1fbfab870b2e95fdd8a81f6019f764df
  custom:scripting/monoscript/fileName/FindTool.cs: fc3b0710b24078288fe829d0bb041dd0 -> 2f9d82566cfb01fb68fc30111fb47624
  custom:scripting/monoscript/fileName/ChannelCertificateUiImpl.cs: 75d7831ab5da75cc0082e28863abb142 -> cefccf1e13b7bcf15e3c9f2dd4cd2fc8
  custom:scripting/monoscript/fileName/ApplyCircleMask.cs: 02eb67e485278e7c9b719fee5ff90f4a -> b955b378d261fdcbd6272fe8711d1e4f
  custom:scripting/monoscript/fileName/AssetMenuOperations.cs: 131bfc7279b97eba576abe13a47f8f91 -> ebcce67603e288b4a84d49287db6ef5a
  custom:scripting/monoscript/fileName/ShelveAndSwitchOptionsFoldout.cs: 676902ec49ff9c5abb2a832f067966e8 -> e7b216a23869eafb9aecd00a8905fafa
  custom:scripting/monoscript/fileName/VisualElementExtensions.cs: cd98f4a51563fccdfc39eed097290325 -> 0aad2728225c469038631668406aebb3
  custom:scripting/monoscript/fileName/LocksSelector.cs: 70b046a562568fd78d093736e68a3a58 -> 7b0f4fc5552c1d92ba7f4648526ceb21
  custom:scripting/monoscript/fileName/ListViewItemIds.cs: 8f6297df34271fdb1ce2d9607ec6261d -> 90647cc400823b41df847a6cbfc29026
  custom:scripting/monoscript/fileName/CreateWorkspaceViewState.cs: 1deb37b3c17c224d9a7dca9c990ea191 -> 0fe23b7cca9336b31a27790c714de652
  custom:scripting/monoscript/fileName/MergeLinkListViewItem.cs: ebc1e6f9e3a3005d8f4c51a794adfdaa -> 3fa407d29597803190dd374d88ed170d
  custom:scripting/monoscript/fileName/DrawCommentTextArea.cs: ad5449f632fd412ac0f7ba0d171fd453 -> c58c26552f95f108a8d9610eaf001fbc
  custom:scripting/monoscript/fileName/ErrorsListHeaderState.cs: 9141660c9776c5dac5f980fd03a672a8 -> b961336a4a43551eb826f97c57673007
  custom:scripting/monoscript/fileName/MergeViewDirectoryConflictMenu.cs: d45972e8b5f74223c607a4daa895ff3d -> fad8e1937fc14fd75ca21a68ee1037b8
  custom:scripting/monoscript/fileName/RefreshAsset.cs: 4479d2949a66a97f66d1e550067f3767 -> 5a15c606785f1f54a697bb0d0d846dfb
  custom:scripting/monoscript/fileName/BoolSetting.cs: d67f952c3a5976591f3e9a9e7356bbab -> 12bf039ccd38b0f4ccfffbec3cbbf108
  custom:scripting/monoscript/fileName/CreateChangelistDialog.cs: 774371d4233cc1d394d98dc80507a1f8 -> 386b03e27c951c5f1d63daf7aae486ca
  custom:scripting/monoscript/fileName/HistoryListViewMenu.cs: 15a489e494f04a7ea37a587c7601070e -> 29770348599c8d5473b78d72e5741b40
  custom:scripting/monoscript/fileName/MergeViewFileConflictMenu.cs: d7362b83d6b320a0f0ceaf99dbe21727 -> 8fc0f292158abfa71c2c7b3b6f38d32a
  custom:scripting/monoscript/fileName/FilterRulesConfirmationDialog.cs: 5186d89f21d03764f0cca01c2a0122d7 -> 9c91c6c91f20e6d013a753f32343b327
  custom:scripting/monoscript/fileName/ChangesetsSelection.cs: d154d1782ed752b83834c54a0bde3df9 -> 8b9d539af9f7e269bac4e3d79e9ffab8
  custom:scripting/monoscript/fileName/AssetPostprocessor.cs: 96208057b904410715a8df295ba4f8f4 -> 
  custom:scripting/monoscript/fileName/IsResolved.cs: 67a72533af97b9ab7830798057ab806c -> f54a3e2c5134aa4306f9ad150b1911a9
  custom:scripting/monoscript/fileName/LocalStatusCache.cs: a558fcf5f34357bab4cfc7b75e2bb356 -> 30974ea30517fbfd1b93153f6c849a76
  custom:scripting/monoscript/fileName/RepositoryExplorerDialog.cs: 143e7416b576681e1f2ea71288e530e6 -> eea34924da79ad7254f3e141a891c78d
  custom:scripting/monoscript/fileName/WorkspaceWindow.cs: ff52e13cd29dacd66db0169e14f71a23 -> b042f06133312d3bfed176231d97d77c
  custom:scripting/monoscript/fileName/BranchesTab_Operations.cs: 764cb17e9337c58ad4f5304b60b2042e -> 57c33f76c527a5aba4d269245ffff188
  custom:scripting/monoscript/fileName/DiffAndMergeOptionsFoldout.cs: 080cbf9242c0571bafa2e45ef8932448 -> 2810bae564e92b04bc7ebe4e47a2880b
  custom:scripting/monoscript/fileName/PlasticShutdown.cs: a8df8eeeed98372d06e446171a192a6d -> 
  custom:scripting/monoscript/fileName/FilesFilterPatternsMenuBuilder.cs: 28072cd275c96994687e6d4d0d6e1dff -> cf716a8d336c8113475a9ca67a799ec1
  custom:scripting/monoscript/fileName/HistoryListViewItem.cs: 2d3b1fc954b6bdbae298ec250ade0663 -> 96f2b67ec620b83e35d13f11877e1ac1
  custom:scripting/monoscript/fileName/RemoteStatusCache.cs: 00463e6b90cfe7da080d7c266f783980 -> 402d5663f3675e9324c129274b0c00f2
  custom:scripting/monoscript/fileName/EditorWindowFocus.cs: 1012e4e2e29e9b29bdcc03d8b92762a8 -> f258b0cf85078a7435d001e522d5e8e3
  custom:scripting/monoscript/fileName/EnumExtensions.cs: 24df84756ec75feecd53a80a0991ea16 -> 872fcb89b813d64606e680211dede528
  custom:scripting/monoscript/fileName/NewIncomingChanges.cs: fc48261878ef7e4b956e7172f5803aee -> 
  custom:scripting/monoscript/fileName/IsExeVersion.cs: 093723a3ef9cbad630dfdc60c764eff0 -> 9ef63354090e3419637bfe79e3489687
  custom:video-encoder-webm-vp8: eb34c28f22e8b96e1ab97ce403110664 -> 
  custom:scripting/monoscript/fileName/UnityIncomingChangesTree.cs: f774bb8bf0bd45a254894c795843c695 -> 42967773c43d3de5d23be4ddc6dfd9c4
  custom:scripting/monoscript/fileName/UnityDiffTree.cs: 447fc3a8922f56330f4bae8c9dc9a8be -> 1029ffd567bc0e646e6b119719dcb2ff
  custom:scripting/monoscript/fileName/TreeHeaderSettings.cs: 114eb9e27124403e8e111494b8eaf987 -> 662b1714c0fce36da72bbfe60201987a
  custom:scripting/monoscript/fileName/UnityConstants.cs: 323df5e3c80d05e06517581c776fde34 -> e3d3c3e11a194da9e5bbbfb97087a7bd
  custom:scripting/monoscript/fileName/IsExeAvailable.cs: 3e4283303610c884e542b8f6d3e922d4 -> 4a3dbc5ded94087064afd97407f26631
  custom:scripting/monoscript/fileName/LoadedTwiceMenu.cs: 961f9b82936caa7937046ac23d323c2c -> b54aa2e14eb740621bb6f926af7cb8ef
  custom:scripting/monoscript/fileName/AutoLogin.cs: e67ed70aada38469aeb667115929c368 -> b4cb98371fc38cca00d7123b7e649e12
  custom:scripting/monoscript/fileName/DrawMergeOverview.cs: 1db93bf179b38015949e3a3cb6ef1bd3 -> 49e0e525c3c170f79c20dc6779b7ead8
  custom:audio-decoder-ogg-vorbis: bf7c407c2cedff20999df2af8eb42d56 -> 
  custom:scripting/monoscript/fileName/UpdateReportLineListViewItem.cs: a101f0ba5292fc139445870b3f4af838 -> 9f63395e1ea590dbbab4d59cd0032ac4
  custom:scripting/monoscript/fileName/DrawSplitter.cs: ec7e8739eacabcca3e2946d9833eea0f -> d2f114a8e8e4167f7762d835a83b2f55
  custom:scripting/monoscript/fileName/LaunchDependenciesDialog.cs: e1c527862a66e73f0417ae177d7fdfb5 -> 2cabf22eb95430074b6c730a84e03493
  custom:scripting/monoscript/fileName/CredentialsResponse.cs: 96b135ae1c4ea541dc762170ea524fa9 -> 3dd2507693e56dac75ee7783f598cbb9
  custom:scripting/monoscript/fileName/LaunchDiffOperations.cs: aeae601320588a70eea7590a2f7e0f69 -> 871a0804a9fe2d9f2ad088303a89a63e
  custom:scripting/monoscript/fileName/PlasticSplitterGUILayout.cs: 4cfaefa1a850aceff54713912c4a2bda -> 111849f67dfbfea65ad2a9298ad1654d
  custom:scripting/monoscript/fileName/CheckinDialogOperations.cs: 0b2a2cd4c41cf1865a29cf91b2a96a48 -> d032d69e8060311c06b88286e8f22ddd
  custom:scripting/monoscript/fileName/PendingChangesViewMenu.cs: 68fab310addfd7068cfd7920070496ff -> 9b0019b6df6bb14eb3a2dbafa53fb54b
  custom:scripting/monoscript/fileName/AssetsSelection.cs: 35cec24e81f0cb1de51daeb356abc4ff -> 0227d7ff4d5687932d10967a945a9b06
  custom:scripting/monoscript/fileName/EnumPopupSetting.cs: 8f6297df34271fdb1ce2d9607ec6261d -> 90647cc400823b41df847a6cbfc29026
  custom:scripting/monoscript/fileName/PlasticConnectionMonitor.cs: 920e8e381bfc94da8bb69d336dda57ca -> 
  custom:scripting/monoscript/fileName/HistoryListHeaderState.cs: 6226ef13a567fa81584864f8698be331 -> a87e0364d14866c369ad50d669bdfa85
  custom:scripting/monoscript/fileName/EnableSwitchAndShelveFeatureDialog.cs: 2cb9334d072aaff777efab2d72a2583e -> 03bdf2f298649e7c429ac90c7a3c461a
  custom:scripting/monoscript/fileName/CloudEditionWelcomeWindow.cs: c886fdb39f4b8787e6ea3701a8f88f4a -> b1721e471183956468462f6b64901640
  custom:scripting/monoscript/fileName/AssetsPath.cs: 367269acf8f676d2cdd30fdc387b3920 -> e0e986124adc46d913f0683c34b88c9f
  custom:scripting/monoscript/fileName/MetaPath.cs: 1f80313a7ce6ec6ece505285578f5745 -> 417a84eb354831f828a6752b26c8592d
  custom:scripting/monoscript/fileName/CredentialsUIImpl.cs: 90e9c2de8d7bdd8424e0d89c415108ae -> dbacf67c37819fd95562fe169e706732
  custom:scripting/monoscript/fileName/ChangesetsViewMenu.cs: b720f0168f4ce1b1e0d358a6d5ec9a42 -> 7d1a2de81910b5990e71a0bfff26fdca
  custom:scripting/monoscript/fileName/UnityPlasticGuiMessage.cs: 2a7f71f59c0d7dc731fd345a3713957c -> 24eef0792e3802809607a7f9d04b8f1d
  custom:scripting/monoscript/fileName/OrganizationCredentials.cs: ee462057b3bd23cc3dab953ac4d656e2 -> 0b123406cadd651e9adc01c85fab5124
  custom:scripting/monoscript/fileName/StatusBar.cs: 2c8c488a8bbfe924f6b53b202ff6aadd -> 
  custom:scripting/monoscript/fileName/IsCurrent.cs: 7343ceec4312304bb8b398eeb6c375fa -> cf1fd01890d0fd9f011c1a1a491e2cf0
  custom:scripting/monoscript/fileName/ChangesetFromCollabCommitResponse.cs: b986ab8b1acd322b0367812e2d541734 -> ba336e4117e1b7ee28e4c17197bc3d0e
  custom:scripting/monoscript/fileName/MoveToChangelistMenuBuilder.cs: 3a2ef8cb0baf69e5dadeafc731fe32a9 -> a90b3e388d3e1316fa104d4c9a03e2d1
  custom:scripting/monoscript/fileName/LoadingSpinner.cs: b3299af90b664a9f42123e7df43fae24 -> 6aff0ac022d117a8e24a7b5e4b11904c
  custom:scripting/monoscript/fileName/LocksTab.cs: 134c512484ae73354c15c06a6dc69f9f -> 00ffb5a39c16fdc2d733c7e53471a3a9
  custom:scripting/monoscript/fileName/BranchesTab.cs: 764cb17e9337c58ad4f5304b60b2042e -> 57c33f76c527a5aba4d269245ffff188
  custom:scripting/monoscript/fileName/ToolConfig.cs: 18b1ea271ce5e7b6deea7b4e8e175269 -> fcffc3165b047f54ed6ccafa4c8760dd
  custom:scripting/monoscript/fileName/DropDownTextField.cs: e66e7314096900597993d2b353757d8d -> c8fc484ce140049ff31ebc2c6cbebf28
  custom:scripting/monoscript/fileName/AssetsProcessor.cs: 47679a6e15b70f4fef48eb1b2df31b19 -> 18737889e95cd4088e8dfd4153fa8f40
  custom:scripting/monoscript/fileName/DrawActionButton.cs: d847a7d82ac92cab2b3d0ae268cefb3d -> 81e6708d2b8fa199354e53f85db731a8
  custom:scripting/monoscript/fileName/TableViewOperations.cs: ddc7b903e0dbd6bd109f2bd709b95f0e -> bef3a31deb1fe794a90f767d16e4c868
  custom:scripting/monoscript/fileName/UpdateProgress.cs: 5b04f01bf199310f09ab9522f89c78f4 -> 281e1e05168d6a30be1d8d2f6200bef8
  custom:scripting/monoscript/fileName/OrganizationsInformation.cs: b3f0758c6655b2dad1161792812992fa -> 5f067ea8d90fc79055a3dcfd58ae6dca
  custom:scripting/monoscript/fileName/ChangeDeleteMenu.cs: 652dcd6f863c509bfa0376b6d95ab1ec -> 4fefe66d6e279ce0ac2fdc57d409f232
  custom:scripting/monoscript/fileName/SubscriptionDetailsResponse.cs: e10e0299ef716630c63b8cf5f792cda0 -> e5121cec860a6d1097cc809217b3d8fe
  custom:scripting/monoscript/fileName/DrawProgressForDialogs.cs: 5f8d39e3ea7c4a42148c6b1a7b4ca061 -> a5f2abd8875e7a6afbc171fabfbae81f
  custom:scripting/monoscript/fileName/ToolbarButton.cs: 47dc767626bbd94d66707af31ddc5eb6 -> 
  custom:scripting/monoscript/fileName/ProjectViewAssetSelection.cs: 349dc288d32791de51156d4e59000b7b -> 2560eadaf6a13a74a46a4a207cd5a8b6
  custom:scripting/monoscript/fileName/DrawTreeViewItem.cs: cceebc4f1185658619e40964f29acb08 -> 0921a62a588ab864253743d1f07afb5a
  custom:scripting/monoscript/fileName/DrawSceneOperations.cs: 2426c0c2ee58cd28be59874f6425940c -> d87f46f9fb97181a2f51490ea2e1efc3
  custom:audio-encoder-webm-vorbis: bf7c407c2cedff20999df2af8eb42d56 -> 
  custom:scripting/monoscript/fileName/DrawActionHelpBox.cs: dcd6ec2e7fb1b44f22c4a79ff87b70cd -> c8f6be9dab1e6f8d71e0c63c29679186
  custom:scripting/precompiled-assembly-types:Assembly-CSharp-Editor: d97e9108aef5e4530630ae7a9f295087 -> 
  custom:scripting/monoscript/fileName/PendingChangesMultiColumnHeader.cs: 21802cc6929e0e180fb4f0be8e34d9d0 -> 722de7d6e07a79981d750438e6febb8f
  custom:scripting/monoscript/fileName/EditorDispatcher.cs: c739e073a8c38dbcf59192f45d1004c5 -> 3c402eae57d73cc54863f3f6a13096ae
  custom:scripting/monoscript/fileName/MovedEvilTwinMenu.cs: ce111941dc7264d29598ce7fd2770927 -> d480b839850d28c1c9526cb587fc752d
  custom:scripting/monoscript/fileName/IIncomingChangesTab.cs: d4ceabdc48d8a1872bbe87f04d89a4ff -> 40644cd18074db84684b9e437bf8fa77
  custom:scripting/monoscript/fileName/GetChangesOverlayIcon.cs: f00e4b795697c6cf3092760f3b6fc49d -> d599d6efdee28305661bc0cf6683858a
  custom:scripting/monoscript/fileName/ShelvedChangesNotification.cs: 13b6a2ccd8b4ac1f5ee30c8404cea3b0 -> a27e9e7b242b904f41fc1b16d3a1b3fd
  custom:scripting/monoscript/fileName/EvilTwinMenu.cs: 475a88947051822ca4915306469f9bcc -> 919e4faae0573e49949f6dfbb5a733da
  custom:scripting/monoscript/fileName/ChangesetsListView.cs: caae0aefb36c869f50691482a5cd0944 -> 87b74e0d80cf59010f55e2baaeb6679d
  custom:scripting/monoscript/fileName/UpdateReportListView.cs: 2d8fccdaad50bbd7454b52cf9cb4a0f9 -> 08d26df1ab6c3a7628addc5e54e50b08
  custom:scripting/monoscript/fileName/UnityConfigurationChecker.cs: 59a8f0715a7c89a752351bf42f94abbd -> 874cd65cce0384fef4b60e71fb08a429
  custom:scripting/monoscript/fileName/CheckWorkspaceTreeNodeStatus.cs: 5e11ff64963669981115eb58dc2b6e8b -> 1e1255b803bf7cbc935bb804bf0dbe7b
  custom:scripting/monoscript/fileName/TreeViewSessionState.cs: 8333273b312d475b653610e2871c20a5 -> 9f39a2ca55a7481b8ba078d3a2b6815e
  custom:scripting/monoscript/fileName/ErrorsPanel.cs: 21fc210ee17d5e95782397ef8c7dafab -> 515b7ba9af5e7885ba3068b1d63c6104
  custom:scripting/monoscript/fileName/PlasticPlugin.cs: a57c142b98ca3d4daad221737fd72924 -> c64561980f26020cc3206ae8b1047268
  custom:scripting/monoscript/fileName/SwitchModeConfirmationDialog.cs: 4d9c02587760213784bfe53d012122b4 -> 30cd71d0b3ee4b2689cde689908d301e
  custom:scripting/monoscript/fileName/PlasticWindow.cs: fc467478941f610919bc69526ba2c215 -> 
  custom:scripting/monoscript/fileName/PlasticExeLauncher.cs: caa0b5dda5df50c85bb19d27252d16b9 -> f1da27253760250030952f02cb54965a
  custom:scripting/monoscript/fileName/BranchesViewMenu.cs: 8089f11c30784e2e57775dd6cdbae898 -> 7bfc83e917c9b0b5aa423bb947ce2a38
  custom:scripting/monoscript/fileName/CooldownWindowDelayer.cs: 7816cfcad485500dbac9993c4502ea69 -> 4c95e39c8dd4cfa1bca106097fdb6524
  custom:scripting/monoscript/fileName/GetInstallerTmpFileName.cs: fa7bda723ac795b48e38504727f44981 -> d09e0b5c7a9af5874530e17ef23025f0
  custom:scripting/monoscript/fileName/AssetModificationProcessor.cs: a602c9e59e7db185e3a0d68d986e6fef -> 
  custom:scripting/monoscript/fileName/IsCollabProjectMigratedResponse.cs: 4c3294c6a51e6f42161d191230692016 -> af2b76c693935deee55cfcaed2aa7568
========================================================================
Received Prepare
Caller must complete domain reload
Begin MonoManager ReloadAssembly
- Loaded All Assemblies, in  0.455 seconds
Native extension for WindowsStandalone target not found
Mono: successfully reloaded assembly
- Finished resetting the current domain, in  1.181 seconds
Domain Reload Profiling: 1633ms
	BeginReloadAssembly (154ms)
		ExecutionOrderSort (0ms)
		DisableScriptedObjects (6ms)
		BackupInstance (0ms)
		ReleaseScriptingObjects (0ms)
		CreateAndSetChildDomain (32ms)
	RebuildCommonClasses (35ms)
	RebuildNativeTypeToScriptingClass (12ms)
	initialDomainReloadingComplete (30ms)
	LoadAllAssembliesAndSetupDomain (220ms)
		LoadAssemblies (273ms)
		RebuildTransferFunctionScriptingTraits (0ms)
		AnalyzeDomain (29ms)
			TypeCache.Refresh (10ms)
				TypeCache.ScanAssembly (0ms)
			ScanForSourceGeneratedMonoScriptInfo (9ms)
			ResolveRequiredComponents (7ms)
	FinalizeReload (1182ms)
		ReleaseScriptCaches (0ms)
		RebuildScriptCaches (0ms)
		SetupLoadedEditorAssemblies (551ms)
			LogAssemblyErrors (0ms)
			InitializePlatformSupportModulesInManaged (8ms)
			SetLoadedEditorAssemblies (3ms)
			RefreshPlugins (0ms)
			BeforeProcessingInitializeOnLoad (69ms)
			ProcessInitializeOnLoadAttributes (441ms)
			ProcessInitializeOnLoadMethodAttributes (21ms)
			AfterProcessingInitializeOnLoad (10ms)
			EditorAssembliesLoaded (0ms)
		ExecutionOrderSort2 (0ms)
		AwakeInstancesAfterBackupRestoration (9ms)
Refreshing native plugins compatible for Editor in 3.55 ms, found 3 plugins.
Preloading 0 native plugins for Editor in 0.00 ms.
Unloading 3274 Unused Serialized files (Serialized files now loaded: 0)
Unloading 14 unused Assets / (28.5 KB). Loaded Objects now: 3769.
Memory consumption went from 126.1 MB to 126.1 MB.
Total: 3.213800 ms (FindLiveObjects: 0.249200 ms CreateObjectMapping: 0.103100 ms MarkObjects: 2.815800 ms  DeleteObjects: 0.044300 ms)

Prepare: number of updated asset objects reloaded= 0
AssetImportParameters requested are different than current active one (requested -> active):
  custom:scripting/monoscript/fileName/BuildMergeTabParameters.cs: 2c923f29302a39560b4301c3fd163a7b -> 
  custom:scripting/monoscript/fileName/IncomingChangesTab.cs: 8a20aca125f6d4b837670edb6e36bc05 -> 82bff1d960538992d4e618d909869d2e
  custom:scripting/monoscript/fileName/DiffSelection.cs: 34faf7c86f7e0c9a01162e930679d82f -> 1460aaba4240ef35322cb9c198487990
  custom:scripting/monoscript/fileName/DrawStaticElement.cs: 6cbd346d4a1be2ee84c9ebe55a7f9f79 -> 5765d84d60602f16f5577bf0b7fc6b96
  custom:scripting/monoscript/fileName/MoveDeleteMenu.cs: f1a7b8a8be76c035d934c51863f3b934 -> c4ad4528e772c33a6167006886a8d1da
  custom:scripting/monoscript/fileName/DialogWithCheckBox.cs: 738e3e0af97e826e16805dda77e5f009 -> 
  custom:scripting/monoscript/fileName/DateFilter.cs: de3aab0283a2b4a1d4d64145b14132d5 -> 3a6cb8c2e3ffbb5a9052e322ee5bf411
  custom:scripting/monoscript/fileName/PerformInitialCheckin.cs: be22d181e456c0a8a5713675f29ac72a -> 8ef9a9f407b8b94b2b5fad9d24e61f79
  custom:scripting/monoscript/fileName/ConflictResolutionState.cs: d9394655856a9fc1a0b280bc997bac16 -> 74a230000ff2fd58c5a60ab4258207dc
  custom:scripting/monoscript/fileName/FindWorkspace.cs: 39bbd18bfe6bf4a99f5c185dcda4dd4a -> 6af6c9e9382fef881c020ab184e6f7f5
  custom:container-demuxer-ogg: 62fdf1f143b41e24485cea50d1cbac27 -> 
  custom:scripting/monoscript/fileName/CheckinConflictsDialog.cs: d3af1d70d3f60a9847d2942647274222 -> e13fa04a97fb675842c94586fc602871
  custom:scripting/monoscript/fileName/AuthToken.cs: d22b2893825e943bc1389be142abd57e -> 0fba7e8eb1ec8b699f274cdc956451b2
  custom:scripting/monoscript/fileName/ProgressControlsForDialogs.cs: 6bf8e69ac7dc2163fe988e5d8181ce88 -> 7e6bd1727985204e3b64e1946e589b1c
  custom:scripting/monoscript/fileName/AssetStatusCache.cs: beede06d8a6d93e7907fd192ad653f2b -> 260d5f85663ac58b2a7e9553c453bc3e
  custom:scripting/monoscript/fileName/OrganizationPanel.cs: d7ac1288bef1b15a05bb26d201a4d87f -> 57a57e6a345dbd536e91c348b70943a9
  custom:scripting/monoscript/fileName/ChangeCategoryTreeViewItem.cs: efd70108e1f6ff61ed2723220486adfc -> fd14db176fff061715c8ec88ced1902f
  custom:scripting/monoscript/fileName/CurrentUserAdminCheckResponse.cs: cec2f173fe8732108711c497674c6f66 -> d57c2dcace740834acd59fdfbc5023b8
  custom:scripting/monoscript/fileName/UIElementsExtensions.cs: a191d7293be4538b0adb29dfe5b06a46 -> 52e0d612ab032e4d22e9558b90396b99
  custom:scripting/monoscript/fileName/CreateBranchDialog.cs: c429477092287209232592c8cde1a615 -> 9eb29fda08033b4f847247136c412db6
  custom:scripting/monoscript/fileName/DrawCreateWorkspaceView.cs: 6422239d8f649480614f0dd4f018b7f2 -> c6039ac84d85ab3926aa94de163a9f7d
  custom:scripting/monoscript/fileName/ProjectPath.cs: 5634ebdbea8ca94089eb9622d1b60497 -> 2007f972d3a73eeb86dfe05e849c7f69
  custom:scripting/monoscript/fileName/SSOCredentialsDialog.cs: 8967ceae1bc195ea8dd32b23c42dd852 -> e140ede12a96f68f30062138385171c3
  custom:scripting/monoscript/fileName/DownloadPlasticExeDialog.cs: 2dd40c53d0303d041a27a44a95c331cb -> 093cfe0607c2346a88cdfdfe1435614f
  custom:scripting/monoscript/fileName/GetOperationDelegate.cs: e719058321e4f2be94be212e42f097c8 -> 
  custom:video-codec-MediaFoundation-h265: 746d11721c4dcdbdad8f713fa42b33f4 -> 
  custom:scripting/monoscript/fileName/PendingChangesTab_Operations.cs: c99065f3c85ec85c85ece2a1a30665af -> 15ae6787065f4af65778e981f418a60b
  custom:scripting/monoscript/fileName/LocksListViewItem.cs: cc9cd24c5be4f7363367cba72f12aad4 -> f4a19fabbec093eb3d6a7e1cd4f42611
  custom:scripting/monoscript/fileName/PendingChangesViewPendingChangeMenu.cs: 561ad0f702e1db14300a4a5f810051f9 -> 9a6ef2277212bf26d647c7f12f946287
  custom:scripting/monoscript/fileName/SignInPanel.cs: f7e82045994d4eefe3b021faa87b55c6 -> bac0318ce35e37bed3a2cc8137452435
  custom:scripting/monoscript/fileName/DrawInspectorOperations.cs: 61c4a6a6507d8f84ef5bdf5cba3f0aee -> 8c94fe642e98309082411f46db89106b
  custom:scripting/monoscript/fileName/DrawDirectoryResolutionPanel.cs: b77d9918f02a8eac64394aaf99fa4b28 -> e4e3c9b4bc511687802b504b71016540
  custom:scripting/monoscript/fileName/CloseWindowIfOpened.cs: d820344e932a12600b5fe6fb7e9f1563 -> ce229ef3b7461ff17e2c1af0695a6657
  custom:scripting/monoscript/fileName/SaveAssets.cs: e472a52843752df7d7ad4ca6b2c8da98 -> b56abea3d51c742ac29e4aec958afad6
  custom:scripting/monoscript/fileName/MergeViewMenu.cs: 93bc40369a2f104c249cef1d685ad358 -> c1676e16bdcf215f6595ea9de7a1fc33
  custom:scripting/monoscript/fileName/RepositoriesListView.cs: 9f95c83dc460fb03fb0916472f14b8a7 -> 95287f65338ca0073ad04002a16eaaf7
  custom:scripting/monoscript/fileName/HandleMenuItem.cs: 740e54c5f6dca1acc88cad87af74b744 -> b4ad1ecc5243212c5967125ad5e41b1f
  custom:scripting/monoscript/fileName/ScreenResolution.cs: 5c975132cf4e36dcc261bd0acd604271 -> 7bb7bb5b955671820101b322f0a7bf3d
  custom:scripting/monoscript/fileName/ApplicationDataPath.cs: 8e4094e28762fb76a1baecfe90c6b65e -> 3e8c4ea8debfda8013fed860ac233d22
  custom:scripting/monoscript/fileName/MergeSelection.cs: 6deb9bc55c10a7ac7c9f905a7b92dbe8 -> 630eecd27cae3311e65e09d9c63da8b7
  custom:video-decoder-ogg-theora: a1e56fd34408186e4bbccfd4996cb3dc -> 
  custom:scripting/monoscript/fileName/RepaintInspector.cs: f134606300316994850c28a68d0cb5a3 -> 
  custom:scripting/monoscript/fileName/LockStatusCache.cs: 5e3725e03dc21c716034553589a67eae -> e99b3f34c5cd3eb73ec19439af1f7f80
  custom:scripting/monoscript/fileName/DiffTreeView.cs: 68195907d129ef826aa6b6df7202696d -> 49f46fd2a65ea674a218eead75f27aac
  custom:scripting/monoscript/fileName/DependenciesDialog.cs: 82d30fc8d5e1a73ec0d1ee9acc00fbc2 -> c8902186ab2f4e6471b5dd147afb01b6
  custom:scripting/monoscript/fileName/ChangesetListViewItem.cs: 95a197949f1e777703db60eea8cc21b3 -> d742a4910e302777daa1ccb9c8e92cb9
  custom:scripting/monoscript/fileName/LocksViewMenu.cs: fda08381fa9abca53b6eaf3bf55f14f8 -> 186d8514e824865b191ba1829afe4b33
  custom:scripting/monoscript/fileName/IncomingChangesViewMenu.cs: 5f96afa82d3e2a8078206b7f6d3b0752 -> 13196979a03411533716f6775c9a624b
  custom:scripting/monoscript/fileName/QueryVisualElementsExtensions.cs: 75ea535788abf9c38ba9341c984a6241 -> a49740b6efbb934f55475cc70b864a4c
  custom:scripting/monoscript/fileName/DivergentMoveMenu.cs: 5b146ed65a6a030ab7d86a0d711244f7 -> 98d76b5791494212a0c25aa6a4af7288
  custom:scripting/monoscript/fileName/WriteLogConfiguration.cs: 1a8401f47b522f631a3dc005105719f5 -> 1589212d1638ae91a029ea3ddf9999f2
  custom:scripting/monoscript/fileName/FileSystemOperation.cs: c31a686e69e66801c204a11be56c950a -> f0ccbe91654279794a85bf6f1c034716
  custom:scripting/monoscript/fileName/MigrateCollabProject.cs: af93695e471d9c8e4ad014c4165f2c3c -> 9f3487f03a783b35518405572f20ac9e
  custom:framework-win-MediaFoundation: 216162199b28c13a410421893ffa2e32 -> 
  custom:scripting/monoscript/fileName/ProgressControlsForViews.cs: 7d677c6df38ab15cf390062b5b0bb854 -> a8a18a90f46aa63848e1e45d8d7ff9af
  custom:scripting/monoscript/fileName/DrawAssetOverlay.cs: 04a46044def089f0abcdafdd281e3646 -> 
  custom:scripting/monoscript/fileName/ProjectWindow.cs: c62567a3d71fd74636bc783de5162474 -> 
  custom:scripting/monoscript/fileName/MergeLinksListView.cs: 826afb5fb5988163105086b4bf5027af -> c9488671ae9b14523680d0c19097baa0
  custom:scripting/monoscript/fileName/UnityCloudProjectLinkMonitor.cs: a6d5b729fcd63f578363f7929a986e8b -> 86b74508945daf368996ea82904ac8da
  custom:scripting/monoscript/fileName/EditorProgressBar.cs: 7418be9b22aaea32732f8a5f49569d1c -> 08c2f2b90ef64df631d46389f0e22c8e
  custom:scripting/monoscript/fileName/MeasureMaxWidth.cs: cd9322680ae61d38397008451b7ed0ed -> 1569e3f1dad91a9b01cba66ab6aa30b0
  custom:scripting/monoscript/fileName/ChangesetsListHeaderState.cs: 69fc4f1a2bc3782d7043ec48961a3616 -> fe1392f9b135da83e13fe8a5e5f39fc2
  custom:scripting/monoscript/fileName/PendingChangesTreeHeaderState.cs: 7d278b5569d28437d07554a3bbb56e1b -> 5d7f70d142c9ac67864ec14950523d62
  custom:scripting/monoscript/fileName/ChangelistMenu.cs: ca33bac56b3a337faa90a1b1bba632d6 -> c1bf5aeb760cc5eae584ea3944d6531b
  custom:scripting/monoscript/fileName/MissingEncryptionPasswordPromptHandler.cs: 7f5831fc8a41e9cadd84fcfd0e885072 -> 5d7b9646eb14a39b6d3d5bab19d266ff
  custom:scripting/monoscript/fileName/NotificationBar.cs: d1a4cf5e8103d80fd25347275f906aa8 -> 50f1a85fa18d94338418def78dcd8543
  custom:scripting/monoscript/fileName/EmptyCommentDialog.cs: c9c28ff22d24598d7e4856f434bb1b92 -> 99cc06133e502eab7998108e26fd5614
  custom:scripting/monoscript/fileName/UnityThreadWaiter.cs: dbd556f2802baab90a20da38c288d36c -> 99333406d92d10003984b4d1920de2f9
  custom:scripting/monoscript/fileName/CredentialsDialog.cs: 179b5e49656a1623c2e79d838f0f5876 -> c785d5e40f8d66b7ef7ba04ee7c324e0
  custom:scripting/monoscript/fileName/ProcessHubCommand.cs: 30630f626164e285c361aa64e681100e -> 8ab0fc63fa4d9d749198dd61b09d7e37
  custom:scripting/monoscript/fileName/GetRestorePathDialog.cs: e21eb9983f0b989125951478cd5e9b35 -> 353d1126ca2d2063d5bdbd06806ffc08
  custom:scripting/monoscript/fileName/UpdateReportListHeaderState.cs: 64a5bf775d221ad9a5ff8c78a1e0e1fa -> d6cbe54be2898ed2c96c2e79572c2e08
  custom:scripting/monoscript/fileName/LocksListView.cs: 8c6202774eebcf67be9c3b5a2926cc7c -> 7aa51ff93bcc98aa05dec8b46ec200c4
  custom:scripting/monoscript/fileName/DownloadAndInstallOperation.cs: b043b8d5921892e87f4566e00162cff6 -> 4f4065aeafda2af0ec272a3c228e27b2
  custom:scripting/monoscript/fileName/DiffTreeViewMenu.cs: 3e62bfc69ca7486976988e151b88922e -> 8039fc4ecf68b3e966e1f4822789e7fa
  custom:scripting/monoscript/fileName/UnityStyles.cs: 9cb60b3dfb2aa9ad7fb7f3438dc23bed -> a77bf4c43409620cb9527bf40c7b31b2
  custom:scripting/monoscript/fileName/HistoryTab.cs: 4d086984813cd90d6be245dd8e03a2ba -> d57f000c65fde42a2228c7a105a836e5
  custom:scripting/monoscript/fileName/HistorySelection.cs: 7c3afcf345a55e8b77ea41ca0f570218 -> 3d07a3d1241e204b5420d71f1137eba4
  custom:scripting/monoscript/fileName/CreateWorkspace.cs: 7b3086384e5ddcd73cd5064a3ce31cd2 -> 5256205b5cf0570b6f698c7abe518f5a
  custom:scripting/monoscript/fileName/ShowWindow.cs: c731454122754eec192bc3c53fac3d95 -> a6bb1d20733c178256b38974418d7450
  custom:scripting/monoscript/fileName/LocksListHeaderState.cs: b80c5f044f18764adef2e9dbea5f0fb1 -> c7fe4d3b5f954615048f8e79925d29e3
  custom:scripting/monoscript/fileName/CreateRepositoryDialog.cs: 1e1c5399cf3d0b071c7982c565a710ce -> 5cec3e66b09e0dbe1f805953c5c64af9
  custom:scripting/monoscript/fileName/RenameBranchDialog.cs: a3111a345c6451ee64cd16f1989c2313 -> e5c89c05c87517babb3730e87196a494
  custom:scripting/monoscript/fileName/EncryptionConfigurationDialog.cs: 6423045767c07e6360ff314ec741c601 -> 19e9c54aff6ffc68d60fe11f80578947
  custom:scripting/monoscript/fileName/CheckinProgress.cs: 298ac58365579798eb3b4defc181ccaf -> 75b93dbc5ef307111f0647f735640420
  custom:scripting/monoscript/fileName/AssetCopyPathOperation.cs: 571ede78b6298606a236918df9df62d5 -> 633a9d130b72ba594756844b628f0ae2
  custom:scripting/monoscript/fileName/PendingChangesSelection.cs: 766664749a54eea9ecce5dff917430ef -> 1721ad72d074757364587c71b49d9382
  custom:scripting/monoscript/fileName/LoadAsset.cs: 9042eb334fc462cf466672445be1d4c2 -> 5e4e082aa5b21c13b80eb237fe94d00b
  custom:scripting/monoscript/fileName/Images.cs: 0b0c14141950fed99e3ef33199b3b4c9 -> fbdd1e600315d249327f3effde045c9d
  custom:scripting/monoscript/fileName/DrawLocksListViewItem.cs: ce3a3d64ec2d84c3556ffd4141efc4f7 -> 6201c4d50383e970d554210505562d37
  custom:scripting/monoscript/fileName/DrawProgressForOperations.cs: ea9179848be98ee7719316b39339ef29 -> b544f18e6532ba53bbd1b691fa5cd571
  custom:scripting/monoscript/fileName/ViewSwitcher.cs: bb22cc2814598bf2511f6c811c1dc194 -> dd1f6d6bc6ad5beda69b13cdb560799f
  custom:scripting/monoscript/fileName/RepositoryListViewItem.cs: 2f16ba7694ec7934685021093e722c4e -> 3cabcd81911a2500dcd9e2b6ffae3f00
  custom:scripting/monoscript/fileName/InspectorAssetSelection.cs: 71ba78e42827a9b22a9a6016733d756f -> 4b3c1ae4c44d88205aef26229acfe022
  custom:scripting/monoscript/fileName/UVCPackageVersion.cs: c4d95cb84d9d8dff4727eba6b0a64378 -> 
  custom:scripting/monoscript/fileName/IncomingChangesTreeHeaderState.cs: f578f4545f0afb1f0a2de9a25e26e33b -> 9fcb97ef2da44c66332f5c6800c2e6ed
  custom:scripting/monoscript/fileName/DrawTextBlockWithLink.cs: d38f3ee197d9063693d0301d5157b32c -> 1d43814d810f0d56e2964ad3b72f271e
  custom:scripting/monoscript/fileName/WorkspaceOperationsMonitor.cs: 5f05751fd4d94e02e79a5bf200f98f9a -> 43dcc435c252a54bdaaf4d6588b7d66e
  custom:CustomObjectIndexerAttribute: 9a22284fe3817be447336de3de66b15e -> 
  custom:scripting/monoscript/fileName/ShelvesSelection.cs: 05891c88858e4ac7776c0c0c49b5b74f -> 8a3e11e7cd7bbf10b24988c7bf636dea
  custom:scripting/monoscript/fileName/MacOSConfigWorkaround.cs: 8634a542fc5c45ea8cd9a8244bf2c871 -> 9fe61e763da506601651f6c451cecb0a
  custom:scripting/monoscript/fileName/IncomingChangesSelection.cs: a96a5a084d59fe3917a3831b68fa9479 -> d86f9f4463e6f9d99bb815e1f018ccf1
  custom:scripting/monoscript/fileName/AddMoveMenu.cs: 07e842d83dd343358454fef0a7927a0d -> e681c3341f01390e9c1d636ae93280df
  custom:scripting/monoscript/fileName/PlasticProjectSettingsProvider.cs: c126b47f9f934d48f0646c249a5bfcca -> 8c4ae1aeb34c51d2a5a8924265075ff2
  custom:scripting/monoscript/fileName/AssetMenuItems.cs: 9ce81cedb8e568c6b7b646aa6263645b -> 
  custom:scripting/monoscript/fileName/ToolConstants.cs: a088b027c7b0922429c756f12b0507ea -> 3b0d2490617bc7f94a0bdab65a399e1d
  custom:scripting/monoscript/fileName/MergeTab.cs: f39dce5bbfdc053d284a55fc102a8be9 -> f0a9f00e065364eb63b070091ade67f8
  custom:scripting/monoscript/fileName/GetSelectedPaths.cs: 02423a81496d6c63598b5cdc203f4354 -> be35dd49dddd53fc840b9febf21b4d0d
  custom:scripting/monoscript/fileName/TokenExchangeResponse.cs: 0dd9138dbeab6f132711a5b608de5c13 -> f20183d4cf939766d3c1e15cc3bec2e3
  custom:scripting/monoscript/fileName/ChangesetsTab_Operations.cs: eca44847b108faefa69f8c525242c965 -> 3290c4c0cd248666e01a08ee6d621249
  custom:scripting/monoscript/fileName/OverlayRect.cs: 59d6887e4803f8a44ffaa0409470e410 -> 
  custom:scripting/monoscript/fileName/ConfigurePartialWorkspace.cs: 309d4276b0164b05348aedbd51cc0b2f -> 10fcc6b6d43dd5ed36c43c6f7b5906c4
  custom:scripting/monoscript/fileName/ValidRepositoryName.cs: 43c262be3f66a970816e3d3a3ee8872a -> 56bcf92a3678f6ad6215cae2e4914cfd
  custom:scripting/monoscript/fileName/OtherOptionsFoldout.cs: eea27b9873519c1ea7c35b8afc1b7947 -> cc8f3a7680050422963ebd2bf169a841
  custom:container-demuxer-webm: 4f35f7cbe854078d1ac9338744f61a02 -> 
  custom:scripting/monoscript/fileName/GetPlasticShortcut.cs: 2a84c035152261f00e7e66eb44cd0ffa -> 5c2b7bf07ddd2284efc64b09ef0f1f72
  custom:scripting/monoscript/fileName/ApplyShelveWithConflictsQuestionerBuilder.cs: e109c624745dcc4304c557872b253808 -> 02e4256f31bc905362a382e31c3387eb
  custom:scripting/monoscript/fileName/GuiEnabled.cs: 1b1658fd7715b5cc664c10a130c6b629 -> 7bb13fcc8d8cbd392e00f7232841f086
  custom:scripting/monoscript/fileName/BuildPathDictionary.cs: 943911b84162d26cea47f964f9a0a399 -> 9fabc7cc73fcfc50b8a3307c6aa6ec4d
  custom:scripting/monoscript/fileName/FindEditorWindow.cs: 2bb64182aef631315344623cf583c78a -> 8c3c78bb7e82ac5008f8a2b8a0d68cff
  custom:scripting/monoscript/fileName/ShelvePendingChangesDialog.cs: 47aa4c07d31152c0c1eff64d2ba76cc6 -> 86b1f48b5fbaffa67e939e7f404062e6
  custom:scripting/monoscript/fileName/DrawProgressForViews.cs: c153245b67af73b7ee03f693a1127796 -> 068a172cb549ad77d9873d721698bd0d
  custom:scripting/monoscript/fileName/UpdateReportDialog.cs: 706e7e86547c339cdb3a4462e3f7a54d -> 087837d8f73228f1a817d0de82c77260
  custom:scripting/monoscript/fileName/UnityMergeTree.cs: f81f2d7551ab855fe9dc724f3f2e2892 -> 59edaa0a4669bbcb540a261166adc144
  custom:scripting/monoscript/fileName/CycleMoveMenu.cs: 91c21a0be9b3727d7673f94321029c52 -> b3993a7306fc941f55ca963833965729
  custom:scripting/monoscript/fileName/HistoryListView.cs: 527da2d093462f1c4a278d6957e7d5ac -> 7b2d1d2c12ab43d9d244e35197127919
  custom:scripting/monoscript/fileName/ChangeTreeViewItem.cs: 506ed128854137d9f75f9e3d2576a06b -> b0a38ce0a620643c776a3db4fd91bc4c
  custom:scripting/monoscript/fileName/BringWindowToFront.cs: 88b20f2a2881db6a013f54923d68cdee -> a30c7c1ba746c6d277a5aedd3057d15e
  custom:scripting/monoscript/fileName/ShelvesViewMenu.cs: 947ea245959bf421539573511c3a0058 -> da5dc74b3444288f443961ecab7245d6
  custom:scripting/monoscript/fileName/LaunchCheckinConflictsDialog.cs: 4417eba1591eccb2221bfdce0106c1e0 -> e2c1e3f8f4e14a62e4363fe6259adbc2
  custom:scripting/monoscript/fileName/ParseArguments.cs: 03c1a4d7e357164ca313a0019713c3db -> ae915d9f5fe287ced40627c9ca8bfafd
  custom:scripting/monoscript/fileName/ExternalLink.cs: 685ff1dd6f55eb61a1fd8af84a2aa7f5 -> a8ff952d8c27d10f226ab92b7aa83b69
  custom:scripting/monoscript/fileName/WaitingSignInPanel.cs: 247680fcfc6a176b9fa28a3df600a754 -> 7585e1c7111b6b900784e6d1c9454258
  custom:scripting/monoscript/fileName/OperationProgressData.cs: 0db72349eeecbe9449a517b1d79cc760 -> 15f68712baaea535af36d9e0333c0a6e
  custom:scripting/monoscript/fileName/RepositoriesListHeaderState.cs: c0353a1af15ae4fd3d5a2a3cac816423 -> fb71b961ab7c924511a6b0e8680b60ee
  custom:scripting/monoscript/fileName/ClientDiffTreeViewItem.cs: 56be9d3aa410e770e75de2d8b93be89d -> 43bdd7aa5bf1aa039a5b572c119c38d0
  custom:scripting/monoscript/fileName/CreateWorkspaceView.cs: c40bc4c8524ef3e2374ef997beb2e4a6 -> 9ae2295080d141c0f12d02a71014e11c
  custom:scripting/monoscript/fileName/CommandLineArguments.cs: 0d20ca25f94249586a7c1484c469d8a2 -> 48a62ad3f817c0269ea7fc4a53799594
  custom:scripting/monoscript/fileName/DownloadRepository.cs: 46fc68d9cc4da8e8ed765ff28b2dd438 -> 5bad8d3f76a3fcb41a94637e37c11ab0
  custom:scripting/monoscript/fileName/ParentWindow.cs: 2476d8a6ba9c3055f984ac9792cae61a -> d6aa079e592e01701c5baa3ab98898bc
  custom:scripting/monoscript/fileName/OperationParams.cs: 091a140b35535b91c773ddf98925322d -> 3312c7a4424a66ffbf2f88f056f329aa
  custom:scripting/monoscript/fileName/SignInWithEmailPanel.cs: a5823728eb62cf6dbd8c933c1cb26f53 -> 6e8957c0ed7609303e68389067e72d72
  custom:scripting/monoscript/fileName/LaunchInstaller.cs: f9b7c99441bc32980ce9b95be066824b -> b75efdf5909b501e06cacd9c66f75981
  custom:scripting/monoscript/fileName/GetWindowIfOpened.cs: 84a2356c61155912908cf98a62600c22 -> fd8bfd1a9b371371ebbff48e377726f9
  custom:scripting/monoscript/fileName/AvatarImages.cs: ea6dca998cf0ec5122553a9e010ef687 -> 3aa8c25a350843151ec4070c820c411a
  custom:scripting/monoscript/fileName/DrawUserIcon.cs: 2f65feb9bed897237f97fbf9c5479092 -> 7d5385bf780ae84e648a8b49f8fe0825
  custom:scripting/monoscript/fileName/AssetStatus.cs: b9ea657347f2c22e8e401cdb256c516c -> e017010009bdb28bcb0d7d8ef05e7dd9
  custom:scripting/monoscript/fileName/TreeViewItemExtensions.cs: d22abf8de7a9ab0e852b869a652f100d -> 6849c47ffa8623d630ef12f76bd49905
  custom:scripting/monoscript/fileName/BranchesListView.cs: 334a3fb302f855f71fb71520fb442a71 -> 3f5ed9fe5a1bca512014ae1600ee1666
  custom:scripting/monoscript/fileName/DrawGuiModeSwitcher.cs: 363adc150c5f1c5059a678f179906090 -> d3be34a3134d3fe80ef6b14d0d519128
  custom:scripting/monoscript/fileName/ReviewImportTrigger.cs: fe35605b21ab60185d0380e7106c01fe -> 
  custom:scripting/monoscript/fileName/UnityMenuItem.cs: 5f445176ad3735e69769d93250663be7 -> 73f3c859f1b5092ad362c09e23b3a922
  custom:scripting/monoscript/fileName/WebRestApiClient.cs: 8ab6ae74a3793a3375cc48f328048a82 -> 746756fd499dddd02a4e7ccdbac48be3
  custom:scripting/monoscript/fileName/ShelveListViewItem.cs: a37862556d04b25f75804d991e109d87 -> 373418f0ae11fc25a26ff7fe4f472006
  custom:scripting/monoscript/fileName/OpenPlasticProjectSettings.cs: 5a86fd454f7c9f74b62653e269818d3f -> 
  custom:scripting/monoscript/fileName/PendingChangesOptionsFoldout.cs: 2a2f5a0ba87bd75c4475236a9a012016 -> f9e651bcc5d4441496c88ab59a32f360
  custom:scripting/monoscript/fileName/IncomingChangesTreeView.cs: d8c19bc81b07c04d7721396d2821d297 -> 96479648d4498738733254eb4e4c6fb5
  custom:scripting/monoscript/fileName/GenericProgress.cs: 11287c7d038c487f32d0c8edc476a32d -> 8492ec26f01fc248d3eb3c2f5b3b6c0f
  custom:scripting/monoscript/fileName/ShelvesListView.cs: 0763e4076b11a683fa148282680085c0 -> 01c1f087b2f83b458da6b8ad18736606
  custom:scripting/monoscript/fileName/MergeCategoryTreeViewItem.cs: c1ecd9dc0cd73eb7eb129994dedc1a91 -> 6bd59fcbfeafe06987a54631991d755b
  custom:scripting/monoscript/fileName/CheckinDialog.cs: 1709b78fae1329cc05fd4f39334b25f5 -> 702fdb8d0a3b4bfcb9ba109e71325cad
  custom:scripting/monoscript/fileName/SortOrderComparer.cs: 8f6297df34271fdb1ce2d9607ec6261d -> 90647cc400823b41df847a6cbfc29026
  custom:scripting/monoscript/fileName/GUIActionRunner.cs: 69af7de0762ed6d085feb4cc4b5101b3 -> 4a0608de635b0d82868d57923d68eff7
  custom:scripting/monoscript/fileName/PlasticMenuItem.cs: 30c3a785b4c2607e2ae9aad693d5f604 -> 
  custom:scripting/monoscript/fileName/PendingChangesTreeView.cs: f3722f38014385705913f17dbe0f90c1 -> 17142d220a0a50a3f3d184c4718a0da7
  custom:scripting/monoscript/fileName/VCSPlugin.cs: 69c1b7249af35f35848ae707bd5e7113 -> 
  custom:scripting/monoscript/fileName/GetClientDiffInfos.cs: 4ae14b15e2cf5177a84735548a44cdc9 -> f8db8e637ded2d5e935a953a13b85ebe
  custom:scripting/monoscript/fileName/DrawActionButtonWithMenu.cs: d7f31944358aed2f3ed3982246fca039 -> 8d4f5edd02a1dd0f38c4f2baf5ee8a33
  custom:scripting/monoscript/fileName/ErrorListViewItem.cs: 9bf59c82e9c9992a012a3eb2b6c2bfe5 -> 509edc26860f8be303ec97d68aabc30d
  custom:container-muxer-webm: aa71ff27fc2769a1b78a27578f13a17b -> 
  custom:scripting/monoscript/fileName/EditorProgressControls.cs: b1f133fa38afd918d537a72574fc93a0 -> 2e606eb01a6e6a567f3de9a0379ed3ae
  custom:scripting/monoscript/fileName/BranchesListHeaderState.cs: d47f1164fa7093137db851c4c16ffba3 -> 82eab21603f4efc696334ee80641c2c9
  custom:scripting/monoscript/fileName/DrawSearchField.cs: b11b864a92c7d76f85d4ec87d6faf61c -> 3de70beba9f4447205d50241d95b066a
  custom:scripting/monoscript/fileName/PendingChangesTab.cs: c99065f3c85ec85c85ece2a1a30665af -> 15ae6787065f4af65778e981f418a60b
  custom:scripting/monoscript/fileName/MergeTreeHeaderState.cs: d266e9dd03ced7ec66ad3688e5f18f26 -> 6293ca7f65e9641fcbe12100e705a990
  custom:scripting/monoscript/fileName/BuildGetEventExtraInfoFunction.cs: 1308a6936e8051866a117b3b7c2c7b77 -> 74bfc8c01f931108a3c2b127aa04cc8d
  custom:scripting/monoscript/fileName/ShelvesTab.cs: 88e0da7511313c57d3f51ba183c4d3fc -> fca0a219bdad45e636bd34724e5dc89d
  custom:scripting/monoscript/fileName/ReviewWindow.cs: 3f63ec647dfccbd08084116e1c6b7d19 -> 
  custom:video-decoder-webm-vp8: 9c59270c3fd7afecdb556c50c9e8de78 -> 
  custom:scripting/monoscript/fileName/WelcomeView.cs: 07e35bfe1faa2c52c049eb30958acd54 -> f06c185659ea2f4a75f9397861dc6096
  custom:scripting/monoscript/fileName/DeleteMoveMenu.cs: 39c593e854a9a8ae0e6d34ceb587fce1 -> 4d026cbabd8105e38661f97da078042a
  custom:scripting/monoscript/fileName/PlasticApp.cs: c440a0fb380601a77ad475d6c15d4fa1 -> c57de230d90beac7b586f10b9c7c6cb5
  custom:scripting/monoscript/fileName/ChangesetsTab.cs: ef408d8aaf89e01b17643ed0c836680d -> 46dde8f7856048792ad2e75490bb8c5e
  custom:scripting/monoscript/fileName/DeleteBranchDialog.cs: efbbc070bfeda2b746e8b15a4380cb26 -> 8549b0fc52962c89115fd78724fee578
  custom:scripting/monoscript/fileName/IncomingChangesNotification.cs: d7ac4b8f9ea939309b8ceb7f729100a2 -> caa8ea2c7336b9227381f0971759e01a
  custom:scripting/monoscript/fileName/DrawTreeViewEmptyState.cs: d4c16fd6aad8161eda7d99fd74cbb08e -> 
  custom:scripting/monoscript/fileName/ErrorsListView.cs: cc3142391037796392fcd3fe860891dd -> cd35171982f17897dd5148dda46e0956
  custom:scripting/monoscript/fileName/UnityPendingChangesTree.cs: fd6f0a038401268983bd9328d10dec93 -> f391d9a00dc9e202cee4d4ebcf6d21c0
  custom:scripting/monoscript/fileName/ClientConfiguration.cs: 5f5e47bfb7cedc7420d7e59c6d7ae6f0 -> 01b18b09a6dbb3756e1f42a5b64aab0f
  custom:scripting/monoscript/fileName/AssetVcsOperations.cs: 50ee89e011ba3d800b4e7a9a24aca7e1 -> 
  custom:scripting/monoscript/fileName/PlasticDialog.cs: b0aae1bf1889af041741f324070b7b84 -> 63a17a2b696bc2a13c9046aa16f8cea4
  custom:SearchIndexIgnoredProperties: e643bd26f0fe6173181afceb89e7c659 -> 
  custom:scripting/monoscript/fileName/AutoRefresh.cs: 9d30d5d3f0e8985355be1ab597da1dbb -> 0a8afde180a876655ad16caa14493409
  custom:scripting/monoscript/fileName/PlasticPluginIsEnabledPreference.cs: 7953272c37f4a828a3d1096e7479f346 -> 
  custom:scripting/monoscript/fileName/GetRelativePath.cs: 9b16eb2de9e98b392077181cc34243c1 -> ab04ae5e0cafb93ebf5c96148bb52df0
  custom:scripting/monoscript/fileName/UnityEvents.cs: 253411328de37811883aded592b97268 -> c830e584565fcd66ca0d5a23ad8b9bd6
  custom:AudioImporter_EditorPlatform: d09bf68614088b80899f8185d706f6e7 -> 
  custom:scripting/monoscript/fileName/DeleteChangeMenu.cs: 540c783b689e4d6a4a383862455d5d39 -> bfa368dc06e11abcc107d6f80c7c19c5
  custom:scripting/monoscript/fileName/SelectNewCodeReviewBehavior.cs: df6e8e132199ea6ec467c9bced11011d -> a16edf3a8c3e5ac26863e890f68fd937
  custom:scripting/monoscript/fileName/DockEditorWindow.cs: 581124d5e19667105f2446d6dfbf7982 -> a9e5e467234133af999283610b6e84e6
  custom:scripting/monoscript/fileName/ProjectPackages.cs: e247c98bd45807b228765f9a94d82145 -> 9e9e13e39b2e9718b602503b87245c18
  custom:scripting/monoscript/fileName/BranchesSelection.cs: 7eb1fcb556f0fad697e4ec9d989be099 -> 33b36e7b03910960966036894ec90c7c
  custom:scripting/monoscript/fileName/SaveAction.cs: b68fbb4319dbb368959c40781b39fdf8 -> 27c387bb58f3a69b0c9ff60d2209e18f
  custom:scripting/monoscript/fileName/AutoConfig.cs: 6c4e7f9dc55323aa1299debfe9723aa6 -> bf4bbd2f2e752464ef51dbf102faed17
  custom:scripting/monoscript/fileName/DiffPanel.cs: 02288a38bd14cc2b52a25b302a6f154e -> 210366dab3631628227b9406f87a9b7f
  custom:scripting/monoscript/fileName/PlasticAssetsProcessor.cs: ff731c8aacf4a537dc74c7cf9eaeaed0 -> 
  custom:scripting/monoscript/fileName/DrawActionToolbar.cs: 52293cb82089e0370f52e257f41c0869 -> e05748a99799f26304c1bbafd90f703b
  custom:scripting/monoscript/fileName/TreeViewItemIds.cs: 7d654a2b5b3a10da3e7d8472196e96d1 -> 0cdf409b5aa8d4c25876d72b5c6a3b60
  custom:scripting/monoscript/fileName/EditorVersion.cs: 70953c9eccf7726f70c672a9a51619e9 -> 698aba075b19a52a056d67a7b809d179
  custom:scripting/monoscript/fileName/TeamEditionConfigurationWindow.cs: d06f049421c16e5927ec29f770917e09 -> e53b1ca5561894aaeff930afb696d001
  custom:scripting/monoscript/fileName/ProgressOperationHandler.cs: 5fbb4e0f656dcfaa4498bd2e492e4710 -> ec62666c0ca1649dd33cc6bc6834c6f7
  custom:scripting/monoscript/fileName/UnityPlasticTimer.cs: 961fdb6492c99b4a3eadbed28e78c4b0 -> 6c887e722e951c2964523825cad70c4c
  custom:scripting/monoscript/fileName/TreeHeaderColumns.cs: 9fc4a0396a421346b8aa3b7788860851 -> 316e5ea62e66b20fd6e687a6b9e5958e
  custom:scripting/monoscript/fileName/MergeOptionsDialog.cs: 25ac62df73845405e13f44e4dfdcf0d1 -> 9250ce23d260ab84f87bd5899c6cf983
  custom:scripting/monoscript/fileName/AssetFilesFilterPatternsMenuBuilder.cs: 8fe5de6e5dc3d42fb7e95de2aaedbf5a -> 0d99e7514c6a33cda8314deed8f34bc5
  custom:scripting/monoscript/fileName/MergeTreeView.cs: 143a828a1a236483d3cdc1d010ce9d51 -> 3feb38cec50d3fc7576ddbf07a9a9ce8
  custom:scripting/monoscript/fileName/PlasticNotification.cs: 3629fdff9f054b2013702f5b131b2c47 -> 
  custom:scripting/monoscript/fileName/ConfirmContinueWithPendingChangesDialog.cs: c0e147ff008a0b77c9337132a3ea70af -> 77462b1904ad8f6fee2f8da4523d59fe
  custom:scripting/monoscript/fileName/ShelvesListHeaderState.cs: d3cea237aa496a145829475430d90f29 -> 287f23cbe09ecb9b28ec8dd05ede8846
  custom:scripting/monoscript/fileName/ChangelistTreeViewItem.cs: a4a6f6169cdb3afe249e104e2b7b1a2c -> 87f69636be8bd1a264ec4eac1bffa701
  custom:scripting/monoscript/fileName/CollabPlugin.cs: bda741ff77a19affbf276298e29313ec -> ca276d65e7cd77c5c99d9f119ffdb215
  custom:scripting/monoscript/fileName/TabButton.cs: 757146b89ed597b1d75c77241e5d5f63 -> 
  custom:scripting/monoscript/fileName/LaunchTool.cs: 3ac53c8af1f56365aad9e1ae5366d98d -> 60773d78646dc188d4b2caca77f20b17
  custom:scripting/monoscript/fileName/RunModal.cs: 33b931100ee477e6812324eabaa2e837 -> c83ee2ef642c5d8b8dfd32f033bfc438
  custom:scripting/monoscript/fileName/BranchListViewItem.cs: 8fdaa5aa842f5a70237affa304b9d506 -> 55028f4aef24d6227589aaa95582b2ff
  custom:scripting/monoscript/fileName/GetAvatar.cs: 07c98163f75f0b7c672bd453fc82bf61 -> 04ffae2a9e5a4c32a119f93144f558d2
  custom:scripting/monoscript/fileName/MoveAddMenu.cs: 81d47caeb9f49803adfe1627c8ce5bf4 -> 1fbfab870b2e95fdd8a81f6019f764df
  custom:scripting/monoscript/fileName/FindTool.cs: fc3b0710b24078288fe829d0bb041dd0 -> 2f9d82566cfb01fb68fc30111fb47624
  custom:scripting/monoscript/fileName/ChannelCertificateUiImpl.cs: 75d7831ab5da75cc0082e28863abb142 -> cefccf1e13b7bcf15e3c9f2dd4cd2fc8
  custom:scripting/monoscript/fileName/ApplyCircleMask.cs: 02eb67e485278e7c9b719fee5ff90f4a -> b955b378d261fdcbd6272fe8711d1e4f
  custom:scripting/monoscript/fileName/AssetMenuOperations.cs: 131bfc7279b97eba576abe13a47f8f91 -> ebcce67603e288b4a84d49287db6ef5a
  custom:scripting/monoscript/fileName/ShelveAndSwitchOptionsFoldout.cs: 676902ec49ff9c5abb2a832f067966e8 -> e7b216a23869eafb9aecd00a8905fafa
  custom:scripting/monoscript/fileName/VisualElementExtensions.cs: cd98f4a51563fccdfc39eed097290325 -> 0aad2728225c469038631668406aebb3
  custom:scripting/monoscript/fileName/LocksSelector.cs: 70b046a562568fd78d093736e68a3a58 -> 7b0f4fc5552c1d92ba7f4648526ceb21
  custom:scripting/monoscript/fileName/ListViewItemIds.cs: 8f6297df34271fdb1ce2d9607ec6261d -> 90647cc400823b41df847a6cbfc29026
  custom:scripting/monoscript/fileName/CreateWorkspaceViewState.cs: 1deb37b3c17c224d9a7dca9c990ea191 -> 0fe23b7cca9336b31a27790c714de652
  custom:scripting/monoscript/fileName/MergeLinkListViewItem.cs: ebc1e6f9e3a3005d8f4c51a794adfdaa -> 3fa407d29597803190dd374d88ed170d
  custom:scripting/monoscript/fileName/DrawCommentTextArea.cs: ad5449f632fd412ac0f7ba0d171fd453 -> c58c26552f95f108a8d9610eaf001fbc
  custom:scripting/monoscript/fileName/ErrorsListHeaderState.cs: 9141660c9776c5dac5f980fd03a672a8 -> b961336a4a43551eb826f97c57673007
  custom:scripting/monoscript/fileName/MergeViewDirectoryConflictMenu.cs: d45972e8b5f74223c607a4daa895ff3d -> fad8e1937fc14fd75ca21a68ee1037b8
  custom:scripting/monoscript/fileName/RefreshAsset.cs: 4479d2949a66a97f66d1e550067f3767 -> 5a15c606785f1f54a697bb0d0d846dfb
  custom:scripting/monoscript/fileName/BoolSetting.cs: d67f952c3a5976591f3e9a9e7356bbab -> 12bf039ccd38b0f4ccfffbec3cbbf108
  custom:scripting/monoscript/fileName/CreateChangelistDialog.cs: 774371d4233cc1d394d98dc80507a1f8 -> 386b03e27c951c5f1d63daf7aae486ca
  custom:scripting/monoscript/fileName/HistoryListViewMenu.cs: 15a489e494f04a7ea37a587c7601070e -> 29770348599c8d5473b78d72e5741b40
  custom:scripting/monoscript/fileName/MergeViewFileConflictMenu.cs: d7362b83d6b320a0f0ceaf99dbe21727 -> 8fc0f292158abfa71c2c7b3b6f38d32a
  custom:scripting/monoscript/fileName/FilterRulesConfirmationDialog.cs: 5186d89f21d03764f0cca01c2a0122d7 -> 9c91c6c91f20e6d013a753f32343b327
  custom:scripting/monoscript/fileName/ChangesetsSelection.cs: d154d1782ed752b83834c54a0bde3df9 -> 8b9d539af9f7e269bac4e3d79e9ffab8
  custom:scripting/monoscript/fileName/AssetPostprocessor.cs: 96208057b904410715a8df295ba4f8f4 -> 
  custom:scripting/monoscript/fileName/IsResolved.cs: 67a72533af97b9ab7830798057ab806c -> f54a3e2c5134aa4306f9ad150b1911a9
  custom:scripting/monoscript/fileName/LocalStatusCache.cs: a558fcf5f34357bab4cfc7b75e2bb356 -> 30974ea30517fbfd1b93153f6c849a76
  custom:scripting/monoscript/fileName/RepositoryExplorerDialog.cs: 143e7416b576681e1f2ea71288e530e6 -> eea34924da79ad7254f3e141a891c78d
  custom:scripting/monoscript/fileName/WorkspaceWindow.cs: ff52e13cd29dacd66db0169e14f71a23 -> b042f06133312d3bfed176231d97d77c
  custom:scripting/monoscript/fileName/BranchesTab_Operations.cs: 764cb17e9337c58ad4f5304b60b2042e -> 57c33f76c527a5aba4d269245ffff188
  custom:scripting/monoscript/fileName/DiffAndMergeOptionsFoldout.cs: 080cbf9242c0571bafa2e45ef8932448 -> 2810bae564e92b04bc7ebe4e47a2880b
  custom:scripting/monoscript/fileName/PlasticShutdown.cs: a8df8eeeed98372d06e446171a192a6d -> 
  custom:scripting/monoscript/fileName/FilesFilterPatternsMenuBuilder.cs: 28072cd275c96994687e6d4d0d6e1dff -> cf716a8d336c8113475a9ca67a799ec1
  custom:scripting/monoscript/fileName/HistoryListViewItem.cs: 2d3b1fc954b6bdbae298ec250ade0663 -> 96f2b67ec620b83e35d13f11877e1ac1
  custom:scripting/monoscript/fileName/RemoteStatusCache.cs: 00463e6b90cfe7da080d7c266f783980 -> 402d5663f3675e9324c129274b0c00f2
  custom:scripting/monoscript/fileName/EditorWindowFocus.cs: 1012e4e2e29e9b29bdcc03d8b92762a8 -> f258b0cf85078a7435d001e522d5e8e3
  custom:scripting/monoscript/fileName/EnumExtensions.cs: 24df84756ec75feecd53a80a0991ea16 -> 872fcb89b813d64606e680211dede528
  custom:scripting/monoscript/fileName/NewIncomingChanges.cs: fc48261878ef7e4b956e7172f5803aee -> 
  custom:scripting/monoscript/fileName/IsExeVersion.cs: 093723a3ef9cbad630dfdc60c764eff0 -> 9ef63354090e3419637bfe79e3489687
  custom:video-encoder-webm-vp8: eb34c28f22e8b96e1ab97ce403110664 -> 
  custom:scripting/monoscript/fileName/UnityIncomingChangesTree.cs: f774bb8bf0bd45a254894c795843c695 -> 42967773c43d3de5d23be4ddc6dfd9c4
  custom:scripting/monoscript/fileName/UnityDiffTree.cs: 447fc3a8922f56330f4bae8c9dc9a8be -> 1029ffd567bc0e646e6b119719dcb2ff
  custom:scripting/monoscript/fileName/TreeHeaderSettings.cs: 114eb9e27124403e8e111494b8eaf987 -> 662b1714c0fce36da72bbfe60201987a
  custom:scripting/monoscript/fileName/UnityConstants.cs: 323df5e3c80d05e06517581c776fde34 -> e3d3c3e11a194da9e5bbbfb97087a7bd
  custom:scripting/monoscript/fileName/IsExeAvailable.cs: 3e4283303610c884e542b8f6d3e922d4 -> 4a3dbc5ded94087064afd97407f26631
  custom:scripting/monoscript/fileName/LoadedTwiceMenu.cs: 961f9b82936caa7937046ac23d323c2c -> b54aa2e14eb740621bb6f926af7cb8ef
  custom:scripting/monoscript/fileName/AutoLogin.cs: e67ed70aada38469aeb667115929c368 -> b4cb98371fc38cca00d7123b7e649e12
  custom:scripting/monoscript/fileName/DrawMergeOverview.cs: 1db93bf179b38015949e3a3cb6ef1bd3 -> 49e0e525c3c170f79c20dc6779b7ead8
  custom:audio-decoder-ogg-vorbis: bf7c407c2cedff20999df2af8eb42d56 -> 
  custom:scripting/monoscript/fileName/UpdateReportLineListViewItem.cs: a101f0ba5292fc139445870b3f4af838 -> 9f63395e1ea590dbbab4d59cd0032ac4
  custom:scripting/monoscript/fileName/DrawSplitter.cs: ec7e8739eacabcca3e2946d9833eea0f -> d2f114a8e8e4167f7762d835a83b2f55
  custom:scripting/monoscript/fileName/LaunchDependenciesDialog.cs: e1c527862a66e73f0417ae177d7fdfb5 -> 2cabf22eb95430074b6c730a84e03493
  custom:scripting/monoscript/fileName/CredentialsResponse.cs: 96b135ae1c4ea541dc762170ea524fa9 -> 3dd2507693e56dac75ee7783f598cbb9
  custom:scripting/monoscript/fileName/LaunchDiffOperations.cs: aeae601320588a70eea7590a2f7e0f69 -> 871a0804a9fe2d9f2ad088303a89a63e
  custom:scripting/monoscript/fileName/PlasticSplitterGUILayout.cs: 4cfaefa1a850aceff54713912c4a2bda -> 111849f67dfbfea65ad2a9298ad1654d
  custom:scripting/monoscript/fileName/CheckinDialogOperations.cs: 0b2a2cd4c41cf1865a29cf91b2a96a48 -> d032d69e8060311c06b88286e8f22ddd
  custom:scripting/monoscript/fileName/PendingChangesViewMenu.cs: 68fab310addfd7068cfd7920070496ff -> 9b0019b6df6bb14eb3a2dbafa53fb54b
  custom:scripting/monoscript/fileName/AssetsSelection.cs: 35cec24e81f0cb1de51daeb356abc4ff -> 0227d7ff4d5687932d10967a945a9b06
  custom:scripting/monoscript/fileName/EnumPopupSetting.cs: 8f6297df34271fdb1ce2d9607ec6261d -> 90647cc400823b41df847a6cbfc29026
  custom:scripting/monoscript/fileName/PlasticConnectionMonitor.cs: 920e8e381bfc94da8bb69d336dda57ca -> 
  custom:scripting/monoscript/fileName/HistoryListHeaderState.cs: 6226ef13a567fa81584864f8698be331 -> a87e0364d14866c369ad50d669bdfa85
  custom:scripting/monoscript/fileName/EnableSwitchAndShelveFeatureDialog.cs: 2cb9334d072aaff777efab2d72a2583e -> 03bdf2f298649e7c429ac90c7a3c461a
  custom:scripting/monoscript/fileName/CloudEditionWelcomeWindow.cs: c886fdb39f4b8787e6ea3701a8f88f4a -> b1721e471183956468462f6b64901640
  custom:scripting/monoscript/fileName/AssetsPath.cs: 367269acf8f676d2cdd30fdc387b3920 -> e0e986124adc46d913f0683c34b88c9f
  custom:scripting/monoscript/fileName/MetaPath.cs: 1f80313a7ce6ec6ece505285578f5745 -> 417a84eb354831f828a6752b26c8592d
  custom:scripting/monoscript/fileName/CredentialsUIImpl.cs: 90e9c2de8d7bdd8424e0d89c415108ae -> dbacf67c37819fd95562fe169e706732
  custom:scripting/monoscript/fileName/ChangesetsViewMenu.cs: b720f0168f4ce1b1e0d358a6d5ec9a42 -> 7d1a2de81910b5990e71a0bfff26fdca
  custom:scripting/monoscript/fileName/UnityPlasticGuiMessage.cs: 2a7f71f59c0d7dc731fd345a3713957c -> 24eef0792e3802809607a7f9d04b8f1d
  custom:scripting/monoscript/fileName/OrganizationCredentials.cs: ee462057b3bd23cc3dab953ac4d656e2 -> 0b123406cadd651e9adc01c85fab5124
  custom:scripting/monoscript/fileName/StatusBar.cs: 2c8c488a8bbfe924f6b53b202ff6aadd -> 
  custom:scripting/monoscript/fileName/IsCurrent.cs: 7343ceec4312304bb8b398eeb6c375fa -> cf1fd01890d0fd9f011c1a1a491e2cf0
  custom:scripting/monoscript/fileName/ChangesetFromCollabCommitResponse.cs: b986ab8b1acd322b0367812e2d541734 -> ba336e4117e1b7ee28e4c17197bc3d0e
  custom:scripting/monoscript/fileName/MoveToChangelistMenuBuilder.cs: 3a2ef8cb0baf69e5dadeafc731fe32a9 -> a90b3e388d3e1316fa104d4c9a03e2d1
  custom:scripting/monoscript/fileName/LoadingSpinner.cs: b3299af90b664a9f42123e7df43fae24 -> 6aff0ac022d117a8e24a7b5e4b11904c
  custom:scripting/monoscript/fileName/LocksTab.cs: 134c512484ae73354c15c06a6dc69f9f -> 00ffb5a39c16fdc2d733c7e53471a3a9
  custom:scripting/monoscript/fileName/BranchesTab.cs: 764cb17e9337c58ad4f5304b60b2042e -> 57c33f76c527a5aba4d269245ffff188
  custom:scripting/monoscript/fileName/ToolConfig.cs: 18b1ea271ce5e7b6deea7b4e8e175269 -> fcffc3165b047f54ed6ccafa4c8760dd
  custom:scripting/monoscript/fileName/DropDownTextField.cs: e66e7314096900597993d2b353757d8d -> c8fc484ce140049ff31ebc2c6cbebf28
  custom:scripting/monoscript/fileName/AssetsProcessor.cs: 47679a6e15b70f4fef48eb1b2df31b19 -> 18737889e95cd4088e8dfd4153fa8f40
  custom:scripting/monoscript/fileName/DrawActionButton.cs: d847a7d82ac92cab2b3d0ae268cefb3d -> 81e6708d2b8fa199354e53f85db731a8
  custom:scripting/monoscript/fileName/TableViewOperations.cs: ddc7b903e0dbd6bd109f2bd709b95f0e -> bef3a31deb1fe794a90f767d16e4c868
  custom:scripting/monoscript/fileName/UpdateProgress.cs: 5b04f01bf199310f09ab9522f89c78f4 -> 281e1e05168d6a30be1d8d2f6200bef8
  custom:scripting/monoscript/fileName/OrganizationsInformation.cs: b3f0758c6655b2dad1161792812992fa -> 5f067ea8d90fc79055a3dcfd58ae6dca
  custom:scripting/monoscript/fileName/ChangeDeleteMenu.cs: 652dcd6f863c509bfa0376b6d95ab1ec -> 4fefe66d6e279ce0ac2fdc57d409f232
  custom:scripting/monoscript/fileName/SubscriptionDetailsResponse.cs: e10e0299ef716630c63b8cf5f792cda0 -> e5121cec860a6d1097cc809217b3d8fe
  custom:scripting/monoscript/fileName/DrawProgressForDialogs.cs: 5f8d39e3ea7c4a42148c6b1a7b4ca061 -> a5f2abd8875e7a6afbc171fabfbae81f
  custom:scripting/monoscript/fileName/ToolbarButton.cs: 47dc767626bbd94d66707af31ddc5eb6 -> 
  custom:scripting/monoscript/fileName/ProjectViewAssetSelection.cs: 349dc288d32791de51156d4e59000b7b -> 2560eadaf6a13a74a46a4a207cd5a8b6
  custom:scripting/monoscript/fileName/DrawTreeViewItem.cs: cceebc4f1185658619e40964f29acb08 -> 0921a62a588ab864253743d1f07afb5a
  custom:scripting/monoscript/fileName/DrawSceneOperations.cs: 2426c0c2ee58cd28be59874f6425940c -> d87f46f9fb97181a2f51490ea2e1efc3
  custom:audio-encoder-webm-vorbis: bf7c407c2cedff20999df2af8eb42d56 -> 
  custom:scripting/monoscript/fileName/DrawActionHelpBox.cs: dcd6ec2e7fb1b44f22c4a79ff87b70cd -> c8f6be9dab1e6f8d71e0c63c29679186
  custom:scripting/monoscript/fileName/PendingChangesMultiColumnHeader.cs: 21802cc6929e0e180fb4f0be8e34d9d0 -> 722de7d6e07a79981d750438e6febb8f
  custom:scripting/monoscript/fileName/EditorDispatcher.cs: c739e073a8c38dbcf59192f45d1004c5 -> 3c402eae57d73cc54863f3f6a13096ae
  custom:scripting/monoscript/fileName/MovedEvilTwinMenu.cs: ce111941dc7264d29598ce7fd2770927 -> d480b839850d28c1c9526cb587fc752d
  custom:scripting/monoscript/fileName/IIncomingChangesTab.cs: d4ceabdc48d8a1872bbe87f04d89a4ff -> 40644cd18074db84684b9e437bf8fa77
  custom:scripting/monoscript/fileName/GetChangesOverlayIcon.cs: f00e4b795697c6cf3092760f3b6fc49d -> d599d6efdee28305661bc0cf6683858a
  custom:scripting/monoscript/fileName/ShelvedChangesNotification.cs: 13b6a2ccd8b4ac1f5ee30c8404cea3b0 -> a27e9e7b242b904f41fc1b16d3a1b3fd
  custom:scripting/monoscript/fileName/EvilTwinMenu.cs: 475a88947051822ca4915306469f9bcc -> 919e4faae0573e49949f6dfbb5a733da
  custom:scripting/monoscript/fileName/ChangesetsListView.cs: caae0aefb36c869f50691482a5cd0944 -> 87b74e0d80cf59010f55e2baaeb6679d
  custom:scripting/monoscript/fileName/UpdateReportListView.cs: 2d8fccdaad50bbd7454b52cf9cb4a0f9 -> 08d26df1ab6c3a7628addc5e54e50b08
  custom:scripting/monoscript/fileName/UnityConfigurationChecker.cs: 59a8f0715a7c89a752351bf42f94abbd -> 874cd65cce0384fef4b60e71fb08a429
  custom:scripting/monoscript/fileName/CheckWorkspaceTreeNodeStatus.cs: 5e11ff64963669981115eb58dc2b6e8b -> 1e1255b803bf7cbc935bb804bf0dbe7b
  custom:scripting/monoscript/fileName/TreeViewSessionState.cs: 8333273b312d475b653610e2871c20a5 -> 9f39a2ca55a7481b8ba078d3a2b6815e
  custom:scripting/monoscript/fileName/ErrorsPanel.cs: 21fc210ee17d5e95782397ef8c7dafab -> 515b7ba9af5e7885ba3068b1d63c6104
  custom:scripting/monoscript/fileName/PlasticPlugin.cs: a57c142b98ca3d4daad221737fd72924 -> c64561980f26020cc3206ae8b1047268
  custom:scripting/monoscript/fileName/SwitchModeConfirmationDialog.cs: 4d9c02587760213784bfe53d012122b4 -> 30cd71d0b3ee4b2689cde689908d301e
  custom:scripting/monoscript/fileName/PlasticWindow.cs: fc467478941f610919bc69526ba2c215 -> 
  custom:scripting/monoscript/fileName/PlasticExeLauncher.cs: caa0b5dda5df50c85bb19d27252d16b9 -> f1da27253760250030952f02cb54965a
  custom:scripting/monoscript/fileName/BranchesViewMenu.cs: 8089f11c30784e2e57775dd6cdbae898 -> 7bfc83e917c9b0b5aa423bb947ce2a38
  custom:scripting/monoscript/fileName/CooldownWindowDelayer.cs: 7816cfcad485500dbac9993c4502ea69 -> 4c95e39c8dd4cfa1bca106097fdb6524
  custom:scripting/monoscript/fileName/GetInstallerTmpFileName.cs: fa7bda723ac795b48e38504727f44981 -> d09e0b5c7a9af5874530e17ef23025f0
  custom:scripting/monoscript/fileName/AssetModificationProcessor.cs: a602c9e59e7db185e3a0d68d986e6fef -> 
  custom:scripting/monoscript/fileName/IsCollabProjectMigratedResponse.cs: 4c3294c6a51e6f42161d191230692016 -> af2b76c693935deee55cfcaed2aa7568
========================================================================
Received Import Request.
  Time since last request: 675.571649 seconds.
  path: Assets/Pack_FREE_Cars/Materials/Car_Body.mat
  artifactKey: Guid(97b43c8fc5cbb354895d0bd66b37b6ac) Importer(815301076,1909f56bfc062723c751e8b465ee728b)
Start importing Assets/Pack_FREE_Cars/Materials/Car_Body.mat using Guid(97b43c8fc5cbb354895d0bd66b37b6ac) Importer(815301076,1909f56bfc062723c751e8b465ee728b) [PhysX] Initialized MultithreadedTaskDispatcher with 8 workers.
[PhysX] Initialized MultithreadedTaskDispatcher with 8 workers.
 -> (artifact id: '58fb08e43607c9c8f541f358e53f97b8') in 0.114422 seconds
Number of updated asset objects reloaded before import = 0
Number of asset objects unloaded after import = 1
========================================================================
Received Import Request.
  Time since last request: 0.280688 seconds.
  path: Assets/Pack_FREE_Cars/Models/Cars.fbx
  artifactKey: Guid(67cc45dda15375e4888e52bddff60955) Importer(815301076,1909f56bfc062723c751e8b465ee728b)
Start importing Assets/Pack_FREE_Cars/Models/Cars.fbx using Guid(67cc45dda15375e4888e52bddff60955) Importer(815301076,1909f56bfc062723c751e8b465ee728b) [PhysX] Initialized MultithreadedTaskDispatcher with 8 workers.
[PhysX] Initialized MultithreadedTaskDispatcher with 8 workers.
[PhysX] Initialized MultithreadedTaskDispatcher with 8 workers.
[PhysX] Initialized MultithreadedTaskDispatcher with 8 workers.
[PhysX] Initialized MultithreadedTaskDispatcher with 8 workers.
[PhysX] Initialized MultithreadedTaskDispatcher with 8 workers.
[PhysX] Initialized MultithreadedTaskDispatcher with 8 workers.
[PhysX] Initialized MultithreadedTaskDispatcher with 8 workers.
[PhysX] Initialized MultithreadedTaskDispatcher with 8 workers.
[PhysX] Initialized MultithreadedTaskDispatcher with 8 workers.
[PhysX] Initialized MultithreadedTaskDispatcher with 8 workers.
[PhysX] Initialized MultithreadedTaskDispatcher with 8 workers.
[PhysX] Initialized MultithreadedTaskDispatcher with 8 workers.
[PhysX] Initialized MultithreadedTaskDispatcher with 8 workers.
[PhysX] Initialized MultithreadedTaskDispatcher with 8 workers.
[PhysX] Initialized MultithreadedTaskDispatcher with 8 workers.
[PhysX] Initialized MultithreadedTaskDispatcher with 8 workers.
[PhysX] Initialized MultithreadedTaskDispatcher with 8 workers.
[PhysX] Initialized MultithreadedTaskDispatcher with 8 workers.
[PhysX] Initialized MultithreadedTaskDispatcher with 8 workers.
[PhysX] Initialized MultithreadedTaskDispatcher with 8 workers.
[PhysX] Initialized MultithreadedTaskDispatcher with 8 workers.
[PhysX] Initialized MultithreadedTaskDispatcher with 8 workers.
[PhysX] Initialized MultithreadedTaskDispatcher with 8 workers.
[PhysX] Initialized MultithreadedTaskDispatcher with 8 workers.
[PhysX] Initialized MultithreadedTaskDispatcher with 8 workers.
[PhysX] Initialized MultithreadedTaskDispatcher with 8 workers.
[PhysX] Initialized MultithreadedTaskDispatcher with 8 workers.
[PhysX] Initialized MultithreadedTaskDispatcher with 8 workers.
[PhysX] Initialized MultithreadedTaskDispatcher with 8 workers.
[PhysX] Initialized MultithreadedTaskDispatcher with 8 workers.
[PhysX] Initialized MultithreadedTaskDispatcher with 8 workers.
[PhysX] Initialized MultithreadedTaskDispatcher with 8 workers.
[PhysX] Initialized MultithreadedTaskDispatcher with 8 workers.
[PhysX] Initialized MultithreadedTaskDispatcher with 8 workers.
 -> (artifact id: '5b9b9868479b94c63c865c5f306fba41') in 0.207681 seconds
Number of updated asset objects reloaded before import = 0
Number of asset objects unloaded after import = 126
========================================================================
Received Import Request.
  Time since last request: 1.963461 seconds.
  path: Assets/Pack_FREE_Cars/Prefabs/Hatchback.prefab
  artifactKey: Guid(f40e52a0c26735a46b681671fb2baa40) Importer(815301076,1909f56bfc062723c751e8b465ee728b)
Start importing Assets/Pack_FREE_Cars/Prefabs/Hatchback.prefab using Guid(f40e52a0c26735a46b681671fb2baa40) Importer(815301076,1909f56bfc062723c751e8b465ee728b) [PhysX] Initialized MultithreadedTaskDispatcher with 8 workers.
[PhysX] Initialized MultithreadedTaskDispatcher with 8 workers.
 -> (artifact id: 'b7ab5b1c141e56b463e1950af7a32a71') in 0.026297 seconds
Number of updated asset objects reloaded before import = 0
Number of asset objects unloaded after import = 27
========================================================================
Received Import Request.
  Time since last request: 0.000023 seconds.
  path: Assets/Pack_FREE_Cars/Prefabs/Police.prefab
  artifactKey: Guid(813df9801c30e63479934f054db68d12) Importer(815301076,1909f56bfc062723c751e8b465ee728b)
Start importing Assets/Pack_FREE_Cars/Prefabs/Police.prefab using Guid(813df9801c30e63479934f054db68d12) Importer(815301076,1909f56bfc062723c751e8b465ee728b) [PhysX] Initialized MultithreadedTaskDispatcher with 8 workers.
[PhysX] Initialized MultithreadedTaskDispatcher with 8 workers.
 -> (artifact id: '29e6d711f26775946e25c730fa1a932e') in 0.025383 seconds
Number of updated asset objects reloaded before import = 0
Number of asset objects unloaded after import = 27
========================================================================
Received Import Request.
  Time since last request: 0.000034 seconds.
  path: Assets/Pack_FREE_Cars/Prefabs/Towtruck.prefab
  artifactKey: Guid(50bc8a305f45f224abedbbaaa3046911) Importer(815301076,1909f56bfc062723c751e8b465ee728b)
Start importing Assets/Pack_FREE_Cars/Prefabs/Towtruck.prefab using Guid(50bc8a305f45f224abedbbaaa3046911) Importer(815301076,1909f56bfc062723c751e8b465ee728b) [PhysX] Initialized MultithreadedTaskDispatcher with 8 workers.
[PhysX] Initialized MultithreadedTaskDispatcher with 8 workers.
 -> (artifact id: '87dfeba5df66f3e5c65bae93e386e936') in 0.023538 seconds
Number of updated asset objects reloaded before import = 0
Number of asset objects unloaded after import = 26
========================================================================
Received Import Request.
  Time since last request: 0.000025 seconds.
  path: Assets/Pack_FREE_Cars/Prefabs/VanBig.prefab
  artifactKey: Guid(a107403662659584f9413d0a586f375c) Importer(815301076,1909f56bfc062723c751e8b465ee728b)
Start importing Assets/Pack_FREE_Cars/Prefabs/VanBig.prefab using Guid(a107403662659584f9413d0a586f375c) Importer(815301076,1909f56bfc062723c751e8b465ee728b) [PhysX] Initialized MultithreadedTaskDispatcher with 8 workers.
[PhysX] Initialized MultithreadedTaskDispatcher with 8 workers.
 -> (artifact id: '62129f6c0673931b1e4055d29a134696') in 0.023980 seconds
Number of updated asset objects reloaded before import = 0
Number of asset objects unloaded after import = 27
========================================================================
Received Import Request.
  Time since last request: 120.554247 seconds.
  path: Assets/Pack_FREE_Cars/Materials/Textures
  artifactKey: Guid(5686122981bd3d24b825bcf782660ccf) Importer(815301076,1909f56bfc062723c751e8b465ee728b)
Start importing Assets/Pack_FREE_Cars/Materials/Textures using Guid(5686122981bd3d24b825bcf782660ccf) Importer(815301076,1909f56bfc062723c751e8b465ee728b) [PhysX] Initialized MultithreadedTaskDispatcher with 8 workers.
 -> (artifact id: 'bf696cfb2697939fb231d667189ea1c9') in 0.001487 seconds
Number of updated asset objects reloaded before import = 0
Number of asset objects unloaded after import = 0
========================================================================
Received Import Request.
  Time since last request: 0.050702 seconds.
  path: Assets/Pack_FREE_Cars/Materials/Textures/ColorPalette.png
  artifactKey: Guid(62635b380588389469566bb9367035e6) Importer(815301076,1909f56bfc062723c751e8b465ee728b)
Start importing Assets/Pack_FREE_Cars/Materials/Textures/ColorPalette.png using Guid(62635b380588389469566bb9367035e6) Importer(815301076,1909f56bfc062723c751e8b465ee728b) [PhysX] Initialized MultithreadedTaskDispatcher with 8 workers.
[PhysX] Initialized MultithreadedTaskDispatcher with 8 workers.
 -> (artifact id: '01f1f423c8dd0d2a9c672deef7509ee2') in 0.036211 seconds
Number of updated asset objects reloaded before import = 0
Number of asset objects unloaded after import = 2
========================================================================
Received Import Request.
  Time since last request: 16.633725 seconds.
  path: Assets/Pack_FREE_Cars/Materials/Materials/ColorPalette.mat
  artifactKey: Guid(b41716c147c43c74bb7c92b4cef69e14) Importer(815301076,1909f56bfc062723c751e8b465ee728b)
Start importing Assets/Pack_FREE_Cars/Materials/Materials/ColorPalette.mat using Guid(b41716c147c43c74bb7c92b4cef69e14) Importer(815301076,1909f56bfc062723c751e8b465ee728b) [PhysX] Initialized MultithreadedTaskDispatcher with 8 workers.
[PhysX] Initialized MultithreadedTaskDispatcher with 8 workers.
 -> (artifact id: 'b41cf553c80b4eda9d54f7e5203ff0c5') in 0.025247 seconds
Number of updated asset objects reloaded before import = 0
Number of asset objects unloaded after import = 2
========================================================================
Received Import Request.
  Time since last request: 1.716394 seconds.
  path: Assets/Pack_FREE_Cars/Prefabs/Van.prefab
  artifactKey: Guid(350735ef3b951a54ba6ec49c663c667e) Importer(815301076,1909f56bfc062723c751e8b465ee728b)
Start importing Assets/Pack_FREE_Cars/Prefabs/Van.prefab using Guid(350735ef3b951a54ba6ec49c663c667e) Importer(815301076,1909f56bfc062723c751e8b465ee728b) [PhysX] Initialized MultithreadedTaskDispatcher with 8 workers.
[PhysX] Initialized MultithreadedTaskDispatcher with 8 workers.
 -> (artifact id: '6e8ff732bb7f4408735ceafa5df92d42') in 0.028505 seconds
Number of updated asset objects reloaded before import = 0
Number of asset objects unloaded after import = 27
========================================================================
Received Import Request.
  Time since last request: 77.433285 seconds.
  path: Assets/Palmov Island/Low Poly Atmospheric Locations Pack/Models/Environment
  artifactKey: Guid(335ef6b013983ed4da37d4bace0abfa3) Importer(815301076,1909f56bfc062723c751e8b465ee728b)
Start importing Assets/Palmov Island/Low Poly Atmospheric Locations Pack/Models/Environment using Guid(335ef6b013983ed4da37d4bace0abfa3) Importer(815301076,1909f56bfc062723c751e8b465ee728b) [PhysX] Initialized MultithreadedTaskDispatcher with 8 workers.
 -> (artifact id: '1164f18bd475615fb2b05e0de2095710') in 0.001210 seconds
Number of updated asset objects reloaded before import = 0
Number of asset objects unloaded after import = 0
========================================================================
Received Import Request.
  Time since last request: 7.289355 seconds.
  path: Assets/Palmov Island/Low Poly Atmospheric Locations Pack/Models/Houses/Wooden winter houses/wooden winter house.fbx
  artifactKey: Guid(aeadf798da78d304cb3ac8775589eba4) Importer(815301076,1909f56bfc062723c751e8b465ee728b)
Start importing Assets/Palmov Island/Low Poly Atmospheric Locations Pack/Models/Houses/Wooden winter houses/wooden winter house.fbx using Guid(aeadf798da78d304cb3ac8775589eba4) Importer(815301076,1909f56bfc062723c751e8b465ee728b) [PhysX] Initialized MultithreadedTaskDispatcher with 8 workers.
[PhysX] Initialized MultithreadedTaskDispatcher with 8 workers.
[PhysX] Initialized MultithreadedTaskDispatcher with 8 workers.
 -> (artifact id: '6317d67d8ac3a244aaf74750cae16d63') in 0.043702 seconds
Number of updated asset objects reloaded before import = 0
Number of asset objects unloaded after import = 9
========================================================================
Received Import Request.
  Time since last request: 0.000034 seconds.
  path: Assets/Palmov Island/Low Poly Atmospheric Locations Pack/Models/Houses/Wooden winter houses/wooden winter house 3.fbx
  artifactKey: Guid(bca1a36dbda2e924ab8e10cc11b10586) Importer(815301076,1909f56bfc062723c751e8b465ee728b)
Start importing Assets/Palmov Island/Low Poly Atmospheric Locations Pack/Models/Houses/Wooden winter houses/wooden winter house 3.fbx using Guid(bca1a36dbda2e924ab8e10cc11b10586) Importer(815301076,1909f56bfc062723c751e8b465ee728b) [PhysX] Initialized MultithreadedTaskDispatcher with 8 workers.
[PhysX] Initialized MultithreadedTaskDispatcher with 8 workers.
[PhysX] Initialized MultithreadedTaskDispatcher with 8 workers.
 -> (artifact id: 'c3c7857aab454ade2ed5b82b9d22971c') in 0.042732 seconds
Number of updated asset objects reloaded before import = 0
Number of asset objects unloaded after import = 9
========================================================================
Received Import Request.
  Time since last request: 4.165763 seconds.
  path: Assets/Palmov Island/Low Poly Atmospheric Locations Pack/Models/Plants/bush plant.fbx
  artifactKey: Guid(2278e8d44be66364289409037be9045d) Importer(815301076,1909f56bfc062723c751e8b465ee728b)
Start importing Assets/Palmov Island/Low Poly Atmospheric Locations Pack/Models/Plants/bush plant.fbx using Guid(2278e8d44be66364289409037be9045d) Importer(815301076,1909f56bfc062723c751e8b465ee728b) [PhysX] Initialized MultithreadedTaskDispatcher with 8 workers.
[PhysX] Initialized MultithreadedTaskDispatcher with 8 workers.
[PhysX] Initialized MultithreadedTaskDispatcher with 8 workers.
 -> (artifact id: '4c3c6d562582496281c37d1796542c73') in 0.040403 seconds
Number of updated asset objects reloaded before import = 0
Number of asset objects unloaded after import = 9
========================================================================
Received Import Request.
  Time since last request: 0.401150 seconds.
  path: Assets/Palmov Island/Low Poly Atmospheric Locations Pack/Models/Stones/stone medium.fbx
  artifactKey: Guid(3fd3249b0d26c8344adc16280798a45b) Importer(815301076,1909f56bfc062723c751e8b465ee728b)
Start importing Assets/Palmov Island/Low Poly Atmospheric Locations Pack/Models/Stones/stone medium.fbx using Guid(3fd3249b0d26c8344adc16280798a45b) Importer(815301076,1909f56bfc062723c751e8b465ee728b) [PhysX] Initialized MultithreadedTaskDispatcher with 8 workers.
[PhysX] Initialized MultithreadedTaskDispatcher with 8 workers.
[PhysX] Initialized MultithreadedTaskDispatcher with 8 workers.
 -> (artifact id: '99a0c6d97f73ada40c829763291b779c') in 0.037294 seconds
Number of updated asset objects reloaded before import = 0
Number of asset objects unloaded after import = 9
========================================================================
Received Import Request.
  Time since last request: 0.556551 seconds.
  path: Assets/Palmov Island/Low Poly Atmospheric Locations Pack/Models/Trees/christmas tree.fbx
  artifactKey: Guid(3d84d036ecd4c32448dc907beb8de3b2) Importer(815301076,1909f56bfc062723c751e8b465ee728b)
Start importing Assets/Palmov Island/Low Poly Atmospheric Locations Pack/Models/Trees/christmas tree.fbx using Guid(3d84d036ecd4c32448dc907beb8de3b2) Importer(815301076,1909f56bfc062723c751e8b465ee728b) [PhysX] Initialized MultithreadedTaskDispatcher with 8 workers.
[PhysX] Initialized MultithreadedTaskDispatcher with 8 workers.
[PhysX] Initialized MultithreadedTaskDispatcher with 8 workers.
 -> (artifact id: 'ee05243c150cec9da4578278ddfa044f') in 0.033608 seconds
Number of updated asset objects reloaded before import = 0
Number of asset objects unloaded after import = 9
========================================================================
Received Import Request.
  Time since last request: 0.000025 seconds.
  path: Assets/Palmov Island/Low Poly Atmospheric Locations Pack/Models/Trees/tree 2.fbx
  artifactKey: Guid(642ff346fbb34064b8ca44c317b31f4a) Importer(815301076,1909f56bfc062723c751e8b465ee728b)
Start importing Assets/Palmov Island/Low Poly Atmospheric Locations Pack/Models/Trees/tree 2.fbx using Guid(642ff346fbb34064b8ca44c317b31f4a) Importer(815301076,1909f56bfc062723c751e8b465ee728b) [PhysX] Initialized MultithreadedTaskDispatcher with 8 workers.
[PhysX] Initialized MultithreadedTaskDispatcher with 8 workers.
[PhysX] Initialized MultithreadedTaskDispatcher with 8 workers.
 -> (artifact id: '12864e5b7654bc8e265680f0f294826b') in 0.035796 seconds
Number of updated asset objects reloaded before import = 0
Number of asset objects unloaded after import = 9
========================================================================
Received Import Request.
  Time since last request: 18.732476 seconds.
  path: Assets/Palmov Island/Low Poly Atmospheric Locations Pack/Models/Environment/Barrels
  artifactKey: Guid(70839275e91435049a17271d6ed7c558) Importer(815301076,1909f56bfc062723c751e8b465ee728b)
Start importing Assets/Palmov Island/Low Poly Atmospheric Locations Pack/Models/Environment/Barrels using Guid(70839275e91435049a17271d6ed7c558) Importer(815301076,1909f56bfc062723c751e8b465ee728b) [PhysX] Initialized MultithreadedTaskDispatcher with 8 workers.
 -> (artifact id: '5339e828b6ebe50f2a28c55886ad48d2') in 0.001565 seconds
Number of updated asset objects reloaded before import = 0
Number of asset objects unloaded after import = 0
========================================================================
Received Import Request.
  Time since last request: 0.078509 seconds.
  path: Assets/Palmov Island/Low Poly Atmospheric Locations Pack/Models/Environment/Barrels/barrel.fbx
  artifactKey: Guid(ff5ea9abf543a2a4283fd884a715c071) Importer(815301076,1909f56bfc062723c751e8b465ee728b)
Start importing Assets/Palmov Island/Low Poly Atmospheric Locations Pack/Models/Environment/Barrels/barrel.fbx using Guid(ff5ea9abf543a2a4283fd884a715c071) Importer(815301076,1909f56bfc062723c751e8b465ee728b) [PhysX] Initialized MultithreadedTaskDispatcher with 8 workers.
[PhysX] Initialized MultithreadedTaskDispatcher with 8 workers.
[PhysX] Initialized MultithreadedTaskDispatcher with 8 workers.
 -> (artifact id: '428e2d092937828c9cf4395657afac62') in 0.043398 seconds
Number of updated asset objects reloaded before import = 0
Number of asset objects unloaded after import = 9
========================================================================
Received Import Request.
  Time since last request: 3.928740 seconds.
  path: Assets/Palmov Island/Low Poly Atmospheric Locations Pack/Models/Environment/Sports environment
  artifactKey: Guid(405159de6edff9f45917e9bc3120e86c) Importer(815301076,1909f56bfc062723c751e8b465ee728b)
Start importing Assets/Palmov Island/Low Poly Atmospheric Locations Pack/Models/Environment/Sports environment using Guid(405159de6edff9f45917e9bc3120e86c) Importer(815301076,1909f56bfc062723c751e8b465ee728b) [PhysX] Initialized MultithreadedTaskDispatcher with 8 workers.
 -> (artifact id: '3daafda98ef8e226ccb52af2f0c2b0bf') in 0.001448 seconds
Number of updated asset objects reloaded before import = 0
Number of asset objects unloaded after import = 0
========================================================================
Received Import Request.
  Time since last request: 0.036535 seconds.
  path: Assets/Palmov Island/Low Poly Atmospheric Locations Pack/Models/Environment/Sports environment/mesh fence.fbx
  artifactKey: Guid(14472bfcc11a8d4468583cd8029a8e0a) Importer(815301076,1909f56bfc062723c751e8b465ee728b)
Start importing Assets/Palmov Island/Low Poly Atmospheric Locations Pack/Models/Environment/Sports environment/mesh fence.fbx using Guid(14472bfcc11a8d4468583cd8029a8e0a) Importer(815301076,1909f56bfc062723c751e8b465ee728b) [PhysX] Initialized MultithreadedTaskDispatcher with 8 workers.
[PhysX] Initialized MultithreadedTaskDispatcher with 8 workers.
[PhysX] Initialized MultithreadedTaskDispatcher with 8 workers.
 -> (artifact id: '51bfccafec0a20448f81c7137cad2a28') in 0.037485 seconds
Number of updated asset objects reloaded before import = 0
Number of asset objects unloaded after import = 9
========================================================================
Received Import Request.
  Time since last request: 0.000042 seconds.
  path: Assets/Palmov Island/Low Poly Atmospheric Locations Pack/Models/Environment/Sports environment/stadium lighting.fbx
  artifactKey: Guid(fb34e464c24966048b4f3c7c7b65c563) Importer(815301076,1909f56bfc062723c751e8b465ee728b)
Start importing Assets/Palmov Island/Low Poly Atmospheric Locations Pack/Models/Environment/Sports environment/stadium lighting.fbx using Guid(fb34e464c24966048b4f3c7c7b65c563) Importer(815301076,1909f56bfc062723c751e8b465ee728b) [PhysX] Initialized MultithreadedTaskDispatcher with 8 workers.
[PhysX] Initialized MultithreadedTaskDispatcher with 8 workers.
[PhysX] Initialized MultithreadedTaskDispatcher with 8 workers.
 -> (artifact id: '8bc6b811951bd2e3ceed4f6d21313221') in 0.039190 seconds
Number of updated asset objects reloaded before import = 0
Number of asset objects unloaded after import = 9
========================================================================
Received Import Request.
  Time since last request: 0.000036 seconds.
  path: Assets/Palmov Island/Low Poly Atmospheric Locations Pack/Models/Environment/Sports environment/soccer grandstand 2.fbx
  artifactKey: Guid(c079866beee96314b9ae2cf2d40c2389) Importer(815301076,1909f56bfc062723c751e8b465ee728b)
Start importing Assets/Palmov Island/Low Poly Atmospheric Locations Pack/Models/Environment/Sports environment/soccer grandstand 2.fbx using Guid(c079866beee96314b9ae2cf2d40c2389) Importer(815301076,1909f56bfc062723c751e8b465ee728b) [PhysX] Initialized MultithreadedTaskDispatcher with 8 workers.
[PhysX] Initialized MultithreadedTaskDispatcher with 8 workers.
[PhysX] Initialized MultithreadedTaskDispatcher with 8 workers.
 -> (artifact id: 'fd92c6c0dc964c27bb2b662c07af254e') in 0.040602 seconds
Number of updated asset objects reloaded before import = 0
Number of asset objects unloaded after import = 9
========================================================================
Received Import Request.
  Time since last request: 3.637771 seconds.
  path: Assets/Palmov Island/Low Poly Atmospheric Locations Pack/Models/Environment/Pyramids
  artifactKey: Guid(e66819fbe8dbce341bd4df1612848b5d) Importer(815301076,1909f56bfc062723c751e8b465ee728b)
Start importing Assets/Palmov Island/Low Poly Atmospheric Locations Pack/Models/Environment/Pyramids using Guid(e66819fbe8dbce341bd4df1612848b5d) Importer(815301076,1909f56bfc062723c751e8b465ee728b) [PhysX] Initialized MultithreadedTaskDispatcher with 8 workers.
 -> (artifact id: 'cd8b7e2d37048c37987b5df993ecfa13') in 0.001264 seconds
Number of updated asset objects reloaded before import = 0
Number of asset objects unloaded after import = 0
========================================================================
Received Import Request.
  Time since last request: 0.047270 seconds.
  path: Assets/Palmov Island/Low Poly Atmospheric Locations Pack/Models/Environment/Pyramids/pyramid.fbx
  artifactKey: Guid(deba2f9c1ba4c9841aa4fbba075244cc) Importer(815301076,1909f56bfc062723c751e8b465ee728b)
Start importing Assets/Palmov Island/Low Poly Atmospheric Locations Pack/Models/Environment/Pyramids/pyramid.fbx using Guid(deba2f9c1ba4c9841aa4fbba075244cc) Importer(815301076,1909f56bfc062723c751e8b465ee728b) [PhysX] Initialized MultithreadedTaskDispatcher with 8 workers.
[PhysX] Initialized MultithreadedTaskDispatcher with 8 workers.
[PhysX] Initialized MultithreadedTaskDispatcher with 8 workers.
 -> (artifact id: 'afb6b31c59e7e631977199fa176f9774') in 0.045658 seconds
Number of updated asset objects reloaded before import = 0
Number of asset objects unloaded after import = 9
========================================================================
Received Import Request.
  Time since last request: 8.824191 seconds.
  path: Assets/Palmov Island/Low Poly Atmospheric Locations Pack/Prefabs/Lands/land autumn atmosphere forest.prefab
  artifactKey: Guid(ddf217cc27112bb4983b30acb01fc43a) Importer(815301076,1909f56bfc062723c751e8b465ee728b)
Start importing Assets/Palmov Island/Low Poly Atmospheric Locations Pack/Prefabs/Lands/land autumn atmosphere forest.prefab using Guid(ddf217cc27112bb4983b30acb01fc43a) Importer(815301076,1909f56bfc062723c751e8b465ee728b) [PhysX] Initialized MultithreadedTaskDispatcher with 8 workers.
[PhysX] Initialized MultithreadedTaskDispatcher with 8 workers.
 -> (artifact id: 'b7cad9e50d9dbaf45ceb33e2dd37308c') in 0.027272 seconds
Number of updated asset objects reloaded before import = 0
Number of asset objects unloaded after import = 10
========================================================================
Received Import Request.
  Time since last request: 0.000028 seconds.
  path: Assets/Palmov Island/Low Poly Atmospheric Locations Pack/Prefabs/Lands/land space shuttle launch.prefab
  artifactKey: Guid(a0fe72521b524854e8078ba1caf0c152) Importer(815301076,1909f56bfc062723c751e8b465ee728b)
Start importing Assets/Palmov Island/Low Poly Atmospheric Locations Pack/Prefabs/Lands/land space shuttle launch.prefab using Guid(a0fe72521b524854e8078ba1caf0c152) Importer(815301076,1909f56bfc062723c751e8b465ee728b) [PhysX] Initialized MultithreadedTaskDispatcher with 8 workers.
[PhysX] Initialized MultithreadedTaskDispatcher with 8 workers.
 -> (artifact id: '90965da33203e66f68d680a53d54c1cf') in 0.033290 seconds
Number of updated asset objects reloaded before import = 0
Number of asset objects unloaded after import = 10
========================================================================
Received Import Request.
  Time since last request: 0.000083 seconds.
  path: Assets/Palmov Island/Low Poly Atmospheric Locations Pack/Prefabs/Lands/land christmas village.prefab
  artifactKey: Guid(ded46aac8039d5c40a4c8e767640168c) Importer(815301076,1909f56bfc062723c751e8b465ee728b)
Start importing Assets/Palmov Island/Low Poly Atmospheric Locations Pack/Prefabs/Lands/land christmas village.prefab using Guid(ded46aac8039d5c40a4c8e767640168c) Importer(815301076,1909f56bfc062723c751e8b465ee728b) [PhysX] Initialized MultithreadedTaskDispatcher with 8 workers.
[PhysX] Initialized MultithreadedTaskDispatcher with 8 workers.
 -> (artifact id: '76d43b1fa76550b15c27b8b674aca768') in 0.031736 seconds
Number of updated asset objects reloaded before import = 0
Number of asset objects unloaded after import = 10
========================================================================
Received Import Request.
  Time since last request: 0.000030 seconds.
  path: Assets/Palmov Island/Low Poly Atmospheric Locations Pack/Prefabs/Lands/land downtown.prefab
  artifactKey: Guid(affb8f15cd852eb488101d67924b5adb) Importer(815301076,1909f56bfc062723c751e8b465ee728b)
Start importing Assets/Palmov Island/Low Poly Atmospheric Locations Pack/Prefabs/Lands/land downtown.prefab using Guid(affb8f15cd852eb488101d67924b5adb) Importer(815301076,1909f56bfc062723c751e8b465ee728b) [PhysX] Initialized MultithreadedTaskDispatcher with 8 workers.
[PhysX] Initialized MultithreadedTaskDispatcher with 8 workers.
 -> (artifact id: '4d06d039e3d4fea1960d9c12416d2990') in 0.026448 seconds
Number of updated asset objects reloaded before import = 0
Number of asset objects unloaded after import = 10
========================================================================
Received Import Request.
  Time since last request: 0.793479 seconds.
  path: Assets/Palmov Island/Low Poly Atmospheric Locations Pack/Prefabs/Location with environment/autumn atmosphere forest with environment.prefab
  artifactKey: Guid(fe9cb1b9b4e174249a889ab3e78e65e0) Importer(815301076,1909f56bfc062723c751e8b465ee728b)
Start importing Assets/Palmov Island/Low Poly Atmospheric Locations Pack/Prefabs/Location with environment/autumn atmosphere forest with environment.prefab using Guid(fe9cb1b9b4e174249a889ab3e78e65e0) Importer(815301076,1909f56bfc062723c751e8b465ee728b) [PhysX] Initialized MultithreadedTaskDispatcher with 8 workers.
[PhysX] Initialized MultithreadedTaskDispatcher with 8 workers.
 -> (artifact id: 'e47ca030d5ef050e666e602d5e912a57') in 0.085690 seconds
Number of updated asset objects reloaded before import = 0
Number of asset objects unloaded after import = 654
========================================================================
Received Import Request.
  Time since last request: 0.000039 seconds.
  path: Assets/Palmov Island/Low Poly Atmospheric Locations Pack/Prefabs/Location with environment/wild west railway station with environment.prefab
  artifactKey: Guid(df6e0d5705c11244c8b08313c0fe392b) Importer(815301076,1909f56bfc062723c751e8b465ee728b)
Start importing Assets/Palmov Island/Low Poly Atmospheric Locations Pack/Prefabs/Location with environment/wild west railway station with environment.prefab using Guid(df6e0d5705c11244c8b08313c0fe392b) Importer(815301076,1909f56bfc062723c751e8b465ee728b) [PhysX] Initialized MultithreadedTaskDispatcher with 8 workers.
[PhysX] Initialized MultithreadedTaskDispatcher with 8 workers.
 -> (artifact id: '81457778bcb633b92dc85ed94992c668') in 0.115955 seconds
Number of updated asset objects reloaded before import = 0
Number of asset objects unloaded after import = 1098
========================================================================
Received Import Request.
  Time since last request: 0.000048 seconds.
  path: Assets/Palmov Island/Low Poly Atmospheric Locations Pack/Prefabs/Location with environment/christmas village with environment.prefab
  artifactKey: Guid(330ccb941fa6927429b6f863e48b7395) Importer(815301076,1909f56bfc062723c751e8b465ee728b)
Start importing Assets/Palmov Island/Low Poly Atmospheric Locations Pack/Prefabs/Location with environment/christmas village with environment.prefab using Guid(330ccb941fa6927429b6f863e48b7395) Importer(815301076,1909f56bfc062723c751e8b465ee728b) [PhysX] Initialized MultithreadedTaskDispatcher with 8 workers.
[PhysX] Initialized MultithreadedTaskDispatcher with 8 workers.
 -> (artifact id: 'c43615fdd27b7f72614a5b5878e68d16') in 0.080398 seconds
Number of updated asset objects reloaded before import = 0
Number of asset objects unloaded after import = 709
========================================================================
Received Import Request.
  Time since last request: 0.000029 seconds.
  path: Assets/Palmov Island/Low Poly Atmospheric Locations Pack/Prefabs/Location with environment/downtown with environment.prefab
  artifactKey: Guid(388b740f7906b1b4ab4bb69f4a0b7cb3) Importer(815301076,1909f56bfc062723c751e8b465ee728b)
Start importing Assets/Palmov Island/Low Poly Atmospheric Locations Pack/Prefabs/Location with environment/downtown with environment.prefab using Guid(388b740f7906b1b4ab4bb69f4a0b7cb3) Importer(815301076,1909f56bfc062723c751e8b465ee728b) [PhysX] Initialized MultithreadedTaskDispatcher with 8 workers.
[PhysX] Initialized MultithreadedTaskDispatcher with 8 workers.
 -> (artifact id: '65e9c39067a2a83621f23dc0edb4c7f0') in 0.048129 seconds
Number of updated asset objects reloaded before import = 0
Number of asset objects unloaded after import = 684
========================================================================
Received Import Request.
  Time since last request: 3.831117 seconds.
  path: Assets/Palmov Island/Low Poly Atmospheric Locations Pack/Prefabs/Mountains/skull mountain.prefab
  artifactKey: Guid(b8c5edca6b9707249bdee190239a0d1e) Importer(815301076,1909f56bfc062723c751e8b465ee728b)
Start importing Assets/Palmov Island/Low Poly Atmospheric Locations Pack/Prefabs/Mountains/skull mountain.prefab using Guid(b8c5edca6b9707249bdee190239a0d1e) Importer(815301076,1909f56bfc062723c751e8b465ee728b) [PhysX] Initialized MultithreadedTaskDispatcher with 8 workers.
[PhysX] Initialized MultithreadedTaskDispatcher with 8 workers.
 -> (artifact id: '3b266f10d464e02931eb9eb8a187cab2') in 0.026646 seconds
Number of updated asset objects reloaded before import = 0
Number of asset objects unloaded after import = 10
========================================================================
Received Import Request.
  Time since last request: 2.882347 seconds.
  path: Assets/Palmov Island/Low Poly Atmospheric Locations Pack/Prefabs/Waters/water location autumn atmosphere forest.prefab
  artifactKey: Guid(d05d5c68af6efab46832adecd5bd0a01) Importer(815301076,1909f56bfc062723c751e8b465ee728b)
Start importing Assets/Palmov Island/Low Poly Atmospheric Locations Pack/Prefabs/Waters/water location autumn atmosphere forest.prefab using Guid(d05d5c68af6efab46832adecd5bd0a01) Importer(815301076,1909f56bfc062723c751e8b465ee728b) [PhysX] Initialized MultithreadedTaskDispatcher with 8 workers.
[PhysX] Initialized MultithreadedTaskDispatcher with 8 workers.
 -> (artifact id: 'f9f06f373a60073270ad9b46705f9e6f') in 0.026923 seconds
Number of updated asset objects reloaded before import = 0
Number of asset objects unloaded after import = 10
========================================================================
Received Import Request.
  Time since last request: 0.000027 seconds.
  path: Assets/Palmov Island/Low Poly Atmospheric Locations Pack/Prefabs/Waters/water location treasure Island.prefab
  artifactKey: Guid(960b269cf951bfb4baaa37255368b49f) Importer(815301076,1909f56bfc062723c751e8b465ee728b)
Start importing Assets/Palmov Island/Low Poly Atmospheric Locations Pack/Prefabs/Waters/water location treasure Island.prefab using Guid(960b269cf951bfb4baaa37255368b49f) Importer(815301076,1909f56bfc062723c751e8b465ee728b) [PhysX] Initialized MultithreadedTaskDispatcher with 8 workers.
[PhysX] Initialized MultithreadedTaskDispatcher with 8 workers.
 -> (artifact id: '9c14b89036d1654b37fb926c6faa1fda') in 0.035202 seconds
Number of updated asset objects reloaded before import = 0
Number of asset objects unloaded after import = 10
========================================================================
Received Import Request.
  Time since last request: 0.000034 seconds.
  path: Assets/Palmov Island/Low Poly Atmospheric Locations Pack/Prefabs/Waters/water location christmas village.prefab
  artifactKey: Guid(5f7c27b451d103742ac0c4c83f58aeb5) Importer(815301076,1909f56bfc062723c751e8b465ee728b)
Start importing Assets/Palmov Island/Low Poly Atmospheric Locations Pack/Prefabs/Waters/water location christmas village.prefab using Guid(5f7c27b451d103742ac0c4c83f58aeb5) Importer(815301076,1909f56bfc062723c751e8b465ee728b) [PhysX] Initialized MultithreadedTaskDispatcher with 8 workers.
[PhysX] Initialized MultithreadedTaskDispatcher with 8 workers.
 -> (artifact id: '9dcebc8cfc07e9dbd1e4da1aa75aaee8') in 0.026454 seconds
Number of updated asset objects reloaded before import = 0
Number of asset objects unloaded after import = 10
========================================================================
Received Import Request.
  Time since last request: 1.257965 seconds.
  path: Assets/Palmov Island/Low Poly Atmospheric Locations Pack/Prefabs/Vehicles/boat.prefab
  artifactKey: Guid(e6e50a3df58977742a60bd31ec35aff3) Importer(815301076,1909f56bfc062723c751e8b465ee728b)
Start importing Assets/Palmov Island/Low Poly Atmospheric Locations Pack/Prefabs/Vehicles/boat.prefab using Guid(e6e50a3df58977742a60bd31ec35aff3) Importer(815301076,1909f56bfc062723c751e8b465ee728b) [PhysX] Initialized MultithreadedTaskDispatcher with 8 workers.
[PhysX] Initialized MultithreadedTaskDispatcher with 8 workers.
 -> (artifact id: 'a0bd8b19d695804d45b351127f5869ca') in 0.024424 seconds
Number of updated asset objects reloaded before import = 0
Number of asset objects unloaded after import = 10
========================================================================
Received Import Request.
  Time since last request: 0.000033 seconds.
  path: Assets/Palmov Island/Low Poly Atmospheric Locations Pack/Prefabs/Vehicles/japanese boat.prefab
  artifactKey: Guid(e4836be59ccc04a4cbd1f7b42387a24a) Importer(815301076,1909f56bfc062723c751e8b465ee728b)
Start importing Assets/Palmov Island/Low Poly Atmospheric Locations Pack/Prefabs/Vehicles/japanese boat.prefab using Guid(e4836be59ccc04a4cbd1f7b42387a24a) Importer(815301076,1909f56bfc062723c751e8b465ee728b) [PhysX] Initialized MultithreadedTaskDispatcher with 8 workers.
[PhysX] Initialized MultithreadedTaskDispatcher with 8 workers.
 -> (artifact id: 'a291cab33ac10b3cf9cfc78f7fc0b39b') in 0.026108 seconds
Number of updated asset objects reloaded before import = 0
Number of asset objects unloaded after import = 10
========================================================================
Received Import Request.
  Time since last request: 0.000024 seconds.
  path: Assets/Palmov Island/Low Poly Atmospheric Locations Pack/Prefabs/Vehicles/destroyed ship.prefab
  artifactKey: Guid(419bd110239ee1c4996d6097333d0fa3) Importer(815301076,1909f56bfc062723c751e8b465ee728b)
Start importing Assets/Palmov Island/Low Poly Atmospheric Locations Pack/Prefabs/Vehicles/destroyed ship.prefab using Guid(419bd110239ee1c4996d6097333d0fa3) Importer(815301076,1909f56bfc062723c751e8b465ee728b) [PhysX] Initialized MultithreadedTaskDispatcher with 8 workers.
[PhysX] Initialized MultithreadedTaskDispatcher with 8 workers.
 -> (artifact id: '40d3a814f770cb14856d032bf56c65d4') in 0.028237 seconds
Number of updated asset objects reloaded before import = 0
Number of asset objects unloaded after import = 10
========================================================================
Received Import Request.
  Time since last request: 0.000032 seconds.
  path: Assets/Palmov Island/Low Poly Atmospheric Locations Pack/Prefabs/Vehicles/cart.prefab
  artifactKey: Guid(5d557bd3ae5bf40478e16f027cb6dc22) Importer(815301076,1909f56bfc062723c751e8b465ee728b)
Start importing Assets/Palmov Island/Low Poly Atmospheric Locations Pack/Prefabs/Vehicles/cart.prefab using Guid(5d557bd3ae5bf40478e16f027cb6dc22) Importer(815301076,1909f56bfc062723c751e8b465ee728b) [PhysX] Initialized MultithreadedTaskDispatcher with 8 workers.
[PhysX] Initialized MultithreadedTaskDispatcher with 8 workers.
 -> (artifact id: '6a8448b8ae1f9fcdbb7394bdb3c568e4') in 0.034664 seconds
Number of updated asset objects reloaded before import = 0
Number of asset objects unloaded after import = 36
========================================================================
Received Import Request.
  Time since last request: 0.000027 seconds.
  path: Assets/Palmov Island/Low Poly Atmospheric Locations Pack/Prefabs/Vehicles/passenger wagon.prefab
  artifactKey: Guid(c06aa0ab30720304b8e1941b743df0bb) Importer(815301076,1909f56bfc062723c751e8b465ee728b)
Start importing Assets/Palmov Island/Low Poly Atmospheric Locations Pack/Prefabs/Vehicles/passenger wagon.prefab using Guid(c06aa0ab30720304b8e1941b743df0bb) Importer(815301076,1909f56bfc062723c751e8b465ee728b) [PhysX] Initialized MultithreadedTaskDispatcher with 8 workers.
[PhysX] Initialized MultithreadedTaskDispatcher with 8 workers.
 -> (artifact id: '027726d3eaec65566200621cb7c5175a') in 0.030409 seconds
Number of updated asset objects reloaded before import = 0
Number of asset objects unloaded after import = 42
========================================================================
Received Import Request.
  Time since last request: 0.000032 seconds.
  path: Assets/Palmov Island/Low Poly Atmospheric Locations Pack/Prefabs/Vehicles/car SUVs pickups lights red.prefab
  artifactKey: Guid(1f930a93ff39c924a8b3c2ee421bd954) Importer(815301076,1909f56bfc062723c751e8b465ee728b)
Start importing Assets/Palmov Island/Low Poly Atmospheric Locations Pack/Prefabs/Vehicles/car SUVs pickups lights red.prefab using Guid(1f930a93ff39c924a8b3c2ee421bd954) Importer(815301076,1909f56bfc062723c751e8b465ee728b) [PhysX] Initialized MultithreadedTaskDispatcher with 8 workers.
[PhysX] Initialized MultithreadedTaskDispatcher with 8 workers.
 -> (artifact id: '9861015f3f5f1875e5fe72c7e512d622') in 0.025884 seconds
Number of updated asset objects reloaded before import = 0
Number of asset objects unloaded after import = 36
========================================================================
Received Import Request.
  Time since last request: 1.946050 seconds.
  path: Assets/Palmov Island/Low Poly Atmospheric Locations Pack/Textures/texture main.png
  artifactKey: Guid(447021d2661bfb04da23353e3ddd9cb9) Importer(815301076,1909f56bfc062723c751e8b465ee728b)
Start importing Assets/Palmov Island/Low Poly Atmospheric Locations Pack/Textures/texture main.png using Guid(447021d2661bfb04da23353e3ddd9cb9) Importer(815301076,1909f56bfc062723c751e8b465ee728b) [PhysX] Initialized MultithreadedTaskDispatcher with 8 workers.
[PhysX] Initialized MultithreadedTaskDispatcher with 8 workers.
 -> (artifact id: '83b948bbea559d70d2e5b825932d620b') in 0.027442 seconds
Number of updated asset objects reloaded before import = 0
Number of asset objects unloaded after import = 2
========================================================================
Received Import Request.
  Time since last request: 1.103140 seconds.
  path: Assets/Palmov Island/Low Poly Atmospheric Locations Pack/Prefabs/Trees/christmas tree.prefab
  artifactKey: Guid(c6e750e8c7886a7469cc81a68af5bf1f) Importer(815301076,1909f56bfc062723c751e8b465ee728b)
Start importing Assets/Palmov Island/Low Poly Atmospheric Locations Pack/Prefabs/Trees/christmas tree.prefab using Guid(c6e750e8c7886a7469cc81a68af5bf1f) Importer(815301076,1909f56bfc062723c751e8b465ee728b) [PhysX] Initialized MultithreadedTaskDispatcher with 8 workers.
[PhysX] Initialized MultithreadedTaskDispatcher with 8 workers.
 -> (artifact id: 'fa6154cbf570883c72c3ddf932d9c3e2') in 0.024705 seconds
Number of updated asset objects reloaded before import = 0
Number of asset objects unloaded after import = 10
========================================================================
Received Import Request.
  Time since last request: 0.000027 seconds.
  path: Assets/Palmov Island/Low Poly Atmospheric Locations Pack/Prefabs/Trees/tree.prefab
  artifactKey: Guid(7d3e866ce6c8b9c49bebb0932208e715) Importer(815301076,1909f56bfc062723c751e8b465ee728b)
Start importing Assets/Palmov Island/Low Poly Atmospheric Locations Pack/Prefabs/Trees/tree.prefab using Guid(7d3e866ce6c8b9c49bebb0932208e715) Importer(815301076,1909f56bfc062723c751e8b465ee728b) [PhysX] Initialized MultithreadedTaskDispatcher with 8 workers.
[PhysX] Initialized MultithreadedTaskDispatcher with 8 workers.
 -> (artifact id: '5f9acf11b7b5821a72b9bb67f3658f34') in 0.024734 seconds
Number of updated asset objects reloaded before import = 0
Number of asset objects unloaded after import = 10
========================================================================
Received Import Request.
  Time since last request: 0.779358 seconds.
  path: Assets/Palmov Island/Low Poly Atmospheric Locations Pack/Prefabs/Stones/stone medium.prefab
  artifactKey: Guid(8553144a36354224f89064fa8846ef43) Importer(815301076,1909f56bfc062723c751e8b465ee728b)
Start importing Assets/Palmov Island/Low Poly Atmospheric Locations Pack/Prefabs/Stones/stone medium.prefab using Guid(8553144a36354224f89064fa8846ef43) Importer(815301076,1909f56bfc062723c751e8b465ee728b) [PhysX] Initialized MultithreadedTaskDispatcher with 8 workers.
[PhysX] Initialized MultithreadedTaskDispatcher with 8 workers.
 -> (artifact id: '3f35a468dbe02c71e2cc2f407eef8fb0') in 0.024802 seconds
Number of updated asset objects reloaded before import = 0
Number of asset objects unloaded after import = 10
========================================================================
Received Import Request.
  Time since last request: 482.880842 seconds.
  path: Assets
  artifactKey: Guid(00000000000000001000000000000000) Importer(815301076,1909f56bfc062723c751e8b465ee728b)
Start importing Assets using Guid(00000000000000001000000000000000) Importer(815301076,1909f56bfc062723c751e8b465ee728b) [PhysX] Initialized MultithreadedTaskDispatcher with 8 workers.
 -> (artifact id: 'ae5280ad91af67e2a353905758f96678') in 0.001550 seconds
Number of updated asset objects reloaded before import = 0
Number of asset objects unloaded after import = 0
========================================================================
Received Import Request.
  Time since last request: 4.703991 seconds.
  path: Assets/Prefab
  artifactKey: Guid(e0028212df97b6d44af055d1bfe1ea43) Importer(815301076,1909f56bfc062723c751e8b465ee728b)
Start importing Assets/Prefab using Guid(e0028212df97b6d44af055d1bfe1ea43) Importer(815301076,1909f56bfc062723c751e8b465ee728b) [PhysX] Initialized MultithreadedTaskDispatcher with 8 workers.
 -> (artifact id: '1c18de0b383f9e3749bfeecd4ce775db') in 0.001285 seconds
Number of updated asset objects reloaded before import = 0
Number of asset objects unloaded after import = 0
========================================================================
Received Import Request.
  Time since last request: 10.182752 seconds.
  path: Assets/Prefab/MapSectionBase.prefab
  artifactKey: Guid(7c48326f917498e4f92edab80a02f3c6) Importer(815301076,1909f56bfc062723c751e8b465ee728b)
Start importing Assets/Prefab/MapSectionBase.prefab using Guid(7c48326f917498e4f92edab80a02f3c6) Importer(815301076,1909f56bfc062723c751e8b465ee728b) [PhysX] Initialized MultithreadedTaskDispatcher with 8 workers.
[PhysX] Initialized MultithreadedTaskDispatcher with 8 workers.
 -> (artifact id: 'a0c7a066479cc2e9d87d1097fe93c061') in 0.040828 seconds
Number of updated asset objects reloaded before import = 0
Number of asset objects unloaded after import = 70
========================================================================
Received Import Request.
  Time since last request: 16.756000 seconds.
  path: Assets/Prefab/MapSectionBase 1.prefab
  artifactKey: Guid(a5c7e5e41c559f14283f1b2f3c1c2d38) Importer(815301076,1909f56bfc062723c751e8b465ee728b)
Start importing Assets/Prefab/MapSectionBase 1.prefab using Guid(a5c7e5e41c559f14283f1b2f3c1c2d38) Importer(815301076,1909f56bfc062723c751e8b465ee728b) [PhysX] Initialized MultithreadedTaskDispatcher with 8 workers.
[PhysX] Initialized MultithreadedTaskDispatcher with 8 workers.
 -> (artifact id: '57cf9b7bad072ba4e17595c492dd70bc') in 0.020122 seconds
Number of updated asset objects reloaded before import = 0
Number of asset objects unloaded after import = 70
========================================================================
Received Import Request.
  Time since last request: 17.578454 seconds.
  path: Assets/Prefab/MapSectionVar1.prefab
  artifactKey: Guid(a5c7e5e41c559f14283f1b2f3c1c2d38) Importer(815301076,1909f56bfc062723c751e8b465ee728b)
Start importing Assets/Prefab/MapSectionVar1.prefab using Guid(a5c7e5e41c559f14283f1b2f3c1c2d38) Importer(815301076,1909f56bfc062723c751e8b465ee728b) [PhysX] Initialized MultithreadedTaskDispatcher with 8 workers.
[PhysX] Initialized MultithreadedTaskDispatcher with 8 workers.
 -> (artifact id: 'b6e4396b028f9976a45fcdc962e5ca33') in 0.024012 seconds
Number of updated asset objects reloaded before import = 0
Number of asset objects unloaded after import = 70
========================================================================
Received Import Request.
  Time since last request: 329.283365 seconds.
  path: Assets/Prefab/Road.prefab
  artifactKey: Guid(43a48ebf10be5a1498c2564d368ccbba) Importer(815301076,1909f56bfc062723c751e8b465ee728b)
Start importing Assets/Prefab/Road.prefab using Guid(43a48ebf10be5a1498c2564d368ccbba) Importer(815301076,1909f56bfc062723c751e8b465ee728b) [PhysX] Initialized MultithreadedTaskDispatcher with 8 workers.
[PhysX] Initialized MultithreadedTaskDispatcher with 8 workers.
 -> (artifact id: '9d3f6307d7bb0c0e3340bff87acb936c') in 0.029730 seconds
Number of updated asset objects reloaded before import = 0
Number of asset objects unloaded after import = 55
========================================================================
Received Import Request.
  Time since last request: 78.315846 seconds.
  path: Assets/Prefab/MapSectionBase.prefab
  artifactKey: Guid(7c48326f917498e4f92edab80a02f3c6) Importer(815301076,1909f56bfc062723c751e8b465ee728b)
Start importing Assets/Prefab/MapSectionBase.prefab using Guid(7c48326f917498e4f92edab80a02f3c6) Importer(815301076,1909f56bfc062723c751e8b465ee728b) [PhysX] Initialized MultithreadedTaskDispatcher with 8 workers.
[PhysX] Initialized MultithreadedTaskDispatcher with 8 workers.
 -> (artifact id: '060cabef6307df3429a2a4fe38988a8d') in 0.024441 seconds
Number of updated asset objects reloaded before import = 0
Number of asset objects unloaded after import = 80
========================================================================
Received Import Request.
  Time since last request: 4.731249 seconds.
  path: Assets/Prefab/MapSectionBase 1.prefab
  artifactKey: Guid(0f5288ee7a7da8c4a8ac6ac9bf825685) Importer(815301076,1909f56bfc062723c751e8b465ee728b)
Start importing Assets/Prefab/MapSectionBase 1.prefab using Guid(0f5288ee7a7da8c4a8ac6ac9bf825685) Importer(815301076,1909f56bfc062723c751e8b465ee728b) [PhysX] Initialized MultithreadedTaskDispatcher with 8 workers.
[PhysX] Initialized MultithreadedTaskDispatcher with 8 workers.
 -> (artifact id: 'fd0ea2f8a1a565a47bcb3aefac1f522b') in 0.016605 seconds
Number of updated asset objects reloaded before import = 0
Number of asset objects unloaded after import = 80
========================================================================
Received Import Request.
  Time since last request: 16.210155 seconds.
  path: Assets/Prefab/MapSectionVar1.prefab
  artifactKey: Guid(0f5288ee7a7da8c4a8ac6ac9bf825685) Importer(815301076,1909f56bfc062723c751e8b465ee728b)
Start importing Assets/Prefab/MapSectionVar1.prefab using Guid(0f5288ee7a7da8c4a8ac6ac9bf825685) Importer(815301076,1909f56bfc062723c751e8b465ee728b) [PhysX] Initialized MultithreadedTaskDispatcher with 8 workers.
[PhysX] Initialized MultithreadedTaskDispatcher with 8 workers.
 -> (artifact id: '3611ccbda2e5c1d33bfac5742d0fc9d2') in 0.019616 seconds
Number of updated asset objects reloaded before import = 0
Number of asset objects unloaded after import = 80
========================================================================
Received Import Request.
  Time since last request: 19.387857 seconds.
  path: Assets/Palmov Island/Low Poly Atmospheric Locations Pack/Models/Houses
  artifactKey: Guid(55ff57afce7cf7e42ac9b1f6aa0682fb) Importer(815301076,1909f56bfc062723c751e8b465ee728b)
Start importing Assets/Palmov Island/Low Poly Atmospheric Locations Pack/Models/Houses using Guid(55ff57afce7cf7e42ac9b1f6aa0682fb) Importer(815301076,1909f56bfc062723c751e8b465ee728b) [PhysX] Initialized MultithreadedTaskDispatcher with 8 workers.
 -> (artifact id: '80fcc026930bb19151c29501933a99d1') in 0.001682 seconds
Number of updated asset objects reloaded before import = 0
Number of asset objects unloaded after import = 0
========================================================================
Received Import Request.
  Time since last request: 10.480943 seconds.
  path: Assets/Palmov Island/Low Poly Atmospheric Locations Pack/Models/Houses/Wooden winter houses
  artifactKey: Guid(44c6279b43e067846a4d17b75122838b) Importer(815301076,1909f56bfc062723c751e8b465ee728b)
Start importing Assets/Palmov Island/Low Poly Atmospheric Locations Pack/Models/Houses/Wooden winter houses using Guid(44c6279b43e067846a4d17b75122838b) Importer(815301076,1909f56bfc062723c751e8b465ee728b) [PhysX] Initialized MultithreadedTaskDispatcher with 8 workers.
 -> (artifact id: '8dce9a5ff3a2d0ef8f9283098dd19ace') in 0.000608 seconds
Number of updated asset objects reloaded before import = 0
Number of asset objects unloaded after import = 0
========================================================================
Received Import Request.
  Time since last request: 21.870673 seconds.
  path: Assets/Palmov Island/Low Poly Atmospheric Locations Pack/Models/Environment/Winter environment
  artifactKey: Guid(a744eade4ddbbf349bf249453718dd19) Importer(815301076,1909f56bfc062723c751e8b465ee728b)
Start importing Assets/Palmov Island/Low Poly Atmospheric Locations Pack/Models/Environment/Winter environment using Guid(a744eade4ddbbf349bf249453718dd19) Importer(815301076,1909f56bfc062723c751e8b465ee728b) [PhysX] Initialized MultithreadedTaskDispatcher with 8 workers.
 -> (artifact id: '32b252903029c636263b3c413fa9a35d') in 0.000836 seconds
Number of updated asset objects reloaded before import = 0
Number of asset objects unloaded after import = 0
========================================================================
Received Import Request.
  Time since last request: 0.039595 seconds.
  path: Assets/Palmov Island/Low Poly Atmospheric Locations Pack/Models/Environment/Winter environment/christmas wreath.fbx
  artifactKey: Guid(fd78657d3b5ca664198235f8ad5e8114) Importer(815301076,1909f56bfc062723c751e8b465ee728b)
Start importing Assets/Palmov Island/Low Poly Atmospheric Locations Pack/Models/Environment/Winter environment/christmas wreath.fbx using Guid(fd78657d3b5ca664198235f8ad5e8114) Importer(815301076,1909f56bfc062723c751e8b465ee728b) [PhysX] Initialized MultithreadedTaskDispatcher with 8 workers.
[PhysX] Initialized MultithreadedTaskDispatcher with 8 workers.
[PhysX] Initialized MultithreadedTaskDispatcher with 8 workers.
 -> (artifact id: '268dc570fd8ad320af81ef8e935f1e47') in 0.036322 seconds
Number of updated asset objects reloaded before import = 0
Number of asset objects unloaded after import = 9
========================================================================
Received Import Request.
  Time since last request: 0.000033 seconds.
  path: Assets/Palmov Island/Low Poly Atmospheric Locations Pack/Models/Environment/Winter environment/winter well.fbx
  artifactKey: Guid(e0ad9d78452fa8e4e89bbc45fc9e2626) Importer(815301076,1909f56bfc062723c751e8b465ee728b)
Start importing Assets/Palmov Island/Low Poly Atmospheric Locations Pack/Models/Environment/Winter environment/winter well.fbx using Guid(e0ad9d78452fa8e4e89bbc45fc9e2626) Importer(815301076,1909f56bfc062723c751e8b465ee728b) [PhysX] Initialized MultithreadedTaskDispatcher with 8 workers.
[PhysX] Initialized MultithreadedTaskDispatcher with 8 workers.
[PhysX] Initialized MultithreadedTaskDispatcher with 8 workers.
 -> (artifact id: 'cb21c96740af0d64a1d96bae17696213') in 0.034232 seconds
Number of updated asset objects reloaded before import = 0
Number of asset objects unloaded after import = 9
========================================================================
Received Import Request.
  Time since last request: 2.013945 seconds.
  path: Assets/Palmov Island/Low Poly Atmospheric Locations Pack/Models/Environment/Winter environment/Christmas balls
  artifactKey: Guid(af3f85007f74db440b9c35ef226cd39c) Importer(815301076,1909f56bfc062723c751e8b465ee728b)
Start importing Assets/Palmov Island/Low Poly Atmospheric Locations Pack/Models/Environment/Winter environment/Christmas balls using Guid(af3f85007f74db440b9c35ef226cd39c) Importer(815301076,1909f56bfc062723c751e8b465ee728b) [PhysX] Initialized MultithreadedTaskDispatcher with 8 workers.
 -> (artifact id: '9bd31386475f384719198914e5dbcf9f') in 0.001613 seconds
Number of updated asset objects reloaded before import = 0
Number of asset objects unloaded after import = 0
========================================================================
Received Import Request.
  Time since last request: 0.055922 seconds.
  path: Assets/Palmov Island/Low Poly Atmospheric Locations Pack/Models/Environment/Winter environment/Christmas balls/ball blue.fbx
  artifactKey: Guid(b73448990852d534da307d843c6f7064) Importer(815301076,1909f56bfc062723c751e8b465ee728b)
Start importing Assets/Palmov Island/Low Poly Atmospheric Locations Pack/Models/Environment/Winter environment/Christmas balls/ball blue.fbx using Guid(b73448990852d534da307d843c6f7064) Importer(815301076,1909f56bfc062723c751e8b465ee728b) [PhysX] Initialized MultithreadedTaskDispatcher with 8 workers.
[PhysX] Initialized MultithreadedTaskDispatcher with 8 workers.
[PhysX] Initialized MultithreadedTaskDispatcher with 8 workers.
 -> (artifact id: 'c48e2c8737a7a8d4af52f9ff29038976') in 0.031584 seconds
Number of updated asset objects reloaded before import = 0
Number of asset objects unloaded after import = 9
========================================================================
Received Import Request.
  Time since last request: 0.000027 seconds.
  path: Assets/Palmov Island/Low Poly Atmospheric Locations Pack/Models/Environment/Winter environment/Christmas balls/ball yellow.fbx
  artifactKey: Guid(3046ec443daf14d40a1b076e63619d22) Importer(815301076,1909f56bfc062723c751e8b465ee728b)
Start importing Assets/Palmov Island/Low Poly Atmospheric Locations Pack/Models/Environment/Winter environment/Christmas balls/ball yellow.fbx using Guid(3046ec443daf14d40a1b076e63619d22) Importer(815301076,1909f56bfc062723c751e8b465ee728b) [PhysX] Initialized MultithreadedTaskDispatcher with 8 workers.
[PhysX] Initialized MultithreadedTaskDispatcher with 8 workers.
[PhysX] Initialized MultithreadedTaskDispatcher with 8 workers.
 -> (artifact id: 'f332a71ecd6a421efc6f8c9aa26feeca') in 0.034382 seconds
Number of updated asset objects reloaded before import = 0
Number of asset objects unloaded after import = 9
========================================================================
Received Import Request.
  Time since last request: 0.000035 seconds.
  path: Assets/Palmov Island/Low Poly Atmospheric Locations Pack/Models/Environment/Winter environment/Christmas balls/ball pink.fbx
  artifactKey: Guid(52571a1bea936e540963399742d0ad9c) Importer(815301076,1909f56bfc062723c751e8b465ee728b)
Start importing Assets/Palmov Island/Low Poly Atmospheric Locations Pack/Models/Environment/Winter environment/Christmas balls/ball pink.fbx using Guid(52571a1bea936e540963399742d0ad9c) Importer(815301076,1909f56bfc062723c751e8b465ee728b) [PhysX] Initialized MultithreadedTaskDispatcher with 8 workers.
[PhysX] Initialized MultithreadedTaskDispatcher with 8 workers.
[PhysX] Initialized MultithreadedTaskDispatcher with 8 workers.
 -> (artifact id: 'ed7e760ce6fc2da6a9f93ab09670e2d3') in 0.038454 seconds
Number of updated asset objects reloaded before import = 0
Number of asset objects unloaded after import = 9
========================================================================
Received Import Request.
  Time since last request: 3.178077 seconds.
  path: Assets/Palmov Island/Low Poly Atmospheric Locations Pack/Models/Environment/Winter environment/Garlands
  artifactKey: Guid(59a4ba69a31aca84eae9ddd34d6f5855) Importer(815301076,1909f56bfc062723c751e8b465ee728b)
Start importing Assets/Palmov Island/Low Poly Atmospheric Locations Pack/Models/Environment/Winter environment/Garlands using Guid(59a4ba69a31aca84eae9ddd34d6f5855) Importer(815301076,1909f56bfc062723c751e8b465ee728b) [PhysX] Initialized MultithreadedTaskDispatcher with 8 workers.
 -> (artifact id: 'ac0642eaafee9a068d2a9cbfd0e1ca4e') in 0.001572 seconds
Number of updated asset objects reloaded before import = 0
Number of asset objects unloaded after import = 0
========================================================================
Received Import Request.
  Time since last request: 0.038962 seconds.
  path: Assets/Palmov Island/Low Poly Atmospheric Locations Pack/Models/Environment/Winter environment/Garlands/garland.fbx
  artifactKey: Guid(22f3fde8e05c621479652f6fd31882ae) Importer(815301076,1909f56bfc062723c751e8b465ee728b)
Start importing Assets/Palmov Island/Low Poly Atmospheric Locations Pack/Models/Environment/Winter environment/Garlands/garland.fbx using Guid(22f3fde8e05c621479652f6fd31882ae) Importer(815301076,1909f56bfc062723c751e8b465ee728b) [PhysX] Initialized MultithreadedTaskDispatcher with 8 workers.
[PhysX] Initialized MultithreadedTaskDispatcher with 8 workers.
[PhysX] Initialized MultithreadedTaskDispatcher with 8 workers.
 -> (artifact id: 'ccf9944f07f7f40cc65dc1aebf52c248') in 0.043074 seconds
Number of updated asset objects reloaded before import = 0
Number of asset objects unloaded after import = 9
========================================================================
Received Import Request.
  Time since last request: 5.167080 seconds.
  path: Assets/Palmov Island/Low Poly Atmospheric Locations Pack/Models/Mountains
  artifactKey: Guid(be2f9077ac39b3d45b20af8d7e56731f) Importer(815301076,1909f56bfc062723c751e8b465ee728b)
Start importing Assets/Palmov Island/Low Poly Atmospheric Locations Pack/Models/Mountains using Guid(be2f9077ac39b3d45b20af8d7e56731f) Importer(815301076,1909f56bfc062723c751e8b465ee728b) [PhysX] Initialized MultithreadedTaskDispatcher with 8 workers.
 -> (artifact id: 'd8170372678608fa0161a0cf1937857d') in 0.001455 seconds
Number of updated asset objects reloaded before import = 0
Number of asset objects unloaded after import = 0
========================================================================
Received Import Request.
  Time since last request: 32.731525 seconds.
  path: Assets/Palmov Island/Low Poly Atmospheric Locations Pack/Models/Animals/horse black.fbx
  artifactKey: Guid(cfd378113875cda4f94786457c775d53) Importer(815301076,1909f56bfc062723c751e8b465ee728b)
Start importing Assets/Palmov Island/Low Poly Atmospheric Locations Pack/Models/Animals/horse black.fbx using Guid(cfd378113875cda4f94786457c775d53) Importer(815301076,1909f56bfc062723c751e8b465ee728b) [PhysX] Initialized MultithreadedTaskDispatcher with 8 workers.
[PhysX] Initialized MultithreadedTaskDispatcher with 8 workers.
[PhysX] Initialized MultithreadedTaskDispatcher with 8 workers.
 -> (artifact id: '2514f42d486d2b7a50070d298f5f3f1c') in 0.039981 seconds
Number of updated asset objects reloaded before import = 0
Number of asset objects unloaded after import = 9
========================================================================
Received Import Request.
  Time since last request: 0.000023 seconds.
  path: Assets/Palmov Island/Low Poly Atmospheric Locations Pack/Models/Animals/horse silver.fbx
  artifactKey: Guid(ae0803dabcc09cc4fb825560585b14e5) Importer(815301076,1909f56bfc062723c751e8b465ee728b)
Start importing Assets/Palmov Island/Low Poly Atmospheric Locations Pack/Models/Animals/horse silver.fbx using Guid(ae0803dabcc09cc4fb825560585b14e5) Importer(815301076,1909f56bfc062723c751e8b465ee728b) [PhysX] Initialized MultithreadedTaskDispatcher with 8 workers.
[PhysX] Initialized MultithreadedTaskDispatcher with 8 workers.
[PhysX] Initialized MultithreadedTaskDispatcher with 8 workers.
 -> (artifact id: '9b20284607540fb2d302ba6769bb7342') in 0.042784 seconds
Number of updated asset objects reloaded before import = 0
Number of asset objects unloaded after import = 9
========================================================================
Received Import Request.
  Time since last request: 226.117974 seconds.
  path: Assets/Palmov Island/Low Poly Atmospheric Locations Pack/Models/Environment/Camping environment
  artifactKey: Guid(04467e6b381b67742acf98821a037480) Importer(815301076,1909f56bfc062723c751e8b465ee728b)
Start importing Assets/Palmov Island/Low Poly Atmospheric Locations Pack/Models/Environment/Camping environment using Guid(04467e6b381b67742acf98821a037480) Importer(815301076,1909f56bfc062723c751e8b465ee728b) [PhysX] Initialized MultithreadedTaskDispatcher with 8 workers.
 -> (artifact id: '214892389e80c087a4ba46bfd686e851') in 0.001938 seconds
Number of updated asset objects reloaded before import = 0
Number of asset objects unloaded after import = 0
========================================================================
Received Import Request.
  Time since last request: 0.289865 seconds.
  path: Assets/Palmov Island/Low Poly Atmospheric Locations Pack/Models/Environment/Camping environment/bonfire.fbx
  artifactKey: Guid(40a64d1c33dfe574e8be9e97cdedf7b4) Importer(815301076,1909f56bfc062723c751e8b465ee728b)
Start importing Assets/Palmov Island/Low Poly Atmospheric Locations Pack/Models/Environment/Camping environment/bonfire.fbx using Guid(40a64d1c33dfe574e8be9e97cdedf7b4) Importer(815301076,1909f56bfc062723c751e8b465ee728b) [PhysX] Initialized MultithreadedTaskDispatcher with 8 workers.
[PhysX] Initialized MultithreadedTaskDispatcher with 8 workers.
[PhysX] Initialized MultithreadedTaskDispatcher with 8 workers.
 -> (artifact id: '6a2eadeafadb3ead41929c9c6bace3fc') in 0.039320 seconds
Number of updated asset objects reloaded before import = 0
Number of asset objects unloaded after import = 9
========================================================================
Received Import Request.
  Time since last request: 0.000027 seconds.
  path: Assets/Palmov Island/Low Poly Atmospheric Locations Pack/Models/Environment/Camping environment/camping tent red.fbx
  artifactKey: Guid(99e972b6fa4ef854db5fae92c4585b7c) Importer(815301076,1909f56bfc062723c751e8b465ee728b)
Start importing Assets/Palmov Island/Low Poly Atmospheric Locations Pack/Models/Environment/Camping environment/camping tent red.fbx using Guid(99e972b6fa4ef854db5fae92c4585b7c) Importer(815301076,1909f56bfc062723c751e8b465ee728b) [PhysX] Initialized MultithreadedTaskDispatcher with 8 workers.
[PhysX] Initialized MultithreadedTaskDispatcher with 8 workers.
[PhysX] Initialized MultithreadedTaskDispatcher with 8 workers.
 -> (artifact id: '7ee072a9e4175a9828bcfc260fdeda85') in 0.038458 seconds
Number of updated asset objects reloaded before import = 0
Number of asset objects unloaded after import = 9
========================================================================
Received Import Request.
  Time since last request: 0.000024 seconds.
  path: Assets/Palmov Island/Low Poly Atmospheric Locations Pack/Models/Environment/Camping environment/camping tent yellow.fbx
  artifactKey: Guid(5a4d41e3929515443ae7e65de0dd7ed3) Importer(815301076,1909f56bfc062723c751e8b465ee728b)
Start importing Assets/Palmov Island/Low Poly Atmospheric Locations Pack/Models/Environment/Camping environment/camping tent yellow.fbx using Guid(5a4d41e3929515443ae7e65de0dd7ed3) Importer(815301076,1909f56bfc062723c751e8b465ee728b) [PhysX] Initialized MultithreadedTaskDispatcher with 8 workers.
[PhysX] Initialized MultithreadedTaskDispatcher with 8 workers.
[PhysX] Initialized MultithreadedTaskDispatcher with 8 workers.
 -> (artifact id: 'b803df37382db18c2fc6d57a9be8025b') in 0.038360 seconds
Number of updated asset objects reloaded before import = 0
Number of asset objects unloaded after import = 9
========================================================================
Received Import Request.
  Time since last request: 197.270216 seconds.
  path: Assets/Palmov Island/Low Poly Atmospheric Locations Pack/Models/Environment/Benchs/bench.fbx
  artifactKey: Guid(b9c74619dde44de47961a20c399f83ad) Importer(815301076,1909f56bfc062723c751e8b465ee728b)
Start importing Assets/Palmov Island/Low Poly Atmospheric Locations Pack/Models/Environment/Benchs/bench.fbx using Guid(b9c74619dde44de47961a20c399f83ad) Importer(815301076,1909f56bfc062723c751e8b465ee728b) [PhysX] Initialized MultithreadedTaskDispatcher with 8 workers.
[PhysX] Initialized MultithreadedTaskDispatcher with 8 workers.
[PhysX] Initialized MultithreadedTaskDispatcher with 8 workers.
 -> (artifact id: 'e6ca1d3e6d1ed0ad529870424ada3916') in 0.037115 seconds
Number of updated asset objects reloaded before import = 0
Number of asset objects unloaded after import = 9
========================================================================
Received Import Request.
  Time since last request: 13.030264 seconds.
  path: Assets/Palmov Island/Low Poly Atmospheric Locations Pack/Models/Environment/Box/box.fbx
  artifactKey: Guid(491098d47eac6844fbfcc6b99fd976c7) Importer(815301076,1909f56bfc062723c751e8b465ee728b)
Start importing Assets/Palmov Island/Low Poly Atmospheric Locations Pack/Models/Environment/Box/box.fbx using Guid(491098d47eac6844fbfcc6b99fd976c7) Importer(815301076,1909f56bfc062723c751e8b465ee728b) [PhysX] Initialized MultithreadedTaskDispatcher with 8 workers.
[PhysX] Initialized MultithreadedTaskDispatcher with 8 workers.
[PhysX] Initialized MultithreadedTaskDispatcher with 8 workers.
 -> (artifact id: 'fdb6dc9a21ff514d73181bee6814f386') in 0.039271 seconds
Number of updated asset objects reloaded before import = 0
Number of asset objects unloaded after import = 9
========================================================================
Received Import Request.
  Time since last request: 84.251369 seconds.
  path: Assets/Palmov Island/Low Poly Atmospheric Locations Pack/Prefabs/Islands/japanes island.prefab
  artifactKey: Guid(6374fa8911a58404a8cc9be3a57fb8b3) Importer(815301076,1909f56bfc062723c751e8b465ee728b)
Start importing Assets/Palmov Island/Low Poly Atmospheric Locations Pack/Prefabs/Islands/japanes island.prefab using Guid(6374fa8911a58404a8cc9be3a57fb8b3) Importer(815301076,1909f56bfc062723c751e8b465ee728b) [PhysX] Initialized MultithreadedTaskDispatcher with 8 workers.
[PhysX] Initialized MultithreadedTaskDispatcher with 8 workers.
 -> (artifact id: '4273d464e4175dd2ba3bef8fbb90e2b3') in 0.031046 seconds
Number of updated asset objects reloaded before import = 0
Number of asset objects unloaded after import = 10
========================================================================
Received Import Request.
  Time since last request: 118.865702 seconds.
  path: Assets/Prefab/MapSectionVar1.prefab
  artifactKey: Guid(0f5288ee7a7da8c4a8ac6ac9bf825685) Importer(815301076,1909f56bfc062723c751e8b465ee728b)
Start importing Assets/Prefab/MapSectionVar1.prefab using Guid(0f5288ee7a7da8c4a8ac6ac9bf825685) Importer(815301076,1909f56bfc062723c751e8b465ee728b) [PhysX] Initialized MultithreadedTaskDispatcher with 8 workers.
[PhysX] Initialized MultithreadedTaskDispatcher with 8 workers.
 -> (artifact id: '8b0b97a074f4895b2533353b9491684f') in 0.047002 seconds
Number of updated asset objects reloaded before import = 0
Number of asset objects unloaded after import = 294
========================================================================
Received Import Request.
  Time since last request: 271.492625 seconds.
  path: Assets/Palmov Island/Low Poly Atmospheric Locations Pack/Models/Plants/Autumn bush plants
  artifactKey: Guid(488f548a5a69e824e92ad0c0819bc987) Importer(815301076,1909f56bfc062723c751e8b465ee728b)
Start importing Assets/Palmov Island/Low Poly Atmospheric Locations Pack/Models/Plants/Autumn bush plants using Guid(488f548a5a69e824e92ad0c0819bc987) Importer(815301076,1909f56bfc062723c751e8b465ee728b) [PhysX] Initialized MultithreadedTaskDispatcher with 8 workers.
 -> (artifact id: 'b72498a0c7d3212126997edd78981967') in 0.002861 seconds
Number of updated asset objects reloaded before import = 0
Number of asset objects unloaded after import = 0
========================================================================
Received Import Request.
  Time since last request: 0.048485 seconds.
  path: Assets/Palmov Island/Low Poly Atmospheric Locations Pack/Models/Plants/Autumn bush plants/autumn bush plant.fbx
  artifactKey: Guid(b57cea82e5ac1494bbb61977ae50d151) Importer(815301076,1909f56bfc062723c751e8b465ee728b)
Start importing Assets/Palmov Island/Low Poly Atmospheric Locations Pack/Models/Plants/Autumn bush plants/autumn bush plant.fbx using Guid(b57cea82e5ac1494bbb61977ae50d151) Importer(815301076,1909f56bfc062723c751e8b465ee728b) [PhysX] Initialized MultithreadedTaskDispatcher with 8 workers.
[PhysX] Initialized MultithreadedTaskDispatcher with 8 workers.
[PhysX] Initialized MultithreadedTaskDispatcher with 8 workers.
 -> (artifact id: '5d8ed62219e39fb2edc628ffef58b829') in 0.042365 seconds
Number of updated asset objects reloaded before import = 0
Number of asset objects unloaded after import = 9
========================================================================
Received Import Request.
  Time since last request: 3.020207 seconds.
  path: Assets/Palmov Island/Low Poly Atmospheric Locations Pack/Models/Plants/Mushrooms brown
  artifactKey: Guid(e4709ca1bc8692540b5edb33eb351135) Importer(815301076,1909f56bfc062723c751e8b465ee728b)
Start importing Assets/Palmov Island/Low Poly Atmospheric Locations Pack/Models/Plants/Mushrooms brown using Guid(e4709ca1bc8692540b5edb33eb351135) Importer(815301076,1909f56bfc062723c751e8b465ee728b) [PhysX] Initialized MultithreadedTaskDispatcher with 8 workers.
 -> (artifact id: '732dc65596d87611a5696251e5d57dd8') in 0.000931 seconds
Number of updated asset objects reloaded before import = 0
Number of asset objects unloaded after import = 0
========================================================================
Received Import Request.
  Time since last request: 0.749775 seconds.
  path: Assets/Palmov Island/Low Poly Atmospheric Locations Pack/Models/Plants/Mushrooms brown/mushroom brown.fbx
  artifactKey: Guid(30876dca5012aab4c89f8295a141f8fc) Importer(815301076,1909f56bfc062723c751e8b465ee728b)
Start importing Assets/Palmov Island/Low Poly Atmospheric Locations Pack/Models/Plants/Mushrooms brown/mushroom brown.fbx using Guid(30876dca5012aab4c89f8295a141f8fc) Importer(815301076,1909f56bfc062723c751e8b465ee728b) [PhysX] Initialized MultithreadedTaskDispatcher with 8 workers.
[PhysX] Initialized MultithreadedTaskDispatcher with 8 workers.
[PhysX] Initialized MultithreadedTaskDispatcher with 8 workers.
 -> (artifact id: '7d065dc51914c2ce2301282d84be40a1') in 0.039291 seconds
Number of updated asset objects reloaded before import = 0
Number of asset objects unloaded after import = 9
========================================================================
Received Import Request.
  Time since last request: 1.961068 seconds.
  path: Assets/Palmov Island/Low Poly Atmospheric Locations Pack/Models/Plants/Grass yellow
  artifactKey: Guid(177d264352383f64e8494686db6d77e8) Importer(815301076,1909f56bfc062723c751e8b465ee728b)
Start importing Assets/Palmov Island/Low Poly Atmospheric Locations Pack/Models/Plants/Grass yellow using Guid(177d264352383f64e8494686db6d77e8) Importer(815301076,1909f56bfc062723c751e8b465ee728b) [PhysX] Initialized MultithreadedTaskDispatcher with 8 workers.
 -> (artifact id: '4e6dd4b1aeccbfa8a174c8f5a64c4a6a') in 0.001168 seconds
Number of updated asset objects reloaded before import = 0
Number of asset objects unloaded after import = 0
========================================================================
Received Import Request.
  Time since last request: 0.043397 seconds.
  path: Assets/Palmov Island/Low Poly Atmospheric Locations Pack/Models/Plants/Grass yellow/grass yellow.fbx
  artifactKey: Guid(8bbb28378cf556b44a887e6ed330bca5) Importer(815301076,1909f56bfc062723c751e8b465ee728b)
Start importing Assets/Palmov Island/Low Poly Atmospheric Locations Pack/Models/Plants/Grass yellow/grass yellow.fbx using Guid(8bbb28378cf556b44a887e6ed330bca5) Importer(815301076,1909f56bfc062723c751e8b465ee728b) [PhysX] Initialized MultithreadedTaskDispatcher with 8 workers.
[PhysX] Initialized MultithreadedTaskDispatcher with 8 workers.
[PhysX] Initialized MultithreadedTaskDispatcher with 8 workers.
 -> (artifact id: '046d036a1ee24f54aae780c28abe8ebb') in 0.034689 seconds
Number of updated asset objects reloaded before import = 0
Number of asset objects unloaded after import = 9
========================================================================
Received Import Request.
  Time since last request: 2.513839 seconds.
  path: Assets/Palmov Island/Low Poly Atmospheric Locations Pack/Models/Plants/Grass
  artifactKey: Guid(e189fc9f5d30d774d9af0e9743662724) Importer(815301076,1909f56bfc062723c751e8b465ee728b)
Start importing Assets/Palmov Island/Low Poly Atmospheric Locations Pack/Models/Plants/Grass using Guid(e189fc9f5d30d774d9af0e9743662724) Importer(815301076,1909f56bfc062723c751e8b465ee728b) [PhysX] Initialized MultithreadedTaskDispatcher with 8 workers.
 -> (artifact id: 'f209c0b591b8be9c238a1c6043678bf8') in 0.001021 seconds
Number of updated asset objects reloaded before import = 0
Number of asset objects unloaded after import = 0
========================================================================
Received Import Request.
  Time since last request: 0.039965 seconds.
  path: Assets/Palmov Island/Low Poly Atmospheric Locations Pack/Models/Plants/Grass/grass.fbx
  artifactKey: Guid(a891be4b42ad6d748ac1a77e9e67c9ea) Importer(815301076,1909f56bfc062723c751e8b465ee728b)
Start importing Assets/Palmov Island/Low Poly Atmospheric Locations Pack/Models/Plants/Grass/grass.fbx using Guid(a891be4b42ad6d748ac1a77e9e67c9ea) Importer(815301076,1909f56bfc062723c751e8b465ee728b) [PhysX] Initialized MultithreadedTaskDispatcher with 8 workers.
[PhysX] Initialized MultithreadedTaskDispatcher with 8 workers.
[PhysX] Initialized MultithreadedTaskDispatcher with 8 workers.
 -> (artifact id: '6f345abac33162e7e84220da269e9b3e') in 0.035770 seconds
Number of updated asset objects reloaded before import = 0
Number of asset objects unloaded after import = 9
========================================================================
Received Import Request.
  Time since last request: 0.000028 seconds.
  path: Assets/Palmov Island/Low Poly Atmospheric Locations Pack/Models/Plants/Grass/grass 3.fbx
  artifactKey: Guid(3aa47f57b407a844f99763f5c77fbe85) Importer(815301076,1909f56bfc062723c751e8b465ee728b)
Start importing Assets/Palmov Island/Low Poly Atmospheric Locations Pack/Models/Plants/Grass/grass 3.fbx using Guid(3aa47f57b407a844f99763f5c77fbe85) Importer(815301076,1909f56bfc062723c751e8b465ee728b) [PhysX] Initialized MultithreadedTaskDispatcher with 8 workers.
[PhysX] Initialized MultithreadedTaskDispatcher with 8 workers.
[PhysX] Initialized MultithreadedTaskDispatcher with 8 workers.
 -> (artifact id: 'dc635f107c73a63b8c292226ba8286c4') in 0.035617 seconds
Number of updated asset objects reloaded before import = 0
Number of asset objects unloaded after import = 9
========================================================================
Received Import Request.
  Time since last request: 1.928117 seconds.
  path: Assets/Palmov Island/Low Poly Atmospheric Locations Pack/Models/Plants/Grass brown
  artifactKey: Guid(152529f9db83fa84bb9646bf4f42aa49) Importer(815301076,1909f56bfc062723c751e8b465ee728b)
Start importing Assets/Palmov Island/Low Poly Atmospheric Locations Pack/Models/Plants/Grass brown using Guid(152529f9db83fa84bb9646bf4f42aa49) Importer(815301076,1909f56bfc062723c751e8b465ee728b) [PhysX] Initialized MultithreadedTaskDispatcher with 8 workers.
 -> (artifact id: '7b2477701bf7684dd42109a621577c5c') in 0.000908 seconds
Number of updated asset objects reloaded before import = 0
Number of asset objects unloaded after import = 0
========================================================================
Received Import Request.
  Time since last request: 0.052633 seconds.
  path: Assets/Palmov Island/Low Poly Atmospheric Locations Pack/Models/Plants/Grass brown/grass brown.fbx
  artifactKey: Guid(26ff2e73e163b6b459ce113f217839d3) Importer(815301076,1909f56bfc062723c751e8b465ee728b)
Start importing Assets/Palmov Island/Low Poly Atmospheric Locations Pack/Models/Plants/Grass brown/grass brown.fbx using Guid(26ff2e73e163b6b459ce113f217839d3) Importer(815301076,1909f56bfc062723c751e8b465ee728b) [PhysX] Initialized MultithreadedTaskDispatcher with 8 workers.
[PhysX] Initialized MultithreadedTaskDispatcher with 8 workers.
[PhysX] Initialized MultithreadedTaskDispatcher with 8 workers.
 -> (artifact id: 'b68a049479c9ded267f0dabe079a8621') in 0.041440 seconds
Number of updated asset objects reloaded before import = 0
Number of asset objects unloaded after import = 9
========================================================================
Received Import Request.
  Time since last request: 2.147802 seconds.
  path: Assets/Palmov Island/Low Poly Atmospheric Locations Pack/Models/Plants/Cacti
  artifactKey: Guid(7e5e6b6e354854e4ba0adc8b6a79a20c) Importer(815301076,1909f56bfc062723c751e8b465ee728b)
Start importing Assets/Palmov Island/Low Poly Atmospheric Locations Pack/Models/Plants/Cacti using Guid(7e5e6b6e354854e4ba0adc8b6a79a20c) Importer(815301076,1909f56bfc062723c751e8b465ee728b) [PhysX] Initialized MultithreadedTaskDispatcher with 8 workers.
 -> (artifact id: 'd7e9a0c0b3ba0b3c9b7dbf20b1d1f7d3') in 0.000715 seconds
Number of updated asset objects reloaded before import = 0
Number of asset objects unloaded after import = 0
========================================================================
Received Import Request.
  Time since last request: 0.048772 seconds.
  path: Assets/Palmov Island/Low Poly Atmospheric Locations Pack/Models/Plants/Cacti/cactus.fbx
  artifactKey: Guid(96259d7c098208d4a9b263d214df03ae) Importer(815301076,1909f56bfc062723c751e8b465ee728b)
Start importing Assets/Palmov Island/Low Poly Atmospheric Locations Pack/Models/Plants/Cacti/cactus.fbx using Guid(96259d7c098208d4a9b263d214df03ae) Importer(815301076,1909f56bfc062723c751e8b465ee728b) [PhysX] Initialized MultithreadedTaskDispatcher with 8 workers.
[PhysX] Initialized MultithreadedTaskDispatcher with 8 workers.
[PhysX] Initialized MultithreadedTaskDispatcher with 8 workers.
 -> (artifact id: 'f3caf8cb12cd69e75dbad39eed05b7d1') in 0.040133 seconds
Number of updated asset objects reloaded before import = 0
Number of asset objects unloaded after import = 9
========================================================================
Received Import Request.
  Time since last request: 0.000027 seconds.
  path: Assets/Palmov Island/Low Poly Atmospheric Locations Pack/Models/Plants/Cacti/cactus 5.fbx
  artifactKey: Guid(e107c630c6de41645976b9ef4793e071) Importer(815301076,1909f56bfc062723c751e8b465ee728b)
Start importing Assets/Palmov Island/Low Poly Atmospheric Locations Pack/Models/Plants/Cacti/cactus 5.fbx using Guid(e107c630c6de41645976b9ef4793e071) Importer(815301076,1909f56bfc062723c751e8b465ee728b) [PhysX] Initialized MultithreadedTaskDispatcher with 8 workers.
[PhysX] Initialized MultithreadedTaskDispatcher with 8 workers.
[PhysX] Initialized MultithreadedTaskDispatcher with 8 workers.
 -> (artifact id: 'db12ea298a9cb4aa60eb5fb616ad79b1') in 0.043313 seconds
Number of updated asset objects reloaded before import = 0
Number of asset objects unloaded after import = 9
========================================================================
Received Import Request.
  Time since last request: 0.000029 seconds.
  path: Assets/Palmov Island/Low Poly Atmospheric Locations Pack/Models/Plants/Cacti/cactus 4.fbx
  artifactKey: Guid(f1da13dea635a8d4f9a90c690eedb229) Importer(815301076,1909f56bfc062723c751e8b465ee728b)
Start importing Assets/Palmov Island/Low Poly Atmospheric Locations Pack/Models/Plants/Cacti/cactus 4.fbx using Guid(f1da13dea635a8d4f9a90c690eedb229) Importer(815301076,1909f56bfc062723c751e8b465ee728b) [PhysX] Initialized MultithreadedTaskDispatcher with 8 workers.
[PhysX] Initialized MultithreadedTaskDispatcher with 8 workers.
[PhysX] Initialized MultithreadedTaskDispatcher with 8 workers.
 -> (artifact id: 'eeea80fe6ae5dc6850118b6437d42bbe') in 0.040243 seconds
Number of updated asset objects reloaded before import = 0
Number of asset objects unloaded after import = 9
========================================================================
Received Import Request.
  Time since last request: 1.814095 seconds.
  path: Assets/Palmov Island/Low Poly Atmospheric Locations Pack/Models/Plants/Autumn shrubs
  artifactKey: Guid(44dad10c85102684cb91c4bde6e89a9d) Importer(815301076,1909f56bfc062723c751e8b465ee728b)
Start importing Assets/Palmov Island/Low Poly Atmospheric Locations Pack/Models/Plants/Autumn shrubs using Guid(44dad10c85102684cb91c4bde6e89a9d) Importer(815301076,1909f56bfc062723c751e8b465ee728b) [PhysX] Initialized MultithreadedTaskDispatcher with 8 workers.
 -> (artifact id: '03cfa422163727b6813c9af9cb223d83') in 0.001194 seconds
Number of updated asset objects reloaded before import = 0
Number of asset objects unloaded after import = 0
========================================================================
Received Import Request.
  Time since last request: 0.040172 seconds.
  path: Assets/Palmov Island/Low Poly Atmospheric Locations Pack/Models/Plants/Autumn shrubs/autumn shrub.fbx
  artifactKey: Guid(d76e4980383178b4888fafce9c7e0574) Importer(815301076,1909f56bfc062723c751e8b465ee728b)
Start importing Assets/Palmov Island/Low Poly Atmospheric Locations Pack/Models/Plants/Autumn shrubs/autumn shrub.fbx using Guid(d76e4980383178b4888fafce9c7e0574) Importer(815301076,1909f56bfc062723c751e8b465ee728b) [PhysX] Initialized MultithreadedTaskDispatcher with 8 workers.
[PhysX] Initialized MultithreadedTaskDispatcher with 8 workers.
[PhysX] Initialized MultithreadedTaskDispatcher with 8 workers.
 -> (artifact id: '363d3136e945f9ed61a2d54fda9905dc') in 0.037490 seconds
Number of updated asset objects reloaded before import = 0
Number of asset objects unloaded after import = 9
========================================================================
Received Import Request.
  Time since last request: 11.535757 seconds.
  path: Assets/Palmov Island/Low Poly Atmospheric Locations Pack/Models/Trees/Fir trees winter
  artifactKey: Guid(63ed7180f420595408a0f2f6378b0383) Importer(815301076,1909f56bfc062723c751e8b465ee728b)
Start importing Assets/Palmov Island/Low Poly Atmospheric Locations Pack/Models/Trees/Fir trees winter using Guid(63ed7180f420595408a0f2f6378b0383) Importer(815301076,1909f56bfc062723c751e8b465ee728b) [PhysX] Initialized MultithreadedTaskDispatcher with 8 workers.
 -> (artifact id: '10141ee5802b3541e9a955b53fdc06da') in 0.000790 seconds
Number of updated asset objects reloaded before import = 0
Number of asset objects unloaded after import = 0
========================================================================
Received Import Request.
  Time since last request: 0.050742 seconds.
  path: Assets/Palmov Island/Low Poly Atmospheric Locations Pack/Models/Trees/Fir trees winter/fir tree winter bent.fbx
  artifactKey: Guid(176c48202f5c6d24f9fc3b20c84b85db) Importer(815301076,1909f56bfc062723c751e8b465ee728b)
Start importing Assets/Palmov Island/Low Poly Atmospheric Locations Pack/Models/Trees/Fir trees winter/fir tree winter bent.fbx using Guid(176c48202f5c6d24f9fc3b20c84b85db) Importer(815301076,1909f56bfc062723c751e8b465ee728b) [PhysX] Initialized MultithreadedTaskDispatcher with 8 workers.
[PhysX] Initialized MultithreadedTaskDispatcher with 8 workers.
[PhysX] Initialized MultithreadedTaskDispatcher with 8 workers.
 -> (artifact id: '5b4b64a096683cd672b7771d4b9e5b9e') in 0.037442 seconds
Number of updated asset objects reloaded before import = 0
Number of asset objects unloaded after import = 9
========================================================================
Received Import Request.
  Time since last request: 0.000023 seconds.
  path: Assets/Palmov Island/Low Poly Atmospheric Locations Pack/Models/Trees/Fir trees winter/fir tree winter tilted.fbx
  artifactKey: Guid(582d91f3d5af3144783632a10b6b4346) Importer(815301076,1909f56bfc062723c751e8b465ee728b)
Start importing Assets/Palmov Island/Low Poly Atmospheric Locations Pack/Models/Trees/Fir trees winter/fir tree winter tilted.fbx using Guid(582d91f3d5af3144783632a10b6b4346) Importer(815301076,1909f56bfc062723c751e8b465ee728b) [PhysX] Initialized MultithreadedTaskDispatcher with 8 workers.
[PhysX] Initialized MultithreadedTaskDispatcher with 8 workers.
[PhysX] Initialized MultithreadedTaskDispatcher with 8 workers.
 -> (artifact id: '5ca9b96f26e79ea5d9a266c17694184f') in 0.046819 seconds
Number of updated asset objects reloaded before import = 0
Number of asset objects unloaded after import = 9
========================================================================
Received Import Request.
  Time since last request: 181.183296 seconds.
  path: Assets/Palmov Island/Low Poly Atmospheric Locations Pack/Models/Trees/Autumn trees
  artifactKey: Guid(e20fab31fb97f6c409b5d470f0f07355) Importer(815301076,1909f56bfc062723c751e8b465ee728b)
Start importing Assets/Palmov Island/Low Poly Atmospheric Locations Pack/Models/Trees/Autumn trees using Guid(e20fab31fb97f6c409b5d470f0f07355) Importer(815301076,1909f56bfc062723c751e8b465ee728b) [PhysX] Initialized MultithreadedTaskDispatcher with 8 workers.
 -> (artifact id: '4fabc781a0cbfc695c72d43bcb536fb2') in 0.001088 seconds
Number of updated asset objects reloaded before import = 0
Number of asset objects unloaded after import = 0
========================================================================
Received Import Request.
  Time since last request: 0.499717 seconds.
  path: Assets/Palmov Island/Low Poly Atmospheric Locations Pack/Models/Trees/Dry trees
  artifactKey: Guid(a059b518be350a34889c377c5e262abb) Importer(815301076,1909f56bfc062723c751e8b465ee728b)
Start importing Assets/Palmov Island/Low Poly Atmospheric Locations Pack/Models/Trees/Dry trees using Guid(a059b518be350a34889c377c5e262abb) Importer(815301076,1909f56bfc062723c751e8b465ee728b) [PhysX] Initialized MultithreadedTaskDispatcher with 8 workers.
 -> (artifact id: 'e329af6e403ddda040bdb35d562d5393') in 0.000622 seconds
Number of updated asset objects reloaded before import = 0
Number of asset objects unloaded after import = 0
========================================================================
Received Import Request.
  Time since last request: 0.656285 seconds.
  path: Assets/Palmov Island/Low Poly Atmospheric Locations Pack/Models/Trees/Fir trees
  artifactKey: Guid(667bcca044aec6d4aa71465d6d9ce1b5) Importer(815301076,1909f56bfc062723c751e8b465ee728b)
Start importing Assets/Palmov Island/Low Poly Atmospheric Locations Pack/Models/Trees/Fir trees using Guid(667bcca044aec6d4aa71465d6d9ce1b5) Importer(815301076,1909f56bfc062723c751e8b465ee728b) [PhysX] Initialized MultithreadedTaskDispatcher with 8 workers.
 -> (artifact id: '70f9459a27c5616bfbd5b25327bbe617') in 0.000623 seconds
Number of updated asset objects reloaded before import = 0
Number of asset objects unloaded after import = 0
========================================================================
Received Import Request.
  Time since last request: 0.255594 seconds.
  path: Assets/Palmov Island/Low Poly Atmospheric Locations Pack/Models/Trees/Fir trees/fir tree bent.fbx
  artifactKey: Guid(accfade4b7114f24783256bf071c25c2) Importer(815301076,1909f56bfc062723c751e8b465ee728b)
Start importing Assets/Palmov Island/Low Poly Atmospheric Locations Pack/Models/Trees/Fir trees/fir tree bent.fbx using Guid(accfade4b7114f24783256bf071c25c2) Importer(815301076,1909f56bfc062723c751e8b465ee728b) [PhysX] Initialized MultithreadedTaskDispatcher with 8 workers.
[PhysX] Initialized MultithreadedTaskDispatcher with 8 workers.
[PhysX] Initialized MultithreadedTaskDispatcher with 8 workers.
 -> (artifact id: '965c0f5f954cd28c50e813aea9ce9a7c') in 0.038494 seconds
Number of updated asset objects reloaded before import = 0
Number of asset objects unloaded after import = 9
========================================================================
Received Import Request.
  Time since last request: 0.000023 seconds.
  path: Assets/Palmov Island/Low Poly Atmospheric Locations Pack/Models/Trees/Fir trees/fir tree tilted.fbx
  artifactKey: Guid(9c9c052014ed57146bc86830599c1c2b) Importer(815301076,1909f56bfc062723c751e8b465ee728b)
Start importing Assets/Palmov Island/Low Poly Atmospheric Locations Pack/Models/Trees/Fir trees/fir tree tilted.fbx using Guid(9c9c052014ed57146bc86830599c1c2b) Importer(815301076,1909f56bfc062723c751e8b465ee728b) [PhysX] Initialized MultithreadedTaskDispatcher with 8 workers.
[PhysX] Initialized MultithreadedTaskDispatcher with 8 workers.
[PhysX] Initialized MultithreadedTaskDispatcher with 8 workers.
 -> (artifact id: '369f133b9cd5a59f9f7d60c23516eba1') in 0.040128 seconds
Number of updated asset objects reloaded before import = 0
Number of asset objects unloaded after import = 9
========================================================================
Received Import Request.
  Time since last request: 0.000021 seconds.
  path: Assets/Palmov Island/Low Poly Atmospheric Locations Pack/Models/Trees/Fir trees/pine tree large.fbx
  artifactKey: Guid(5d8656253bc8193468a822e87c1e6a72) Importer(815301076,1909f56bfc062723c751e8b465ee728b)
Start importing Assets/Palmov Island/Low Poly Atmospheric Locations Pack/Models/Trees/Fir trees/pine tree large.fbx using Guid(5d8656253bc8193468a822e87c1e6a72) Importer(815301076,1909f56bfc062723c751e8b465ee728b) [PhysX] Initialized MultithreadedTaskDispatcher with 8 workers.
[PhysX] Initialized MultithreadedTaskDispatcher with 8 workers.
[PhysX] Initialized MultithreadedTaskDispatcher with 8 workers.
 -> (artifact id: '9c4e5d5ce75e6a21e05bbd24f9f468eb') in 0.036484 seconds
Number of updated asset objects reloaded before import = 0
Number of asset objects unloaded after import = 9
========================================================================
Received Import Request.
  Time since last request: 3.468360 seconds.
  path: Assets/Palmov Island/Low Poly Atmospheric Locations Pack/Models/Trees/Tree trunks
  artifactKey: Guid(0fe002aa5abadd147b092f746047797b) Importer(815301076,1909f56bfc062723c751e8b465ee728b)
Start importing Assets/Palmov Island/Low Poly Atmospheric Locations Pack/Models/Trees/Tree trunks using Guid(0fe002aa5abadd147b092f746047797b) Importer(815301076,1909f56bfc062723c751e8b465ee728b) [PhysX] Initialized MultithreadedTaskDispatcher with 8 workers.
 -> (artifact id: '5d66680e33a3a8f3f30744b9d636135d') in 0.000937 seconds
Number of updated asset objects reloaded before import = 0
Number of asset objects unloaded after import = 0
========================================================================
Received Import Request.
  Time since last request: 0.049258 seconds.
  path: Assets/Palmov Island/Low Poly Atmospheric Locations Pack/Models/Trees/Tree trunks/tree trunk.fbx
  artifactKey: Guid(17898474f541cb546a8b06d553fc2cc1) Importer(815301076,1909f56bfc062723c751e8b465ee728b)
Start importing Assets/Palmov Island/Low Poly Atmospheric Locations Pack/Models/Trees/Tree trunks/tree trunk.fbx using Guid(17898474f541cb546a8b06d553fc2cc1) Importer(815301076,1909f56bfc062723c751e8b465ee728b) [PhysX] Initialized MultithreadedTaskDispatcher with 8 workers.
[PhysX] Initialized MultithreadedTaskDispatcher with 8 workers.
[PhysX] Initialized MultithreadedTaskDispatcher with 8 workers.
 -> (artifact id: '7ed62ce9666d85f4abba9dad08c7f1b2') in 0.034591 seconds
Number of updated asset objects reloaded before import = 0
Number of asset objects unloaded after import = 9
========================================================================
Received Import Request.
  Time since last request: 16.585387 seconds.
  path: Assets/Palmov Island/Low Poly Atmospheric Locations Pack/Models/Trees/Palm trees/palm tree bent.fbx
  artifactKey: Guid(f68dd7b08d6cf934a81c1778bd92f405) Importer(815301076,1909f56bfc062723c751e8b465ee728b)
Start importing Assets/Palmov Island/Low Poly Atmospheric Locations Pack/Models/Trees/Palm trees/palm tree bent.fbx using Guid(f68dd7b08d6cf934a81c1778bd92f405) Importer(815301076,1909f56bfc062723c751e8b465ee728b) [PhysX] Initialized MultithreadedTaskDispatcher with 8 workers.
[PhysX] Initialized MultithreadedTaskDispatcher with 8 workers.
[PhysX] Initialized MultithreadedTaskDispatcher with 8 workers.
 -> (artifact id: '1b8d4429dc33f2c34d04bc02fd83c699') in 0.041686 seconds
Number of updated asset objects reloaded before import = 0
Number of asset objects unloaded after import = 9
========================================================================
Received Import Request.
  Time since last request: 0.000032 seconds.
  path: Assets/Palmov Island/Low Poly Atmospheric Locations Pack/Models/Trees/Palm trees/palm tree tilted.fbx
  artifactKey: Guid(b05c4ec308abb58498bb588b98007995) Importer(815301076,1909f56bfc062723c751e8b465ee728b)
Start importing Assets/Palmov Island/Low Poly Atmospheric Locations Pack/Models/Trees/Palm trees/palm tree tilted.fbx using Guid(b05c4ec308abb58498bb588b98007995) Importer(815301076,1909f56bfc062723c751e8b465ee728b) [PhysX] Initialized MultithreadedTaskDispatcher with 8 workers.
[PhysX] Initialized MultithreadedTaskDispatcher with 8 workers.
[PhysX] Initialized MultithreadedTaskDispatcher with 8 workers.
 -> (artifact id: 'c15d3f22969b0853b6b4344e12ba5b9d') in 0.042065 seconds
Number of updated asset objects reloaded before import = 0
Number of asset objects unloaded after import = 9
========================================================================
Received Import Request.
  Time since last request: 1.525146 seconds.
  path: Assets/Palmov Island/Low Poly Atmospheric Locations Pack/Models/Trees/Dry trees/dry tree.fbx
  artifactKey: Guid(59bfb68b67435c44f9decaf95cfac373) Importer(815301076,1909f56bfc062723c751e8b465ee728b)
Start importing Assets/Palmov Island/Low Poly Atmospheric Locations Pack/Models/Trees/Dry trees/dry tree.fbx using Guid(59bfb68b67435c44f9decaf95cfac373) Importer(815301076,1909f56bfc062723c751e8b465ee728b) [PhysX] Initialized MultithreadedTaskDispatcher with 8 workers.
[PhysX] Initialized MultithreadedTaskDispatcher with 8 workers.
[PhysX] Initialized MultithreadedTaskDispatcher with 8 workers.
 -> (artifact id: 'cc35eb6e93bff9d52f6aa9cc9eb1c54f') in 0.037921 seconds
Number of updated asset objects reloaded before import = 0
Number of asset objects unloaded after import = 9
========================================================================
Received Import Request.
  Time since last request: 2.532480 seconds.
  path: Assets/Palmov Island/Low Poly Atmospheric Locations Pack/Models/Stones/Stones flat brown/stone flat brown.fbx
  artifactKey: Guid(47d7b3d3a18451344836f37c91983f2b) Importer(815301076,1909f56bfc062723c751e8b465ee728b)
Start importing Assets/Palmov Island/Low Poly Atmospheric Locations Pack/Models/Stones/Stones flat brown/stone flat brown.fbx using Guid(47d7b3d3a18451344836f37c91983f2b) Importer(815301076,1909f56bfc062723c751e8b465ee728b) [PhysX] Initialized MultithreadedTaskDispatcher with 8 workers.
[PhysX] Initialized MultithreadedTaskDispatcher with 8 workers.
[PhysX] Initialized MultithreadedTaskDispatcher with 8 workers.
 -> (artifact id: '2bc4dfad514c81ae17f395f591688819') in 0.028731 seconds
Number of updated asset objects reloaded before import = 0
Number of asset objects unloaded after import = 9
========================================================================
Received Import Request.
  Time since last request: 0.000032 seconds.
  path: Assets/Palmov Island/Low Poly Atmospheric Locations Pack/Models/Stones/Stones flat brown/stone flat brown 3.fbx
  artifactKey: Guid(7744c51ede6799f43b3278f692742331) Importer(815301076,1909f56bfc062723c751e8b465ee728b)
Start importing Assets/Palmov Island/Low Poly Atmospheric Locations Pack/Models/Stones/Stones flat brown/stone flat brown 3.fbx using Guid(7744c51ede6799f43b3278f692742331) Importer(815301076,1909f56bfc062723c751e8b465ee728b) [PhysX] Initialized MultithreadedTaskDispatcher with 8 workers.
[PhysX] Initialized MultithreadedTaskDispatcher with 8 workers.
[PhysX] Initialized MultithreadedTaskDispatcher with 8 workers.
 -> (artifact id: '8240d8fa55fa127c115c5b26c4aa6152') in 0.027178 seconds
Number of updated asset objects reloaded before import = 0
Number of asset objects unloaded after import = 9
========================================================================
Received Import Request.
  Time since last request: 0.434983 seconds.
  path: Assets/Palmov Island/Low Poly Atmospheric Locations Pack/Models/Stones/Desert stones/desert stone small.fbx
  artifactKey: Guid(951a46640875102428d28c4e577fa9d8) Importer(815301076,1909f56bfc062723c751e8b465ee728b)
Start importing Assets/Palmov Island/Low Poly Atmospheric Locations Pack/Models/Stones/Desert stones/desert stone small.fbx using Guid(951a46640875102428d28c4e577fa9d8) Importer(815301076,1909f56bfc062723c751e8b465ee728b) [PhysX] Initialized MultithreadedTaskDispatcher with 8 workers.
[PhysX] Initialized MultithreadedTaskDispatcher with 8 workers.
[PhysX] Initialized MultithreadedTaskDispatcher with 8 workers.
 -> (artifact id: '874283da5e1a45d5975c205bd4973b26') in 0.027552 seconds
Number of updated asset objects reloaded before import = 0
Number of asset objects unloaded after import = 9
========================================================================
Received Import Request.
  Time since last request: 0.000028 seconds.
  path: Assets/Palmov Island/Low Poly Atmospheric Locations Pack/Models/Stones/Desert stones/desert stone small 7.fbx
  artifactKey: Guid(e8eae08e297c6d243a40b3fa350e496b) Importer(815301076,1909f56bfc062723c751e8b465ee728b)
Start importing Assets/Palmov Island/Low Poly Atmospheric Locations Pack/Models/Stones/Desert stones/desert stone small 7.fbx using Guid(e8eae08e297c6d243a40b3fa350e496b) Importer(815301076,1909f56bfc062723c751e8b465ee728b) [PhysX] Initialized MultithreadedTaskDispatcher with 8 workers.
[PhysX] Initialized MultithreadedTaskDispatcher with 8 workers.
[PhysX] Initialized MultithreadedTaskDispatcher with 8 workers.
 -> (artifact id: '20feb1df3d0104b841fd74340f165a0a') in 0.027112 seconds
Number of updated asset objects reloaded before import = 0
Number of asset objects unloaded after import = 9
========================================================================
Received Import Request.
  Time since last request: 0.000019 seconds.
  path: Assets/Palmov Island/Low Poly Atmospheric Locations Pack/Models/Stones/Desert stones/desert stone small 4.fbx
  artifactKey: Guid(28120ceaf3360c94db46420d8fe278f7) Importer(815301076,1909f56bfc062723c751e8b465ee728b)
Start importing Assets/Palmov Island/Low Poly Atmospheric Locations Pack/Models/Stones/Desert stones/desert stone small 4.fbx using Guid(28120ceaf3360c94db46420d8fe278f7) Importer(815301076,1909f56bfc062723c751e8b465ee728b) [PhysX] Initialized MultithreadedTaskDispatcher with 8 workers.
[PhysX] Initialized MultithreadedTaskDispatcher with 8 workers.
[PhysX] Initialized MultithreadedTaskDispatcher with 8 workers.
 -> (artifact id: '57011b6da283725e9dfc66d0f658bee0') in 0.027461 seconds
Number of updated asset objects reloaded before import = 0
Number of asset objects unloaded after import = 9
========================================================================
Received Import Request.
  Time since last request: 0.000023 seconds.
  path: Assets/Palmov Island/Low Poly Atmospheric Locations Pack/Models/Stones/Desert stones/desert stone small 6.fbx
  artifactKey: Guid(77bd696961bc42548b8ccf37d13e86f8) Importer(815301076,1909f56bfc062723c751e8b465ee728b)
Start importing Assets/Palmov Island/Low Poly Atmospheric Locations Pack/Models/Stones/Desert stones/desert stone small 6.fbx using Guid(77bd696961bc42548b8ccf37d13e86f8) Importer(815301076,1909f56bfc062723c751e8b465ee728b) [PhysX] Initialized MultithreadedTaskDispatcher with 8 workers.
[PhysX] Initialized MultithreadedTaskDispatcher with 8 workers.
[PhysX] Initialized MultithreadedTaskDispatcher with 8 workers.
 -> (artifact id: '3848462f119f990f490a2197f75e5433') in 0.027204 seconds
Number of updated asset objects reloaded before import = 0
Number of asset objects unloaded after import = 9
========================================================================
Received Import Request.
  Time since last request: 0.000053 seconds.
  path: Assets/Palmov Island/Low Poly Atmospheric Locations Pack/Models/Stones/Desert stones/desert stone small 5.fbx
  artifactKey: Guid(387dacf8e96e88640b5e5607da0465c2) Importer(815301076,1909f56bfc062723c751e8b465ee728b)
Start importing Assets/Palmov Island/Low Poly Atmospheric Locations Pack/Models/Stones/Desert stones/desert stone small 5.fbx using Guid(387dacf8e96e88640b5e5607da0465c2) Importer(815301076,1909f56bfc062723c751e8b465ee728b) [PhysX] Initialized MultithreadedTaskDispatcher with 8 workers.
[PhysX] Initialized MultithreadedTaskDispatcher with 8 workers.
[PhysX] Initialized MultithreadedTaskDispatcher with 8 workers.
 -> (artifact id: 'aa22014d0192bd0ceba48bc0467660ca') in 0.027098 seconds
Number of updated asset objects reloaded before import = 0
Number of asset objects unloaded after import = 9
========================================================================
Received Import Request.
  Time since last request: 0.000052 seconds.
  path: Assets/Palmov Island/Low Poly Atmospheric Locations Pack/Models/Stones/Desert stones/desert stone small 8.fbx
  artifactKey: Guid(20b3dbb856789bd499448184a00beef0) Importer(815301076,1909f56bfc062723c751e8b465ee728b)
Start importing Assets/Palmov Island/Low Poly Atmospheric Locations Pack/Models/Stones/Desert stones/desert stone small 8.fbx using Guid(20b3dbb856789bd499448184a00beef0) Importer(815301076,1909f56bfc062723c751e8b465ee728b) [PhysX] Initialized MultithreadedTaskDispatcher with 8 workers.
[PhysX] Initialized MultithreadedTaskDispatcher with 8 workers.
[PhysX] Initialized MultithreadedTaskDispatcher with 8 workers.
 -> (artifact id: 'cf54dc4215749696aab29b39cbd6b0e7') in 0.025184 seconds
Number of updated asset objects reloaded before import = 0
Number of asset objects unloaded after import = 9
========================================================================
Received Import Request.
  Time since last request: 0.588584 seconds.
  path: Assets/Palmov Island/Low Poly Atmospheric Locations Pack/Models/Stones/Stones large/stone large.fbx
  artifactKey: Guid(31128e5fc91b82649bd61879e8a93cac) Importer(815301076,1909f56bfc062723c751e8b465ee728b)
Start importing Assets/Palmov Island/Low Poly Atmospheric Locations Pack/Models/Stones/Stones large/stone large.fbx using Guid(31128e5fc91b82649bd61879e8a93cac) Importer(815301076,1909f56bfc062723c751e8b465ee728b) [PhysX] Initialized MultithreadedTaskDispatcher with 8 workers.
[PhysX] Initialized MultithreadedTaskDispatcher with 8 workers.
[PhysX] Initialized MultithreadedTaskDispatcher with 8 workers.
 -> (artifact id: '269e50942b532ebf9eeebe8b7b0a688b') in 0.030581 seconds
Number of updated asset objects reloaded before import = 0
Number of asset objects unloaded after import = 9
========================================================================
Received Import Request.
  Time since last request: 1.201769 seconds.
  path: Assets/Palmov Island/Low Poly Atmospheric Locations Pack/Models/Stones/Stones large gray blue/stone large gray blue.fbx
  artifactKey: Guid(e6d77187e77b9f549ad407e11f815e8e) Importer(815301076,1909f56bfc062723c751e8b465ee728b)
Start importing Assets/Palmov Island/Low Poly Atmospheric Locations Pack/Models/Stones/Stones large gray blue/stone large gray blue.fbx using Guid(e6d77187e77b9f549ad407e11f815e8e) Importer(815301076,1909f56bfc062723c751e8b465ee728b) [PhysX] Initialized MultithreadedTaskDispatcher with 8 workers.
[PhysX] Initialized MultithreadedTaskDispatcher with 8 workers.
[PhysX] Initialized MultithreadedTaskDispatcher with 8 workers.
 -> (artifact id: '386b0906ed35635c796b2e3b20e562d0') in 0.028275 seconds
Number of updated asset objects reloaded before import = 0
Number of asset objects unloaded after import = 9
========================================================================
Received Import Request.
  Time since last request: 0.000024 seconds.
  path: Assets/Palmov Island/Low Poly Atmospheric Locations Pack/Models/Stones/Stones large gray blue/stone large gray blue 5.fbx
  artifactKey: Guid(516da8ee5e89d5f4aab6d3271b656b43) Importer(815301076,1909f56bfc062723c751e8b465ee728b)
Start importing Assets/Palmov Island/Low Poly Atmospheric Locations Pack/Models/Stones/Stones large gray blue/stone large gray blue 5.fbx using Guid(516da8ee5e89d5f4aab6d3271b656b43) Importer(815301076,1909f56bfc062723c751e8b465ee728b) [PhysX] Initialized MultithreadedTaskDispatcher with 8 workers.
[PhysX] Initialized MultithreadedTaskDispatcher with 8 workers.
[PhysX] Initialized MultithreadedTaskDispatcher with 8 workers.
 -> (artifact id: '1406c803e3dab3ad87b409b24cd00af0') in 0.031983 seconds
Number of updated asset objects reloaded before import = 0
Number of asset objects unloaded after import = 9
========================================================================
Received Import Request.
  Time since last request: 0.000025 seconds.
  path: Assets/Palmov Island/Low Poly Atmospheric Locations Pack/Models/Stones/Stones large gray blue/stone large gray blue 4.fbx
  artifactKey: Guid(d1002d9c0cbe2ae46b3a7f87ccd4e883) Importer(815301076,1909f56bfc062723c751e8b465ee728b)
Start importing Assets/Palmov Island/Low Poly Atmospheric Locations Pack/Models/Stones/Stones large gray blue/stone large gray blue 4.fbx using Guid(d1002d9c0cbe2ae46b3a7f87ccd4e883) Importer(815301076,1909f56bfc062723c751e8b465ee728b) [PhysX] Initialized MultithreadedTaskDispatcher with 8 workers.
[PhysX] Initialized MultithreadedTaskDispatcher with 8 workers.
[PhysX] Initialized MultithreadedTaskDispatcher with 8 workers.
 -> (artifact id: '312b0fdf3e9d1ee74e36e701eca5fdb5') in 0.032180 seconds
Number of updated asset objects reloaded before import = 0
Number of asset objects unloaded after import = 9
========================================================================
Received Import Request.
  Time since last request: 0.446401 seconds.
  path: Assets/Palmov Island/Low Poly Atmospheric Locations Pack/Models/Stones/Stones small/stone small.fbx
  artifactKey: Guid(26e812f92939031429e79b6fdd5cf012) Importer(815301076,1909f56bfc062723c751e8b465ee728b)
Start importing Assets/Palmov Island/Low Poly Atmospheric Locations Pack/Models/Stones/Stones small/stone small.fbx using Guid(26e812f92939031429e79b6fdd5cf012) Importer(815301076,1909f56bfc062723c751e8b465ee728b) [PhysX] Initialized MultithreadedTaskDispatcher with 8 workers.
[PhysX] Initialized MultithreadedTaskDispatcher with 8 workers.
[PhysX] Initialized MultithreadedTaskDispatcher with 8 workers.
 -> (artifact id: 'd9ab14b3f2ebfa018c50975801a565e0') in 0.026492 seconds
Number of updated asset objects reloaded before import = 0
Number of asset objects unloaded after import = 9
========================================================================
Received Import Request.
  Time since last request: 0.000035 seconds.
  path: Assets/Palmov Island/Low Poly Atmospheric Locations Pack/Models/Stones/Stones small/stone small 9.fbx
  artifactKey: Guid(7203c72639e750947930628c08a81d1d) Importer(815301076,1909f56bfc062723c751e8b465ee728b)
Start importing Assets/Palmov Island/Low Poly Atmospheric Locations Pack/Models/Stones/Stones small/stone small 9.fbx using Guid(7203c72639e750947930628c08a81d1d) Importer(815301076,1909f56bfc062723c751e8b465ee728b) [PhysX] Initialized MultithreadedTaskDispatcher with 8 workers.
[PhysX] Initialized MultithreadedTaskDispatcher with 8 workers.
[PhysX] Initialized MultithreadedTaskDispatcher with 8 workers.
 -> (artifact id: '993071d7492de228d18f0dc3735e2fe6') in 0.027793 seconds
Number of updated asset objects reloaded before import = 0
Number of asset objects unloaded after import = 9
========================================================================
Received Import Request.
  Time since last request: 0.000025 seconds.
  path: Assets/Palmov Island/Low Poly Atmospheric Locations Pack/Models/Stones/Stones small/stone small 5.fbx
  artifactKey: Guid(8733375a79a046e45aed3d7273f18ccd) Importer(815301076,1909f56bfc062723c751e8b465ee728b)
Start importing Assets/Palmov Island/Low Poly Atmospheric Locations Pack/Models/Stones/Stones small/stone small 5.fbx using Guid(8733375a79a046e45aed3d7273f18ccd) Importer(815301076,1909f56bfc062723c751e8b465ee728b) [PhysX] Initialized MultithreadedTaskDispatcher with 8 workers.
[PhysX] Initialized MultithreadedTaskDispatcher with 8 workers.
[PhysX] Initialized MultithreadedTaskDispatcher with 8 workers.
 -> (artifact id: '15db0d92ca286e83bbc898e9d4f7e178') in 0.027935 seconds
Number of updated asset objects reloaded before import = 0
Number of asset objects unloaded after import = 9
========================================================================
Received Import Request.
  Time since last request: 0.000023 seconds.
  path: Assets/Palmov Island/Low Poly Atmospheric Locations Pack/Models/Stones/Stones small/stone small 11.fbx
  artifactKey: Guid(8a878e28d7469ec478dd83e72e9ab75f) Importer(815301076,1909f56bfc062723c751e8b465ee728b)
Start importing Assets/Palmov Island/Low Poly Atmospheric Locations Pack/Models/Stones/Stones small/stone small 11.fbx using Guid(8a878e28d7469ec478dd83e72e9ab75f) Importer(815301076,1909f56bfc062723c751e8b465ee728b) [PhysX] Initialized MultithreadedTaskDispatcher with 8 workers.
[PhysX] Initialized MultithreadedTaskDispatcher with 8 workers.
[PhysX] Initialized MultithreadedTaskDispatcher with 8 workers.
 -> (artifact id: '46ca9ea9513bd1d00a200ed40becdfe7') in 0.026224 seconds
Number of updated asset objects reloaded before import = 0
Number of asset objects unloaded after import = 9
========================================================================
Received Import Request.
  Time since last request: 0.000018 seconds.
  path: Assets/Palmov Island/Low Poly Atmospheric Locations Pack/Models/Stones/Stones small/stone small 8.fbx
  artifactKey: Guid(19e4aba8d7a8a854da28657aceee6f6e) Importer(815301076,1909f56bfc062723c751e8b465ee728b)
Start importing Assets/Palmov Island/Low Poly Atmospheric Locations Pack/Models/Stones/Stones small/stone small 8.fbx using Guid(19e4aba8d7a8a854da28657aceee6f6e) Importer(815301076,1909f56bfc062723c751e8b465ee728b) [PhysX] Initialized MultithreadedTaskDispatcher with 8 workers.
[PhysX] Initialized MultithreadedTaskDispatcher with 8 workers.
[PhysX] Initialized MultithreadedTaskDispatcher with 8 workers.
 -> (artifact id: 'bd2c53341c2b2e8df3f01080f89f432c') in 0.026110 seconds
Number of updated asset objects reloaded before import = 0
Number of asset objects unloaded after import = 9
========================================================================
Received Import Request.
  Time since last request: 0.000031 seconds.
  path: Assets/Palmov Island/Low Poly Atmospheric Locations Pack/Models/Stones/Stones small/stone small 10.fbx
  artifactKey: Guid(36da15b0fe7e3c145bc4a445e5ae2460) Importer(815301076,1909f56bfc062723c751e8b465ee728b)
Start importing Assets/Palmov Island/Low Poly Atmospheric Locations Pack/Models/Stones/Stones small/stone small 10.fbx using Guid(36da15b0fe7e3c145bc4a445e5ae2460) Importer(815301076,1909f56bfc062723c751e8b465ee728b) [PhysX] Initialized MultithreadedTaskDispatcher with 8 workers.
[PhysX] Initialized MultithreadedTaskDispatcher with 8 workers.
[PhysX] Initialized MultithreadedTaskDispatcher with 8 workers.
 -> (artifact id: '9b16a14e7ab274851ee50cc73361fa90') in 0.024716 seconds
Number of updated asset objects reloaded before import = 0
Number of asset objects unloaded after import = 9
========================================================================
Received Import Request.
  Time since last request: 1039.988036 seconds.
  path: Assets/Prefab/MapSectionVar1.prefab
  artifactKey: Guid(0f5288ee7a7da8c4a8ac6ac9bf825685) Importer(815301076,1909f56bfc062723c751e8b465ee728b)
Start importing Assets/Prefab/MapSectionVar1.prefab using Guid(0f5288ee7a7da8c4a8ac6ac9bf825685) Importer(815301076,1909f56bfc062723c751e8b465ee728b) [PhysX] Initialized MultithreadedTaskDispatcher with 8 workers.
[PhysX] Initialized MultithreadedTaskDispatcher with 8 workers.
 -> (artifact id: '0c70815382d51016a502b078a7f0656d') in 0.168898 seconds
Number of updated asset objects reloaded before import = 0
Number of asset objects unloaded after import = 724
========================================================================
Received Prepare
Caller must complete domain reload
Begin MonoManager ReloadAssembly
- Loaded All Assemblies, in  0.708 seconds
Native extension for WindowsStandalone target not found
Mono: successfully reloaded assembly
- Finished resetting the current domain, in  2.682 seconds
Domain Reload Profiling: 3388ms
	BeginReloadAssembly (240ms)
		ExecutionOrderSort (0ms)
		DisableScriptedObjects (6ms)
		BackupInstance (0ms)
		ReleaseScriptingObjects (0ms)
		CreateAndSetChildDomain (68ms)
	RebuildCommonClasses (38ms)
	RebuildNativeTypeToScriptingClass (10ms)
	initialDomainReloadingComplete (40ms)
	LoadAllAssembliesAndSetupDomain (377ms)
		LoadAssemblies (488ms)
		RebuildTransferFunctionScriptingTraits (0ms)
		AnalyzeDomain (16ms)
			TypeCache.Refresh (8ms)
				TypeCache.ScanAssembly (0ms)
			ScanForSourceGeneratedMonoScriptInfo (0ms)
			ResolveRequiredComponents (6ms)
	FinalizeReload (2683ms)
		ReleaseScriptCaches (0ms)
		RebuildScriptCaches (0ms)
		SetupLoadedEditorAssemblies (796ms)
			LogAssemblyErrors (0ms)
			InitializePlatformSupportModulesInManaged (11ms)
			SetLoadedEditorAssemblies (7ms)
			RefreshPlugins (0ms)
			BeforeProcessingInitializeOnLoad (87ms)
			ProcessInitializeOnLoadAttributes (651ms)
			ProcessInitializeOnLoadMethodAttributes (27ms)
			AfterProcessingInitializeOnLoad (12ms)
			EditorAssembliesLoaded (1ms)
		ExecutionOrderSort2 (0ms)
		AwakeInstancesAfterBackupRestoration (10ms)
Refreshing native plugins compatible for Editor in 6.59 ms, found 3 plugins.
Preloading 0 native plugins for Editor in 0.00 ms.
Unloading 3273 Unused Serialized files (Serialized files now loaded: 0)
Unloading 16 unused Assets / (30.4 KB). Loaded Objects now: 3809.
Memory consumption went from 127.4 MB to 127.4 MB.
Total: 5.188800 ms (FindLiveObjects: 0.465100 ms CreateObjectMapping: 0.601000 ms MarkObjects: 4.023200 ms  DeleteObjects: 0.097800 ms)

Prepare: number of updated asset objects reloaded= 0
AssetImportParameters requested are different than current active one (requested -> active):
  custom:scripting/monoscript/fileName/BuildMergeTabParameters.cs: 2c923f29302a39560b4301c3fd163a7b -> 
  custom:scripting/monoscript/fileName/IncomingChangesTab.cs: 8a20aca125f6d4b837670edb6e36bc05 -> 82bff1d960538992d4e618d909869d2e
  custom:scripting/monoscript/fileName/DiffSelection.cs: 34faf7c86f7e0c9a01162e930679d82f -> 1460aaba4240ef35322cb9c198487990
  custom:scripting/monoscript/fileName/DrawStaticElement.cs: 6cbd346d4a1be2ee84c9ebe55a7f9f79 -> 5765d84d60602f16f5577bf0b7fc6b96
  custom:scripting/monoscript/fileName/MoveDeleteMenu.cs: f1a7b8a8be76c035d934c51863f3b934 -> c4ad4528e772c33a6167006886a8d1da
  custom:scripting/monoscript/fileName/DialogWithCheckBox.cs: 738e3e0af97e826e16805dda77e5f009 -> 
  custom:scripting/monoscript/fileName/DateFilter.cs: de3aab0283a2b4a1d4d64145b14132d5 -> 3a6cb8c2e3ffbb5a9052e322ee5bf411
  custom:scripting/monoscript/fileName/PerformInitialCheckin.cs: be22d181e456c0a8a5713675f29ac72a -> 8ef9a9f407b8b94b2b5fad9d24e61f79
  custom:scripting/monoscript/fileName/ConflictResolutionState.cs: d9394655856a9fc1a0b280bc997bac16 -> 74a230000ff2fd58c5a60ab4258207dc
  custom:scripting/monoscript/fileName/FindWorkspace.cs: 39bbd18bfe6bf4a99f5c185dcda4dd4a -> 6af6c9e9382fef881c020ab184e6f7f5
  custom:container-demuxer-ogg: 62fdf1f143b41e24485cea50d1cbac27 -> 
  custom:scripting/monoscript/fileName/CheckinConflictsDialog.cs: d3af1d70d3f60a9847d2942647274222 -> e13fa04a97fb675842c94586fc602871
  custom:scripting/monoscript/fileName/AuthToken.cs: d22b2893825e943bc1389be142abd57e -> 0fba7e8eb1ec8b699f274cdc956451b2
  custom:scripting/monoscript/fileName/ProgressControlsForDialogs.cs: 6bf8e69ac7dc2163fe988e5d8181ce88 -> 7e6bd1727985204e3b64e1946e589b1c
  custom:scripting/monoscript/fileName/AssetStatusCache.cs: beede06d8a6d93e7907fd192ad653f2b -> 260d5f85663ac58b2a7e9553c453bc3e
  custom:scripting/monoscript/fileName/OrganizationPanel.cs: d7ac1288bef1b15a05bb26d201a4d87f -> 57a57e6a345dbd536e91c348b70943a9
  custom:scripting/monoscript/fileName/ChangeCategoryTreeViewItem.cs: efd70108e1f6ff61ed2723220486adfc -> fd14db176fff061715c8ec88ced1902f
  custom:scripting/monoscript/fileName/CurrentUserAdminCheckResponse.cs: cec2f173fe8732108711c497674c6f66 -> d57c2dcace740834acd59fdfbc5023b8
  custom:scripting/monoscript/fileName/UIElementsExtensions.cs: a191d7293be4538b0adb29dfe5b06a46 -> 52e0d612ab032e4d22e9558b90396b99
  custom:scripting/monoscript/fileName/CreateBranchDialog.cs: c429477092287209232592c8cde1a615 -> 9eb29fda08033b4f847247136c412db6
  custom:scripting/monoscript/fileName/DrawCreateWorkspaceView.cs: 6422239d8f649480614f0dd4f018b7f2 -> c6039ac84d85ab3926aa94de163a9f7d
  custom:scripting/monoscript/fileName/ProjectPath.cs: 5634ebdbea8ca94089eb9622d1b60497 -> 2007f972d3a73eeb86dfe05e849c7f69
  custom:scripting/monoscript/fileName/SSOCredentialsDialog.cs: 8967ceae1bc195ea8dd32b23c42dd852 -> e140ede12a96f68f30062138385171c3
  custom:scripting/monoscript/fileName/DownloadPlasticExeDialog.cs: 2dd40c53d0303d041a27a44a95c331cb -> 093cfe0607c2346a88cdfdfe1435614f
  custom:scripting/monoscript/fileName/GetOperationDelegate.cs: e719058321e4f2be94be212e42f097c8 -> 
  custom:video-codec-MediaFoundation-h265: 746d11721c4dcdbdad8f713fa42b33f4 -> 
  custom:scripting/monoscript/fileName/PendingChangesTab_Operations.cs: c99065f3c85ec85c85ece2a1a30665af -> 15ae6787065f4af65778e981f418a60b
  custom:scripting/monoscript/fileName/LocksListViewItem.cs: cc9cd24c5be4f7363367cba72f12aad4 -> f4a19fabbec093eb3d6a7e1cd4f42611
  custom:scripting/monoscript/fileName/PendingChangesViewPendingChangeMenu.cs: 561ad0f702e1db14300a4a5f810051f9 -> 9a6ef2277212bf26d647c7f12f946287
  custom:scripting/monoscript/fileName/SignInPanel.cs: f7e82045994d4eefe3b021faa87b55c6 -> bac0318ce35e37bed3a2cc8137452435
  custom:scripting/monoscript/fileName/DrawInspectorOperations.cs: 61c4a6a6507d8f84ef5bdf5cba3f0aee -> 8c94fe642e98309082411f46db89106b
  custom:scripting/monoscript/fileName/DrawDirectoryResolutionPanel.cs: b77d9918f02a8eac64394aaf99fa4b28 -> e4e3c9b4bc511687802b504b71016540
  custom:scripting/monoscript/fileName/CloseWindowIfOpened.cs: d820344e932a12600b5fe6fb7e9f1563 -> ce229ef3b7461ff17e2c1af0695a6657
  custom:scripting/monoscript/fileName/SaveAssets.cs: e472a52843752df7d7ad4ca6b2c8da98 -> b56abea3d51c742ac29e4aec958afad6
  custom:scripting/monoscript/fileName/MergeViewMenu.cs: 93bc40369a2f104c249cef1d685ad358 -> c1676e16bdcf215f6595ea9de7a1fc33
  custom:scripting/monoscript/fileName/RepositoriesListView.cs: 9f95c83dc460fb03fb0916472f14b8a7 -> 95287f65338ca0073ad04002a16eaaf7
  custom:scripting/monoscript/fileName/HandleMenuItem.cs: 740e54c5f6dca1acc88cad87af74b744 -> b4ad1ecc5243212c5967125ad5e41b1f
  custom:scripting/monoscript/fileName/ScreenResolution.cs: 5c975132cf4e36dcc261bd0acd604271 -> 7bb7bb5b955671820101b322f0a7bf3d
  custom:scripting/monoscript/fileName/ApplicationDataPath.cs: 8e4094e28762fb76a1baecfe90c6b65e -> 3e8c4ea8debfda8013fed860ac233d22
  custom:scripting/monoscript/fileName/MergeSelection.cs: 6deb9bc55c10a7ac7c9f905a7b92dbe8 -> 630eecd27cae3311e65e09d9c63da8b7
  custom:video-decoder-ogg-theora: a1e56fd34408186e4bbccfd4996cb3dc -> 
  custom:scripting/monoscript/fileName/RepaintInspector.cs: f134606300316994850c28a68d0cb5a3 -> 
  custom:scripting/monoscript/fileName/LockStatusCache.cs: 5e3725e03dc21c716034553589a67eae -> e99b3f34c5cd3eb73ec19439af1f7f80
  custom:scripting/monoscript/fileName/DiffTreeView.cs: 68195907d129ef826aa6b6df7202696d -> 49f46fd2a65ea674a218eead75f27aac
  custom:scripting/monoscript/fileName/DependenciesDialog.cs: 82d30fc8d5e1a73ec0d1ee9acc00fbc2 -> c8902186ab2f4e6471b5dd147afb01b6
  custom:scripting/monoscript/fileName/ChangesetListViewItem.cs: 95a197949f1e777703db60eea8cc21b3 -> d742a4910e302777daa1ccb9c8e92cb9
  custom:scripting/monoscript/fileName/LocksViewMenu.cs: fda08381fa9abca53b6eaf3bf55f14f8 -> 186d8514e824865b191ba1829afe4b33
  custom:scripting/monoscript/fileName/IncomingChangesViewMenu.cs: 5f96afa82d3e2a8078206b7f6d3b0752 -> 13196979a03411533716f6775c9a624b
  custom:scripting/monoscript/fileName/QueryVisualElementsExtensions.cs: 75ea535788abf9c38ba9341c984a6241 -> a49740b6efbb934f55475cc70b864a4c
  custom:scripting/monoscript/fileName/DivergentMoveMenu.cs: 5b146ed65a6a030ab7d86a0d711244f7 -> 98d76b5791494212a0c25aa6a4af7288
  custom:scripting/monoscript/fileName/WriteLogConfiguration.cs: 1a8401f47b522f631a3dc005105719f5 -> 1589212d1638ae91a029ea3ddf9999f2
  custom:scripting/monoscript/fileName/FileSystemOperation.cs: c31a686e69e66801c204a11be56c950a -> f0ccbe91654279794a85bf6f1c034716
  custom:scripting/monoscript/fileName/MigrateCollabProject.cs: af93695e471d9c8e4ad014c4165f2c3c -> 9f3487f03a783b35518405572f20ac9e
  custom:framework-win-MediaFoundation: 216162199b28c13a410421893ffa2e32 -> 
  custom:scripting/monoscript/fileName/ProgressControlsForViews.cs: 7d677c6df38ab15cf390062b5b0bb854 -> a8a18a90f46aa63848e1e45d8d7ff9af
  custom:scripting/monoscript/fileName/DrawAssetOverlay.cs: 04a46044def089f0abcdafdd281e3646 -> 
  custom:scripting/monoscript/fileName/ProjectWindow.cs: c62567a3d71fd74636bc783de5162474 -> 
  custom:scripting/monoscript/fileName/MergeLinksListView.cs: 826afb5fb5988163105086b4bf5027af -> c9488671ae9b14523680d0c19097baa0
  custom:scripting/monoscript/fileName/UnityCloudProjectLinkMonitor.cs: a6d5b729fcd63f578363f7929a986e8b -> 86b74508945daf368996ea82904ac8da
  custom:scripting/monoscript/fileName/EditorProgressBar.cs: 7418be9b22aaea32732f8a5f49569d1c -> 08c2f2b90ef64df631d46389f0e22c8e
  custom:scripting/monoscript/fileName/MeasureMaxWidth.cs: cd9322680ae61d38397008451b7ed0ed -> 1569e3f1dad91a9b01cba66ab6aa30b0
  custom:scripting/monoscript/fileName/ChangesetsListHeaderState.cs: 69fc4f1a2bc3782d7043ec48961a3616 -> fe1392f9b135da83e13fe8a5e5f39fc2
  custom:scripting/monoscript/fileName/PendingChangesTreeHeaderState.cs: 7d278b5569d28437d07554a3bbb56e1b -> 5d7f70d142c9ac67864ec14950523d62
  custom:scripting/monoscript/fileName/ChangelistMenu.cs: ca33bac56b3a337faa90a1b1bba632d6 -> c1bf5aeb760cc5eae584ea3944d6531b
  custom:scripting/monoscript/fileName/MissingEncryptionPasswordPromptHandler.cs: 7f5831fc8a41e9cadd84fcfd0e885072 -> 5d7b9646eb14a39b6d3d5bab19d266ff
  custom:scripting/monoscript/fileName/NotificationBar.cs: d1a4cf5e8103d80fd25347275f906aa8 -> 50f1a85fa18d94338418def78dcd8543
  custom:scripting/monoscript/fileName/EmptyCommentDialog.cs: c9c28ff22d24598d7e4856f434bb1b92 -> 99cc06133e502eab7998108e26fd5614
  custom:scripting/monoscript/fileName/UnityThreadWaiter.cs: dbd556f2802baab90a20da38c288d36c -> 99333406d92d10003984b4d1920de2f9
  custom:scripting/monoscript/fileName/CredentialsDialog.cs: 179b5e49656a1623c2e79d838f0f5876 -> c785d5e40f8d66b7ef7ba04ee7c324e0
  custom:scripting/monoscript/fileName/ProcessHubCommand.cs: 30630f626164e285c361aa64e681100e -> 8ab0fc63fa4d9d749198dd61b09d7e37
  custom:scripting/monoscript/fileName/GetRestorePathDialog.cs: e21eb9983f0b989125951478cd5e9b35 -> 353d1126ca2d2063d5bdbd06806ffc08
  custom:scripting/monoscript/fileName/UpdateReportListHeaderState.cs: 64a5bf775d221ad9a5ff8c78a1e0e1fa -> d6cbe54be2898ed2c96c2e79572c2e08
  custom:scripting/monoscript/fileName/LocksListView.cs: 8c6202774eebcf67be9c3b5a2926cc7c -> 7aa51ff93bcc98aa05dec8b46ec200c4
  custom:scripting/monoscript/fileName/DownloadAndInstallOperation.cs: b043b8d5921892e87f4566e00162cff6 -> 4f4065aeafda2af0ec272a3c228e27b2
  custom:scripting/monoscript/fileName/DiffTreeViewMenu.cs: 3e62bfc69ca7486976988e151b88922e -> 8039fc4ecf68b3e966e1f4822789e7fa
  custom:scripting/monoscript/fileName/UnityStyles.cs: 9cb60b3dfb2aa9ad7fb7f3438dc23bed -> a77bf4c43409620cb9527bf40c7b31b2
  custom:scripting/monoscript/fileName/HistoryTab.cs: 4d086984813cd90d6be245dd8e03a2ba -> d57f000c65fde42a2228c7a105a836e5
  custom:scripting/monoscript/fileName/HistorySelection.cs: 7c3afcf345a55e8b77ea41ca0f570218 -> 3d07a3d1241e204b5420d71f1137eba4
  custom:scripting/monoscript/fileName/CreateWorkspace.cs: 7b3086384e5ddcd73cd5064a3ce31cd2 -> 5256205b5cf0570b6f698c7abe518f5a
  custom:scripting/monoscript/fileName/ShowWindow.cs: c731454122754eec192bc3c53fac3d95 -> a6bb1d20733c178256b38974418d7450
  custom:scripting/monoscript/fileName/LocksListHeaderState.cs: b80c5f044f18764adef2e9dbea5f0fb1 -> c7fe4d3b5f954615048f8e79925d29e3
  custom:scripting/monoscript/fileName/CreateRepositoryDialog.cs: 1e1c5399cf3d0b071c7982c565a710ce -> 5cec3e66b09e0dbe1f805953c5c64af9
  custom:scripting/monoscript/fileName/RenameBranchDialog.cs: a3111a345c6451ee64cd16f1989c2313 -> e5c89c05c87517babb3730e87196a494
  custom:scripting/monoscript/fileName/EncryptionConfigurationDialog.cs: 6423045767c07e6360ff314ec741c601 -> 19e9c54aff6ffc68d60fe11f80578947
  custom:scripting/monoscript/fileName/CheckinProgress.cs: 298ac58365579798eb3b4defc181ccaf -> 75b93dbc5ef307111f0647f735640420
  custom:scripting/monoscript/fileName/AssetCopyPathOperation.cs: 571ede78b6298606a236918df9df62d5 -> 633a9d130b72ba594756844b628f0ae2
  custom:scripting/monoscript/fileName/PendingChangesSelection.cs: 766664749a54eea9ecce5dff917430ef -> 1721ad72d074757364587c71b49d9382
  custom:scripting/monoscript/fileName/LoadAsset.cs: 9042eb334fc462cf466672445be1d4c2 -> 5e4e082aa5b21c13b80eb237fe94d00b
  custom:scripting/monoscript/fileName/Images.cs: 0b0c14141950fed99e3ef33199b3b4c9 -> fbdd1e600315d249327f3effde045c9d
  custom:scripting/monoscript/fileName/DrawLocksListViewItem.cs: ce3a3d64ec2d84c3556ffd4141efc4f7 -> 6201c4d50383e970d554210505562d37
  custom:scripting/monoscript/fileName/DrawProgressForOperations.cs: ea9179848be98ee7719316b39339ef29 -> b544f18e6532ba53bbd1b691fa5cd571
  custom:scripting/monoscript/fileName/ViewSwitcher.cs: bb22cc2814598bf2511f6c811c1dc194 -> dd1f6d6bc6ad5beda69b13cdb560799f
  custom:scripting/monoscript/fileName/RepositoryListViewItem.cs: 2f16ba7694ec7934685021093e722c4e -> 3cabcd81911a2500dcd9e2b6ffae3f00
  custom:scripting/monoscript/fileName/InspectorAssetSelection.cs: 71ba78e42827a9b22a9a6016733d756f -> 4b3c1ae4c44d88205aef26229acfe022
  custom:scripting/monoscript/fileName/UVCPackageVersion.cs: c4d95cb84d9d8dff4727eba6b0a64378 -> 
  custom:scripting/monoscript/fileName/IncomingChangesTreeHeaderState.cs: f578f4545f0afb1f0a2de9a25e26e33b -> 9fcb97ef2da44c66332f5c6800c2e6ed
  custom:scripting/monoscript/fileName/DrawTextBlockWithLink.cs: d38f3ee197d9063693d0301d5157b32c -> 1d43814d810f0d56e2964ad3b72f271e
  custom:scripting/monoscript/fileName/WorkspaceOperationsMonitor.cs: 5f05751fd4d94e02e79a5bf200f98f9a -> 43dcc435c252a54bdaaf4d6588b7d66e
  custom:CustomObjectIndexerAttribute: 9a22284fe3817be447336de3de66b15e -> 
  custom:scripting/monoscript/fileName/ShelvesSelection.cs: 05891c88858e4ac7776c0c0c49b5b74f -> 8a3e11e7cd7bbf10b24988c7bf636dea
  custom:scripting/monoscript/fileName/MacOSConfigWorkaround.cs: 8634a542fc5c45ea8cd9a8244bf2c871 -> 9fe61e763da506601651f6c451cecb0a
  custom:scripting/monoscript/fileName/IncomingChangesSelection.cs: a96a5a084d59fe3917a3831b68fa9479 -> d86f9f4463e6f9d99bb815e1f018ccf1
  custom:scripting/monoscript/fileName/AddMoveMenu.cs: 07e842d83dd343358454fef0a7927a0d -> e681c3341f01390e9c1d636ae93280df
  custom:scripting/monoscript/fileName/PlasticProjectSettingsProvider.cs: c126b47f9f934d48f0646c249a5bfcca -> 8c4ae1aeb34c51d2a5a8924265075ff2
  custom:scripting/monoscript/fileName/AssetMenuItems.cs: 9ce81cedb8e568c6b7b646aa6263645b -> 
  custom:scripting/monoscript/fileName/ToolConstants.cs: a088b027c7b0922429c756f12b0507ea -> 3b0d2490617bc7f94a0bdab65a399e1d
  custom:scripting/monoscript/fileName/MergeTab.cs: f39dce5bbfdc053d284a55fc102a8be9 -> f0a9f00e065364eb63b070091ade67f8
  custom:scripting/monoscript/fileName/GetSelectedPaths.cs: 02423a81496d6c63598b5cdc203f4354 -> be35dd49dddd53fc840b9febf21b4d0d
  custom:scripting/monoscript/fileName/TokenExchangeResponse.cs: 0dd9138dbeab6f132711a5b608de5c13 -> f20183d4cf939766d3c1e15cc3bec2e3
  custom:scripting/monoscript/fileName/ChangesetsTab_Operations.cs: eca44847b108faefa69f8c525242c965 -> 3290c4c0cd248666e01a08ee6d621249
  custom:scripting/monoscript/fileName/OverlayRect.cs: 59d6887e4803f8a44ffaa0409470e410 -> 
  custom:scripting/monoscript/fileName/ConfigurePartialWorkspace.cs: 309d4276b0164b05348aedbd51cc0b2f -> 10fcc6b6d43dd5ed36c43c6f7b5906c4
  custom:scripting/monoscript/fileName/ValidRepositoryName.cs: 43c262be3f66a970816e3d3a3ee8872a -> 56bcf92a3678f6ad6215cae2e4914cfd
  custom:scripting/monoscript/fileName/OtherOptionsFoldout.cs: eea27b9873519c1ea7c35b8afc1b7947 -> cc8f3a7680050422963ebd2bf169a841
  custom:container-demuxer-webm: 4f35f7cbe854078d1ac9338744f61a02 -> 
  custom:scripting/monoscript/fileName/GetPlasticShortcut.cs: 2a84c035152261f00e7e66eb44cd0ffa -> 5c2b7bf07ddd2284efc64b09ef0f1f72
  custom:scripting/monoscript/fileName/ApplyShelveWithConflictsQuestionerBuilder.cs: e109c624745dcc4304c557872b253808 -> 02e4256f31bc905362a382e31c3387eb
  custom:scripting/monoscript/fileName/GuiEnabled.cs: 1b1658fd7715b5cc664c10a130c6b629 -> 7bb13fcc8d8cbd392e00f7232841f086
  custom:scripting/monoscript/fileName/BuildPathDictionary.cs: 943911b84162d26cea47f964f9a0a399 -> 9fabc7cc73fcfc50b8a3307c6aa6ec4d
  custom:scripting/monoscript/fileName/FindEditorWindow.cs: 2bb64182aef631315344623cf583c78a -> 8c3c78bb7e82ac5008f8a2b8a0d68cff
  custom:scripting/monoscript/fileName/ShelvePendingChangesDialog.cs: 47aa4c07d31152c0c1eff64d2ba76cc6 -> 86b1f48b5fbaffa67e939e7f404062e6
  custom:scripting/monoscript/fileName/DrawProgressForViews.cs: c153245b67af73b7ee03f693a1127796 -> 068a172cb549ad77d9873d721698bd0d
  custom:scripting/monoscript/fileName/UpdateReportDialog.cs: 706e7e86547c339cdb3a4462e3f7a54d -> 087837d8f73228f1a817d0de82c77260
  custom:scripting/monoscript/fileName/UnityMergeTree.cs: f81f2d7551ab855fe9dc724f3f2e2892 -> 59edaa0a4669bbcb540a261166adc144
  custom:scripting/monoscript/fileName/CycleMoveMenu.cs: 91c21a0be9b3727d7673f94321029c52 -> b3993a7306fc941f55ca963833965729
  custom:scripting/monoscript/fileName/HistoryListView.cs: 527da2d093462f1c4a278d6957e7d5ac -> 7b2d1d2c12ab43d9d244e35197127919
  custom:scripting/monoscript/fileName/ChangeTreeViewItem.cs: 506ed128854137d9f75f9e3d2576a06b -> b0a38ce0a620643c776a3db4fd91bc4c
  custom:scripting/monoscript/fileName/BringWindowToFront.cs: 88b20f2a2881db6a013f54923d68cdee -> a30c7c1ba746c6d277a5aedd3057d15e
  custom:scripting/monoscript/fileName/ShelvesViewMenu.cs: 947ea245959bf421539573511c3a0058 -> da5dc74b3444288f443961ecab7245d6
  custom:scripting/monoscript/fileName/LaunchCheckinConflictsDialog.cs: 4417eba1591eccb2221bfdce0106c1e0 -> e2c1e3f8f4e14a62e4363fe6259adbc2
  custom:scripting/monoscript/fileName/ParseArguments.cs: 03c1a4d7e357164ca313a0019713c3db -> ae915d9f5fe287ced40627c9ca8bfafd
  custom:scripting/monoscript/fileName/ExternalLink.cs: 685ff1dd6f55eb61a1fd8af84a2aa7f5 -> a8ff952d8c27d10f226ab92b7aa83b69
  custom:scripting/monoscript/fileName/WaitingSignInPanel.cs: 247680fcfc6a176b9fa28a3df600a754 -> 7585e1c7111b6b900784e6d1c9454258
  custom:scripting/monoscript/fileName/OperationProgressData.cs: 0db72349eeecbe9449a517b1d79cc760 -> 15f68712baaea535af36d9e0333c0a6e
  custom:scripting/monoscript/fileName/RepositoriesListHeaderState.cs: c0353a1af15ae4fd3d5a2a3cac816423 -> fb71b961ab7c924511a6b0e8680b60ee
  custom:scripting/monoscript/fileName/ClientDiffTreeViewItem.cs: 56be9d3aa410e770e75de2d8b93be89d -> 43bdd7aa5bf1aa039a5b572c119c38d0
  custom:scripting/monoscript/fileName/CreateWorkspaceView.cs: c40bc4c8524ef3e2374ef997beb2e4a6 -> 9ae2295080d141c0f12d02a71014e11c
  custom:scripting/monoscript/fileName/CommandLineArguments.cs: 0d20ca25f94249586a7c1484c469d8a2 -> 48a62ad3f817c0269ea7fc4a53799594
  custom:scripting/monoscript/fileName/DownloadRepository.cs: 46fc68d9cc4da8e8ed765ff28b2dd438 -> 5bad8d3f76a3fcb41a94637e37c11ab0
  custom:scripting/monoscript/fileName/ParentWindow.cs: 2476d8a6ba9c3055f984ac9792cae61a -> d6aa079e592e01701c5baa3ab98898bc
  custom:scripting/monoscript/fileName/OperationParams.cs: 091a140b35535b91c773ddf98925322d -> 3312c7a4424a66ffbf2f88f056f329aa
  custom:scripting/monoscript/fileName/SignInWithEmailPanel.cs: a5823728eb62cf6dbd8c933c1cb26f53 -> 6e8957c0ed7609303e68389067e72d72
  custom:scripting/monoscript/fileName/LaunchInstaller.cs: f9b7c99441bc32980ce9b95be066824b -> b75efdf5909b501e06cacd9c66f75981
  custom:scripting/monoscript/fileName/GetWindowIfOpened.cs: 84a2356c61155912908cf98a62600c22 -> fd8bfd1a9b371371ebbff48e377726f9
  custom:scripting/monoscript/fileName/AvatarImages.cs: ea6dca998cf0ec5122553a9e010ef687 -> 3aa8c25a350843151ec4070c820c411a
  custom:scripting/monoscript/fileName/DrawUserIcon.cs: 2f65feb9bed897237f97fbf9c5479092 -> 7d5385bf780ae84e648a8b49f8fe0825
  custom:scripting/monoscript/fileName/AssetStatus.cs: b9ea657347f2c22e8e401cdb256c516c -> e017010009bdb28bcb0d7d8ef05e7dd9
  custom:scripting/monoscript/fileName/TreeViewItemExtensions.cs: d22abf8de7a9ab0e852b869a652f100d -> 6849c47ffa8623d630ef12f76bd49905
  custom:scripting/monoscript/fileName/BranchesListView.cs: 334a3fb302f855f71fb71520fb442a71 -> 3f5ed9fe5a1bca512014ae1600ee1666
  custom:scripting/monoscript/fileName/DrawGuiModeSwitcher.cs: 363adc150c5f1c5059a678f179906090 -> d3be34a3134d3fe80ef6b14d0d519128
  custom:scripting/monoscript/fileName/ReviewImportTrigger.cs: fe35605b21ab60185d0380e7106c01fe -> 
  custom:scripting/monoscript/fileName/UnityMenuItem.cs: 5f445176ad3735e69769d93250663be7 -> 73f3c859f1b5092ad362c09e23b3a922
  custom:scripting/monoscript/fileName/WebRestApiClient.cs: 8ab6ae74a3793a3375cc48f328048a82 -> 746756fd499dddd02a4e7ccdbac48be3
  custom:scripting/monoscript/fileName/ShelveListViewItem.cs: a37862556d04b25f75804d991e109d87 -> 373418f0ae11fc25a26ff7fe4f472006
  custom:scripting/monoscript/fileName/OpenPlasticProjectSettings.cs: 5a86fd454f7c9f74b62653e269818d3f -> 
  custom:scripting/monoscript/fileName/PendingChangesOptionsFoldout.cs: 2a2f5a0ba87bd75c4475236a9a012016 -> f9e651bcc5d4441496c88ab59a32f360
  custom:scripting/monoscript/fileName/IncomingChangesTreeView.cs: d8c19bc81b07c04d7721396d2821d297 -> 96479648d4498738733254eb4e4c6fb5
  custom:scripting/monoscript/fileName/GenericProgress.cs: 11287c7d038c487f32d0c8edc476a32d -> 8492ec26f01fc248d3eb3c2f5b3b6c0f
  custom:scripting/monoscript/fileName/ShelvesListView.cs: 0763e4076b11a683fa148282680085c0 -> 01c1f087b2f83b458da6b8ad18736606
  custom:scripting/monoscript/fileName/MergeCategoryTreeViewItem.cs: c1ecd9dc0cd73eb7eb129994dedc1a91 -> 6bd59fcbfeafe06987a54631991d755b
  custom:scripting/monoscript/fileName/CheckinDialog.cs: 1709b78fae1329cc05fd4f39334b25f5 -> 702fdb8d0a3b4bfcb9ba109e71325cad
  custom:scripting/monoscript/fileName/SortOrderComparer.cs: 8f6297df34271fdb1ce2d9607ec6261d -> 90647cc400823b41df847a6cbfc29026
  custom:scripting/monoscript/fileName/GUIActionRunner.cs: 69af7de0762ed6d085feb4cc4b5101b3 -> 4a0608de635b0d82868d57923d68eff7
  custom:scripting/monoscript/fileName/PlasticMenuItem.cs: 30c3a785b4c2607e2ae9aad693d5f604 -> 
  custom:scripting/monoscript/fileName/PendingChangesTreeView.cs: f3722f38014385705913f17dbe0f90c1 -> 17142d220a0a50a3f3d184c4718a0da7
  custom:scripting/monoscript/fileName/VCSPlugin.cs: 69c1b7249af35f35848ae707bd5e7113 -> 
  custom:scripting/monoscript/fileName/GetClientDiffInfos.cs: 4ae14b15e2cf5177a84735548a44cdc9 -> f8db8e637ded2d5e935a953a13b85ebe
  custom:scripting/monoscript/fileName/DrawActionButtonWithMenu.cs: d7f31944358aed2f3ed3982246fca039 -> 8d4f5edd02a1dd0f38c4f2baf5ee8a33
  custom:scripting/monoscript/fileName/ErrorListViewItem.cs: 9bf59c82e9c9992a012a3eb2b6c2bfe5 -> 509edc26860f8be303ec97d68aabc30d
  custom:container-muxer-webm: aa71ff27fc2769a1b78a27578f13a17b -> 
  custom:scripting/monoscript/fileName/EditorProgressControls.cs: b1f133fa38afd918d537a72574fc93a0 -> 2e606eb01a6e6a567f3de9a0379ed3ae
  custom:scripting/monoscript/fileName/BranchesListHeaderState.cs: d47f1164fa7093137db851c4c16ffba3 -> 82eab21603f4efc696334ee80641c2c9
  custom:scripting/monoscript/fileName/DrawSearchField.cs: b11b864a92c7d76f85d4ec87d6faf61c -> 3de70beba9f4447205d50241d95b066a
  custom:scripting/monoscript/fileName/PendingChangesTab.cs: c99065f3c85ec85c85ece2a1a30665af -> 15ae6787065f4af65778e981f418a60b
  custom:scripting/monoscript/fileName/MergeTreeHeaderState.cs: d266e9dd03ced7ec66ad3688e5f18f26 -> 6293ca7f65e9641fcbe12100e705a990
  custom:scripting/monoscript/fileName/BuildGetEventExtraInfoFunction.cs: 1308a6936e8051866a117b3b7c2c7b77 -> 74bfc8c01f931108a3c2b127aa04cc8d
  custom:scripting/monoscript/fileName/ShelvesTab.cs: 88e0da7511313c57d3f51ba183c4d3fc -> fca0a219bdad45e636bd34724e5dc89d
  custom:scripting/monoscript/fileName/ReviewWindow.cs: 3f63ec647dfccbd08084116e1c6b7d19 -> 
  custom:video-decoder-webm-vp8: 9c59270c3fd7afecdb556c50c9e8de78 -> 
  custom:scripting/monoscript/fileName/WelcomeView.cs: 07e35bfe1faa2c52c049eb30958acd54 -> f06c185659ea2f4a75f9397861dc6096
  custom:scripting/monoscript/fileName/DeleteMoveMenu.cs: 39c593e854a9a8ae0e6d34ceb587fce1 -> 4d026cbabd8105e38661f97da078042a
  custom:scripting/monoscript/fileName/PlasticApp.cs: c440a0fb380601a77ad475d6c15d4fa1 -> c57de230d90beac7b586f10b9c7c6cb5
  custom:scripting/monoscript/fileName/ChangesetsTab.cs: ef408d8aaf89e01b17643ed0c836680d -> 46dde8f7856048792ad2e75490bb8c5e
  custom:scripting/monoscript/fileName/DeleteBranchDialog.cs: efbbc070bfeda2b746e8b15a4380cb26 -> 8549b0fc52962c89115fd78724fee578
  custom:scripting/monoscript/fileName/IncomingChangesNotification.cs: d7ac4b8f9ea939309b8ceb7f729100a2 -> caa8ea2c7336b9227381f0971759e01a
  custom:scripting/monoscript/fileName/DrawTreeViewEmptyState.cs: d4c16fd6aad8161eda7d99fd74cbb08e -> 
  custom:scripting/monoscript/fileName/ErrorsListView.cs: cc3142391037796392fcd3fe860891dd -> cd35171982f17897dd5148dda46e0956
  custom:scripting/monoscript/fileName/UnityPendingChangesTree.cs: fd6f0a038401268983bd9328d10dec93 -> f391d9a00dc9e202cee4d4ebcf6d21c0
  custom:scripting/monoscript/fileName/ClientConfiguration.cs: 5f5e47bfb7cedc7420d7e59c6d7ae6f0 -> 01b18b09a6dbb3756e1f42a5b64aab0f
  custom:scripting/monoscript/fileName/AssetVcsOperations.cs: 50ee89e011ba3d800b4e7a9a24aca7e1 -> 
  custom:scripting/monoscript/fileName/PlasticDialog.cs: b0aae1bf1889af041741f324070b7b84 -> 63a17a2b696bc2a13c9046aa16f8cea4
  custom:SearchIndexIgnoredProperties: e643bd26f0fe6173181afceb89e7c659 -> 
  custom:scripting/monoscript/fileName/AutoRefresh.cs: 9d30d5d3f0e8985355be1ab597da1dbb -> 0a8afde180a876655ad16caa14493409
  custom:scripting/monoscript/fileName/PlasticPluginIsEnabledPreference.cs: 7953272c37f4a828a3d1096e7479f346 -> 
  custom:scripting/monoscript/fileName/GetRelativePath.cs: 9b16eb2de9e98b392077181cc34243c1 -> ab04ae5e0cafb93ebf5c96148bb52df0
  custom:scripting/monoscript/fileName/UnityEvents.cs: 253411328de37811883aded592b97268 -> c830e584565fcd66ca0d5a23ad8b9bd6
  custom:AudioImporter_EditorPlatform: d09bf68614088b80899f8185d706f6e7 -> 
  custom:scripting/monoscript/fileName/DeleteChangeMenu.cs: 540c783b689e4d6a4a383862455d5d39 -> bfa368dc06e11abcc107d6f80c7c19c5
  custom:scripting/monoscript/fileName/SelectNewCodeReviewBehavior.cs: df6e8e132199ea6ec467c9bced11011d -> a16edf3a8c3e5ac26863e890f68fd937
  custom:scripting/monoscript/fileName/DockEditorWindow.cs: 581124d5e19667105f2446d6dfbf7982 -> a9e5e467234133af999283610b6e84e6
  custom:scripting/monoscript/fileName/ProjectPackages.cs: e247c98bd45807b228765f9a94d82145 -> 9e9e13e39b2e9718b602503b87245c18
  custom:scripting/monoscript/fileName/BranchesSelection.cs: 7eb1fcb556f0fad697e4ec9d989be099 -> 33b36e7b03910960966036894ec90c7c
  custom:scripting/monoscript/fileName/SaveAction.cs: b68fbb4319dbb368959c40781b39fdf8 -> 27c387bb58f3a69b0c9ff60d2209e18f
  custom:scripting/monoscript/fileName/AutoConfig.cs: 6c4e7f9dc55323aa1299debfe9723aa6 -> bf4bbd2f2e752464ef51dbf102faed17
  custom:scripting/monoscript/fileName/DiffPanel.cs: 02288a38bd14cc2b52a25b302a6f154e -> 210366dab3631628227b9406f87a9b7f
  custom:scripting/monoscript/fileName/PlasticAssetsProcessor.cs: ff731c8aacf4a537dc74c7cf9eaeaed0 -> 
  custom:scripting/monoscript/fileName/DrawActionToolbar.cs: 52293cb82089e0370f52e257f41c0869 -> e05748a99799f26304c1bbafd90f703b
  custom:scripting/monoscript/fileName/TreeViewItemIds.cs: 7d654a2b5b3a10da3e7d8472196e96d1 -> 0cdf409b5aa8d4c25876d72b5c6a3b60
  custom:scripting/monoscript/fileName/EditorVersion.cs: 70953c9eccf7726f70c672a9a51619e9 -> 698aba075b19a52a056d67a7b809d179
  custom:scripting/monoscript/fileName/TeamEditionConfigurationWindow.cs: d06f049421c16e5927ec29f770917e09 -> e53b1ca5561894aaeff930afb696d001
  custom:scripting/monoscript/fileName/ProgressOperationHandler.cs: 5fbb4e0f656dcfaa4498bd2e492e4710 -> ec62666c0ca1649dd33cc6bc6834c6f7
  custom:scripting/monoscript/fileName/UnityPlasticTimer.cs: 961fdb6492c99b4a3eadbed28e78c4b0 -> 6c887e722e951c2964523825cad70c4c
  custom:scripting/monoscript/fileName/TreeHeaderColumns.cs: 9fc4a0396a421346b8aa3b7788860851 -> 316e5ea62e66b20fd6e687a6b9e5958e
  custom:scripting/monoscript/fileName/MergeOptionsDialog.cs: 25ac62df73845405e13f44e4dfdcf0d1 -> 9250ce23d260ab84f87bd5899c6cf983
  custom:scripting/monoscript/fileName/AssetFilesFilterPatternsMenuBuilder.cs: 8fe5de6e5dc3d42fb7e95de2aaedbf5a -> 0d99e7514c6a33cda8314deed8f34bc5
  custom:scripting/monoscript/fileName/MergeTreeView.cs: 143a828a1a236483d3cdc1d010ce9d51 -> 3feb38cec50d3fc7576ddbf07a9a9ce8
  custom:scripting/monoscript/fileName/PlasticNotification.cs: 3629fdff9f054b2013702f5b131b2c47 -> 
  custom:scripting/monoscript/fileName/ConfirmContinueWithPendingChangesDialog.cs: c0e147ff008a0b77c9337132a3ea70af -> 77462b1904ad8f6fee2f8da4523d59fe
  custom:scripting/monoscript/fileName/ShelvesListHeaderState.cs: d3cea237aa496a145829475430d90f29 -> 287f23cbe09ecb9b28ec8dd05ede8846
  custom:scripting/monoscript/fileName/ChangelistTreeViewItem.cs: a4a6f6169cdb3afe249e104e2b7b1a2c -> 87f69636be8bd1a264ec4eac1bffa701
  custom:scripting/monoscript/fileName/CollabPlugin.cs: bda741ff77a19affbf276298e29313ec -> ca276d65e7cd77c5c99d9f119ffdb215
  custom:scripting/monoscript/fileName/TabButton.cs: 757146b89ed597b1d75c77241e5d5f63 -> 
  custom:scripting/monoscript/fileName/LaunchTool.cs: 3ac53c8af1f56365aad9e1ae5366d98d -> 60773d78646dc188d4b2caca77f20b17
  custom:scripting/monoscript/fileName/RunModal.cs: 33b931100ee477e6812324eabaa2e837 -> c83ee2ef642c5d8b8dfd32f033bfc438
  custom:scripting/monoscript/fileName/BranchListViewItem.cs: 8fdaa5aa842f5a70237affa304b9d506 -> 55028f4aef24d6227589aaa95582b2ff
  custom:scripting/monoscript/fileName/GetAvatar.cs: 07c98163f75f0b7c672bd453fc82bf61 -> 04ffae2a9e5a4c32a119f93144f558d2
  custom:scripting/monoscript/fileName/MoveAddMenu.cs: 81d47caeb9f49803adfe1627c8ce5bf4 -> 1fbfab870b2e95fdd8a81f6019f764df
  custom:scripting/monoscript/fileName/FindTool.cs: fc3b0710b24078288fe829d0bb041dd0 -> 2f9d82566cfb01fb68fc30111fb47624
  custom:scripting/monoscript/fileName/ChannelCertificateUiImpl.cs: 75d7831ab5da75cc0082e28863abb142 -> cefccf1e13b7bcf15e3c9f2dd4cd2fc8
  custom:scripting/monoscript/fileName/ApplyCircleMask.cs: 02eb67e485278e7c9b719fee5ff90f4a -> b955b378d261fdcbd6272fe8711d1e4f
  custom:scripting/monoscript/fileName/AssetMenuOperations.cs: 131bfc7279b97eba576abe13a47f8f91 -> ebcce67603e288b4a84d49287db6ef5a
  custom:scripting/monoscript/fileName/ShelveAndSwitchOptionsFoldout.cs: 676902ec49ff9c5abb2a832f067966e8 -> e7b216a23869eafb9aecd00a8905fafa
  custom:scripting/monoscript/fileName/VisualElementExtensions.cs: cd98f4a51563fccdfc39eed097290325 -> 0aad2728225c469038631668406aebb3
  custom:scripting/monoscript/fileName/LocksSelector.cs: 70b046a562568fd78d093736e68a3a58 -> 7b0f4fc5552c1d92ba7f4648526ceb21
  custom:scripting/monoscript/fileName/ListViewItemIds.cs: 8f6297df34271fdb1ce2d9607ec6261d -> 90647cc400823b41df847a6cbfc29026
  custom:scripting/monoscript/fileName/CreateWorkspaceViewState.cs: 1deb37b3c17c224d9a7dca9c990ea191 -> 0fe23b7cca9336b31a27790c714de652
  custom:scripting/monoscript/fileName/MergeLinkListViewItem.cs: ebc1e6f9e3a3005d8f4c51a794adfdaa -> 3fa407d29597803190dd374d88ed170d
  custom:scripting/monoscript/fileName/DrawCommentTextArea.cs: ad5449f632fd412ac0f7ba0d171fd453 -> c58c26552f95f108a8d9610eaf001fbc
  custom:scripting/monoscript/fileName/ErrorsListHeaderState.cs: 9141660c9776c5dac5f980fd03a672a8 -> b961336a4a43551eb826f97c57673007
  custom:scripting/monoscript/fileName/MergeViewDirectoryConflictMenu.cs: d45972e8b5f74223c607a4daa895ff3d -> fad8e1937fc14fd75ca21a68ee1037b8
  custom:scripting/monoscript/fileName/RefreshAsset.cs: 4479d2949a66a97f66d1e550067f3767 -> 5a15c606785f1f54a697bb0d0d846dfb
  custom:scripting/monoscript/fileName/BoolSetting.cs: d67f952c3a5976591f3e9a9e7356bbab -> 12bf039ccd38b0f4ccfffbec3cbbf108
  custom:scripting/monoscript/fileName/CreateChangelistDialog.cs: 774371d4233cc1d394d98dc80507a1f8 -> 386b03e27c951c5f1d63daf7aae486ca
  custom:scripting/monoscript/fileName/HistoryListViewMenu.cs: 15a489e494f04a7ea37a587c7601070e -> 29770348599c8d5473b78d72e5741b40
  custom:scripting/monoscript/fileName/MergeViewFileConflictMenu.cs: d7362b83d6b320a0f0ceaf99dbe21727 -> 8fc0f292158abfa71c2c7b3b6f38d32a
  custom:scripting/monoscript/fileName/FilterRulesConfirmationDialog.cs: 5186d89f21d03764f0cca01c2a0122d7 -> 9c91c6c91f20e6d013a753f32343b327
  custom:scripting/monoscript/fileName/ChangesetsSelection.cs: d154d1782ed752b83834c54a0bde3df9 -> 8b9d539af9f7e269bac4e3d79e9ffab8
  custom:scripting/monoscript/fileName/AssetPostprocessor.cs: 96208057b904410715a8df295ba4f8f4 -> 
  custom:scripting/monoscript/fileName/IsResolved.cs: 67a72533af97b9ab7830798057ab806c -> f54a3e2c5134aa4306f9ad150b1911a9
  custom:scripting/monoscript/fileName/LocalStatusCache.cs: a558fcf5f34357bab4cfc7b75e2bb356 -> 30974ea30517fbfd1b93153f6c849a76
  custom:scripting/monoscript/fileName/RepositoryExplorerDialog.cs: 143e7416b576681e1f2ea71288e530e6 -> eea34924da79ad7254f3e141a891c78d
  custom:scripting/monoscript/fileName/WorkspaceWindow.cs: ff52e13cd29dacd66db0169e14f71a23 -> b042f06133312d3bfed176231d97d77c
  custom:scripting/monoscript/fileName/BranchesTab_Operations.cs: 764cb17e9337c58ad4f5304b60b2042e -> 57c33f76c527a5aba4d269245ffff188
  custom:scripting/monoscript/fileName/DiffAndMergeOptionsFoldout.cs: 080cbf9242c0571bafa2e45ef8932448 -> 2810bae564e92b04bc7ebe4e47a2880b
  custom:scripting/monoscript/fileName/PlasticShutdown.cs: a8df8eeeed98372d06e446171a192a6d -> 
  custom:scripting/monoscript/fileName/FilesFilterPatternsMenuBuilder.cs: 28072cd275c96994687e6d4d0d6e1dff -> cf716a8d336c8113475a9ca67a799ec1
  custom:scripting/monoscript/fileName/HistoryListViewItem.cs: 2d3b1fc954b6bdbae298ec250ade0663 -> 96f2b67ec620b83e35d13f11877e1ac1
  custom:scripting/monoscript/fileName/RemoteStatusCache.cs: 00463e6b90cfe7da080d7c266f783980 -> 402d5663f3675e9324c129274b0c00f2
  custom:scripting/monoscript/fileName/EditorWindowFocus.cs: 1012e4e2e29e9b29bdcc03d8b92762a8 -> f258b0cf85078a7435d001e522d5e8e3
  custom:scripting/monoscript/fileName/EnumExtensions.cs: 24df84756ec75feecd53a80a0991ea16 -> 872fcb89b813d64606e680211dede528
  custom:scripting/monoscript/fileName/NewIncomingChanges.cs: fc48261878ef7e4b956e7172f5803aee -> 
  custom:scripting/monoscript/fileName/IsExeVersion.cs: 093723a3ef9cbad630dfdc60c764eff0 -> 9ef63354090e3419637bfe79e3489687
  custom:video-encoder-webm-vp8: eb34c28f22e8b96e1ab97ce403110664 -> 
  custom:scripting/monoscript/fileName/UnityIncomingChangesTree.cs: f774bb8bf0bd45a254894c795843c695 -> 42967773c43d3de5d23be4ddc6dfd9c4
  custom:scripting/monoscript/fileName/UnityDiffTree.cs: 447fc3a8922f56330f4bae8c9dc9a8be -> 1029ffd567bc0e646e6b119719dcb2ff
  custom:scripting/monoscript/fileName/TreeHeaderSettings.cs: 114eb9e27124403e8e111494b8eaf987 -> 662b1714c0fce36da72bbfe60201987a
  custom:scripting/monoscript/fileName/UnityConstants.cs: 323df5e3c80d05e06517581c776fde34 -> e3d3c3e11a194da9e5bbbfb97087a7bd
  custom:scripting/monoscript/fileName/IsExeAvailable.cs: 3e4283303610c884e542b8f6d3e922d4 -> 4a3dbc5ded94087064afd97407f26631
  custom:scripting/monoscript/fileName/LoadedTwiceMenu.cs: 961f9b82936caa7937046ac23d323c2c -> b54aa2e14eb740621bb6f926af7cb8ef
  custom:scripting/monoscript/fileName/AutoLogin.cs: e67ed70aada38469aeb667115929c368 -> b4cb98371fc38cca00d7123b7e649e12
  custom:scripting/monoscript/fileName/DrawMergeOverview.cs: 1db93bf179b38015949e3a3cb6ef1bd3 -> 49e0e525c3c170f79c20dc6779b7ead8
  custom:audio-decoder-ogg-vorbis: bf7c407c2cedff20999df2af8eb42d56 -> 
  custom:scripting/monoscript/fileName/UpdateReportLineListViewItem.cs: a101f0ba5292fc139445870b3f4af838 -> 9f63395e1ea590dbbab4d59cd0032ac4
  custom:scripting/monoscript/fileName/DrawSplitter.cs: ec7e8739eacabcca3e2946d9833eea0f -> d2f114a8e8e4167f7762d835a83b2f55
  custom:scripting/monoscript/fileName/LaunchDependenciesDialog.cs: e1c527862a66e73f0417ae177d7fdfb5 -> 2cabf22eb95430074b6c730a84e03493
  custom:scripting/monoscript/fileName/CredentialsResponse.cs: 96b135ae1c4ea541dc762170ea524fa9 -> 3dd2507693e56dac75ee7783f598cbb9
  custom:scripting/monoscript/fileName/LaunchDiffOperations.cs: aeae601320588a70eea7590a2f7e0f69 -> 871a0804a9fe2d9f2ad088303a89a63e
  custom:scripting/monoscript/fileName/PlasticSplitterGUILayout.cs: 4cfaefa1a850aceff54713912c4a2bda -> 111849f67dfbfea65ad2a9298ad1654d
  custom:scripting/monoscript/fileName/CheckinDialogOperations.cs: 0b2a2cd4c41cf1865a29cf91b2a96a48 -> d032d69e8060311c06b88286e8f22ddd
  custom:scripting/monoscript/fileName/PendingChangesViewMenu.cs: 68fab310addfd7068cfd7920070496ff -> 9b0019b6df6bb14eb3a2dbafa53fb54b
  custom:scripting/monoscript/fileName/AssetsSelection.cs: 35cec24e81f0cb1de51daeb356abc4ff -> 0227d7ff4d5687932d10967a945a9b06
  custom:scripting/monoscript/fileName/EnumPopupSetting.cs: 8f6297df34271fdb1ce2d9607ec6261d -> 90647cc400823b41df847a6cbfc29026
  custom:scripting/monoscript/fileName/PlasticConnectionMonitor.cs: 920e8e381bfc94da8bb69d336dda57ca -> 
  custom:scripting/monoscript/fileName/HistoryListHeaderState.cs: 6226ef13a567fa81584864f8698be331 -> a87e0364d14866c369ad50d669bdfa85
  custom:scripting/monoscript/fileName/EnableSwitchAndShelveFeatureDialog.cs: 2cb9334d072aaff777efab2d72a2583e -> 03bdf2f298649e7c429ac90c7a3c461a
  custom:scripting/monoscript/fileName/CloudEditionWelcomeWindow.cs: c886fdb39f4b8787e6ea3701a8f88f4a -> b1721e471183956468462f6b64901640
  custom:scripting/monoscript/fileName/AssetsPath.cs: 367269acf8f676d2cdd30fdc387b3920 -> e0e986124adc46d913f0683c34b88c9f
  custom:scripting/monoscript/fileName/MetaPath.cs: 1f80313a7ce6ec6ece505285578f5745 -> 417a84eb354831f828a6752b26c8592d
  custom:scripting/monoscript/fileName/CredentialsUIImpl.cs: 90e9c2de8d7bdd8424e0d89c415108ae -> dbacf67c37819fd95562fe169e706732
  custom:scripting/monoscript/fileName/ChangesetsViewMenu.cs: b720f0168f4ce1b1e0d358a6d5ec9a42 -> 7d1a2de81910b5990e71a0bfff26fdca
  custom:scripting/monoscript/fileName/UnityPlasticGuiMessage.cs: 2a7f71f59c0d7dc731fd345a3713957c -> 24eef0792e3802809607a7f9d04b8f1d
  custom:scripting/monoscript/fileName/OrganizationCredentials.cs: ee462057b3bd23cc3dab953ac4d656e2 -> 0b123406cadd651e9adc01c85fab5124
  custom:scripting/monoscript/fileName/StatusBar.cs: 2c8c488a8bbfe924f6b53b202ff6aadd -> 
  custom:scripting/monoscript/fileName/IsCurrent.cs: 7343ceec4312304bb8b398eeb6c375fa -> cf1fd01890d0fd9f011c1a1a491e2cf0
  custom:scripting/monoscript/fileName/ChangesetFromCollabCommitResponse.cs: b986ab8b1acd322b0367812e2d541734 -> ba336e4117e1b7ee28e4c17197bc3d0e
  custom:scripting/monoscript/fileName/MoveToChangelistMenuBuilder.cs: 3a2ef8cb0baf69e5dadeafc731fe32a9 -> a90b3e388d3e1316fa104d4c9a03e2d1
  custom:scripting/monoscript/fileName/LoadingSpinner.cs: b3299af90b664a9f42123e7df43fae24 -> 6aff0ac022d117a8e24a7b5e4b11904c
  custom:scripting/monoscript/fileName/LocksTab.cs: 134c512484ae73354c15c06a6dc69f9f -> 00ffb5a39c16fdc2d733c7e53471a3a9
  custom:scripting/monoscript/fileName/BranchesTab.cs: 764cb17e9337c58ad4f5304b60b2042e -> 57c33f76c527a5aba4d269245ffff188
  custom:scripting/monoscript/fileName/ToolConfig.cs: 18b1ea271ce5e7b6deea7b4e8e175269 -> fcffc3165b047f54ed6ccafa4c8760dd
  custom:scripting/monoscript/fileName/DropDownTextField.cs: e66e7314096900597993d2b353757d8d -> c8fc484ce140049ff31ebc2c6cbebf28
  custom:scripting/monoscript/fileName/AssetsProcessor.cs: 47679a6e15b70f4fef48eb1b2df31b19 -> 18737889e95cd4088e8dfd4153fa8f40
  custom:scripting/monoscript/fileName/DrawActionButton.cs: d847a7d82ac92cab2b3d0ae268cefb3d -> 81e6708d2b8fa199354e53f85db731a8
  custom:scripting/monoscript/fileName/TableViewOperations.cs: ddc7b903e0dbd6bd109f2bd709b95f0e -> bef3a31deb1fe794a90f767d16e4c868
  custom:scripting/monoscript/fileName/UpdateProgress.cs: 5b04f01bf199310f09ab9522f89c78f4 -> 281e1e05168d6a30be1d8d2f6200bef8
  custom:scripting/monoscript/fileName/OrganizationsInformation.cs: b3f0758c6655b2dad1161792812992fa -> 5f067ea8d90fc79055a3dcfd58ae6dca
  custom:scripting/monoscript/fileName/ChangeDeleteMenu.cs: 652dcd6f863c509bfa0376b6d95ab1ec -> 4fefe66d6e279ce0ac2fdc57d409f232
  custom:scripting/monoscript/fileName/SubscriptionDetailsResponse.cs: e10e0299ef716630c63b8cf5f792cda0 -> e5121cec860a6d1097cc809217b3d8fe
  custom:scripting/monoscript/fileName/DrawProgressForDialogs.cs: 5f8d39e3ea7c4a42148c6b1a7b4ca061 -> a5f2abd8875e7a6afbc171fabfbae81f
  custom:scripting/monoscript/fileName/ToolbarButton.cs: 47dc767626bbd94d66707af31ddc5eb6 -> 
  custom:scripting/monoscript/fileName/ProjectViewAssetSelection.cs: 349dc288d32791de51156d4e59000b7b -> 2560eadaf6a13a74a46a4a207cd5a8b6
  custom:scripting/monoscript/fileName/DrawTreeViewItem.cs: cceebc4f1185658619e40964f29acb08 -> 0921a62a588ab864253743d1f07afb5a
  custom:scripting/monoscript/fileName/DrawSceneOperations.cs: 2426c0c2ee58cd28be59874f6425940c -> d87f46f9fb97181a2f51490ea2e1efc3
  custom:audio-encoder-webm-vorbis: bf7c407c2cedff20999df2af8eb42d56 -> 
  custom:scripting/monoscript/fileName/DrawActionHelpBox.cs: dcd6ec2e7fb1b44f22c4a79ff87b70cd -> c8f6be9dab1e6f8d71e0c63c29679186
  custom:scripting/monoscript/fileName/PendingChangesMultiColumnHeader.cs: 21802cc6929e0e180fb4f0be8e34d9d0 -> 722de7d6e07a79981d750438e6febb8f
  custom:scripting/monoscript/fileName/EditorDispatcher.cs: c739e073a8c38dbcf59192f45d1004c5 -> 3c402eae57d73cc54863f3f6a13096ae
  custom:scripting/monoscript/fileName/MovedEvilTwinMenu.cs: ce111941dc7264d29598ce7fd2770927 -> d480b839850d28c1c9526cb587fc752d
  custom:scripting/monoscript/fileName/IIncomingChangesTab.cs: d4ceabdc48d8a1872bbe87f04d89a4ff -> 40644cd18074db84684b9e437bf8fa77
  custom:scripting/monoscript/fileName/GetChangesOverlayIcon.cs: f00e4b795697c6cf3092760f3b6fc49d -> d599d6efdee28305661bc0cf6683858a
  custom:scripting/monoscript/fileName/ShelvedChangesNotification.cs: 13b6a2ccd8b4ac1f5ee30c8404cea3b0 -> a27e9e7b242b904f41fc1b16d3a1b3fd
  custom:scripting/monoscript/fileName/EvilTwinMenu.cs: 475a88947051822ca4915306469f9bcc -> 919e4faae0573e49949f6dfbb5a733da
  custom:scripting/monoscript/fileName/ChangesetsListView.cs: caae0aefb36c869f50691482a5cd0944 -> 87b74e0d80cf59010f55e2baaeb6679d
  custom:scripting/monoscript/fileName/UpdateReportListView.cs: 2d8fccdaad50bbd7454b52cf9cb4a0f9 -> 08d26df1ab6c3a7628addc5e54e50b08
  custom:scripting/monoscript/fileName/UnityConfigurationChecker.cs: 59a8f0715a7c89a752351bf42f94abbd -> 874cd65cce0384fef4b60e71fb08a429
  custom:scripting/monoscript/fileName/CheckWorkspaceTreeNodeStatus.cs: 5e11ff64963669981115eb58dc2b6e8b -> 1e1255b803bf7cbc935bb804bf0dbe7b
  custom:scripting/monoscript/fileName/TreeViewSessionState.cs: 8333273b312d475b653610e2871c20a5 -> 9f39a2ca55a7481b8ba078d3a2b6815e
  custom:scripting/monoscript/fileName/ErrorsPanel.cs: 21fc210ee17d5e95782397ef8c7dafab -> 515b7ba9af5e7885ba3068b1d63c6104
  custom:scripting/monoscript/fileName/PlasticPlugin.cs: a57c142b98ca3d4daad221737fd72924 -> c64561980f26020cc3206ae8b1047268
  custom:scripting/monoscript/fileName/SwitchModeConfirmationDialog.cs: 4d9c02587760213784bfe53d012122b4 -> 30cd71d0b3ee4b2689cde689908d301e
  custom:scripting/monoscript/fileName/PlasticWindow.cs: fc467478941f610919bc69526ba2c215 -> 
  custom:scripting/monoscript/fileName/PlasticExeLauncher.cs: caa0b5dda5df50c85bb19d27252d16b9 -> f1da27253760250030952f02cb54965a
  custom:scripting/monoscript/fileName/BranchesViewMenu.cs: 8089f11c30784e2e57775dd6cdbae898 -> 7bfc83e917c9b0b5aa423bb947ce2a38
  custom:scripting/monoscript/fileName/CooldownWindowDelayer.cs: 7816cfcad485500dbac9993c4502ea69 -> 4c95e39c8dd4cfa1bca106097fdb6524
  custom:scripting/monoscript/fileName/GetInstallerTmpFileName.cs: fa7bda723ac795b48e38504727f44981 -> d09e0b5c7a9af5874530e17ef23025f0
  custom:scripting/monoscript/fileName/AssetModificationProcessor.cs: a602c9e59e7db185e3a0d68d986e6fef -> 
  custom:scripting/monoscript/fileName/IsCollabProjectMigratedResponse.cs: 4c3294c6a51e6f42161d191230692016 -> af2b76c693935deee55cfcaed2aa7568
========================================================================
Received Import Request.
  Time since last request: 54.586134 seconds.
  path: Assets/Prefab/MapSectionVar1.prefab
  artifactKey: Guid(0f5288ee7a7da8c4a8ac6ac9bf825685) Importer(815301076,1909f56bfc062723c751e8b465ee728b)
Start importing Assets/Prefab/MapSectionVar1.prefab using Guid(0f5288ee7a7da8c4a8ac6ac9bf825685) Importer(815301076,1909f56bfc062723c751e8b465ee728b) [PhysX] Initialized MultithreadedTaskDispatcher with 8 workers.
[PhysX] Initialized MultithreadedTaskDispatcher with 8 workers.
 -> (artifact id: '49fd8f229de3d8bb672d2a5c24e6f3e7') in 0.119826 seconds
Number of updated asset objects reloaded before import = 0
Number of asset objects unloaded after import = 724
========================================================================
Received Import Request.
  Time since last request: 4.918965 seconds.
  path: Assets/Prefab/MapSectionVar1.prefab
  artifactKey: Guid(0f5288ee7a7da8c4a8ac6ac9bf825685) Importer(815301076,1909f56bfc062723c751e8b465ee728b)
Start importing Assets/Prefab/MapSectionVar1.prefab using Guid(0f5288ee7a7da8c4a8ac6ac9bf825685) Importer(815301076,1909f56bfc062723c751e8b465ee728b) [PhysX] Initialized MultithreadedTaskDispatcher with 8 workers.
[PhysX] Initialized MultithreadedTaskDispatcher with 8 workers.
 -> (artifact id: 'aa86f617b645cda0fe3302e8b79d8711') in 0.058104 seconds
Number of updated asset objects reloaded before import = 0
Number of asset objects unloaded after import = 724
========================================================================
Received Import Request.
  Time since last request: 13.873495 seconds.
  path: Assets/Prefab/MapSectionVar1.prefab
  artifactKey: Guid(0f5288ee7a7da8c4a8ac6ac9bf825685) Importer(815301076,1909f56bfc062723c751e8b465ee728b)
Start importing Assets/Prefab/MapSectionVar1.prefab using Guid(0f5288ee7a7da8c4a8ac6ac9bf825685) Importer(815301076,1909f56bfc062723c751e8b465ee728b) [PhysX] Initialized MultithreadedTaskDispatcher with 8 workers.
[PhysX] Initialized MultithreadedTaskDispatcher with 8 workers.
 -> (artifact id: '6a8d12ec6aa96243159d08b3ab966194') in 0.042291 seconds
Number of updated asset objects reloaded before import = 0
Number of asset objects unloaded after import = 724
========================================================================
Received Import Request.
  Time since last request: 3.191107 seconds.
  path: Assets/Prefab/MapSectionVar1.prefab
  artifactKey: Guid(0f5288ee7a7da8c4a8ac6ac9bf825685) Importer(815301076,1909f56bfc062723c751e8b465ee728b)
Start importing Assets/Prefab/MapSectionVar1.prefab using Guid(0f5288ee7a7da8c4a8ac6ac9bf825685) Importer(815301076,1909f56bfc062723c751e8b465ee728b) [PhysX] Initialized MultithreadedTaskDispatcher with 8 workers.
[PhysX] Initialized MultithreadedTaskDispatcher with 8 workers.
 -> (artifact id: 'e786e61f1b07110e43afa0e6975f0e21') in 0.039048 seconds
Number of updated asset objects reloaded before import = 0
Number of asset objects unloaded after import = 724
========================================================================
Received Prepare
Caller must complete domain reload
Begin MonoManager ReloadAssembly
- Loaded All Assemblies, in  0.447 seconds
Native extension for WindowsStandalone target not found
Mono: successfully reloaded assembly
- Finished resetting the current domain, in  1.452 seconds
Domain Reload Profiling: 1895ms
	BeginReloadAssembly (155ms)
		ExecutionOrderSort (0ms)
		DisableScriptedObjects (5ms)
		BackupInstance (0ms)
		ReleaseScriptingObjects (0ms)
		CreateAndSetChildDomain (35ms)
	RebuildCommonClasses (33ms)
	RebuildNativeTypeToScriptingClass (10ms)
	initialDomainReloadingComplete (32ms)
	LoadAllAssembliesAndSetupDomain (213ms)
		LoadAssemblies (279ms)
		RebuildTransferFunctionScriptingTraits (0ms)
		AnalyzeDomain (16ms)
			TypeCache.Refresh (8ms)
				TypeCache.ScanAssembly (0ms)
			ScanForSourceGeneratedMonoScriptInfo (0ms)
			ResolveRequiredComponents (5ms)
	FinalizeReload (1453ms)
		ReleaseScriptCaches (0ms)
		RebuildScriptCaches (0ms)
		SetupLoadedEditorAssemblies (771ms)
			LogAssemblyErrors (0ms)
			InitializePlatformSupportModulesInManaged (9ms)
			SetLoadedEditorAssemblies (4ms)
			RefreshPlugins (0ms)
			BeforeProcessingInitializeOnLoad (82ms)
			ProcessInitializeOnLoadAttributes (632ms)
			ProcessInitializeOnLoadMethodAttributes (32ms)
			AfterProcessingInitializeOnLoad (12ms)
			EditorAssembliesLoaded (0ms)
		ExecutionOrderSort2 (0ms)
		AwakeInstancesAfterBackupRestoration (8ms)
Refreshing native plugins compatible for Editor in 6.11 ms, found 3 plugins.
Preloading 0 native plugins for Editor in 0.00 ms.
Unloading 3273 Unused Serialized files (Serialized files now loaded: 0)
Unloading 16 unused Assets / (30.4 KB). Loaded Objects now: 3813.
Memory consumption went from 127.4 MB to 127.4 MB.
Total: 4.185800 ms (FindLiveObjects: 0.340600 ms CreateObjectMapping: 0.115200 ms MarkObjects: 3.647300 ms  DeleteObjects: 0.081200 ms)

Prepare: number of updated asset objects reloaded= 0
AssetImportParameters requested are different than current active one (requested -> active):
  custom:scripting/monoscript/fileName/BuildMergeTabParameters.cs: 2c923f29302a39560b4301c3fd163a7b -> 
  custom:scripting/monoscript/fileName/IncomingChangesTab.cs: 8a20aca125f6d4b837670edb6e36bc05 -> 82bff1d960538992d4e618d909869d2e
  custom:scripting/monoscript/fileName/DiffSelection.cs: 34faf7c86f7e0c9a01162e930679d82f -> 1460aaba4240ef35322cb9c198487990
  custom:scripting/monoscript/fileName/DrawStaticElement.cs: 6cbd346d4a1be2ee84c9ebe55a7f9f79 -> 5765d84d60602f16f5577bf0b7fc6b96
  custom:scripting/monoscript/fileName/MoveDeleteMenu.cs: f1a7b8a8be76c035d934c51863f3b934 -> c4ad4528e772c33a6167006886a8d1da
  custom:scripting/monoscript/fileName/DialogWithCheckBox.cs: 738e3e0af97e826e16805dda77e5f009 -> 
  custom:scripting/monoscript/fileName/DateFilter.cs: de3aab0283a2b4a1d4d64145b14132d5 -> 3a6cb8c2e3ffbb5a9052e322ee5bf411
  custom:scripting/monoscript/fileName/PerformInitialCheckin.cs: be22d181e456c0a8a5713675f29ac72a -> 8ef9a9f407b8b94b2b5fad9d24e61f79
  custom:scripting/monoscript/fileName/ConflictResolutionState.cs: d9394655856a9fc1a0b280bc997bac16 -> 74a230000ff2fd58c5a60ab4258207dc
  custom:scripting/monoscript/fileName/FindWorkspace.cs: 39bbd18bfe6bf4a99f5c185dcda4dd4a -> 6af6c9e9382fef881c020ab184e6f7f5
  custom:container-demuxer-ogg: 62fdf1f143b41e24485cea50d1cbac27 -> 
  custom:scripting/monoscript/fileName/CheckinConflictsDialog.cs: d3af1d70d3f60a9847d2942647274222 -> e13fa04a97fb675842c94586fc602871
  custom:scripting/monoscript/fileName/AuthToken.cs: d22b2893825e943bc1389be142abd57e -> 0fba7e8eb1ec8b699f274cdc956451b2
  custom:scripting/monoscript/fileName/ProgressControlsForDialogs.cs: 6bf8e69ac7dc2163fe988e5d8181ce88 -> 7e6bd1727985204e3b64e1946e589b1c
  custom:scripting/monoscript/fileName/AssetStatusCache.cs: beede06d8a6d93e7907fd192ad653f2b -> 260d5f85663ac58b2a7e9553c453bc3e
  custom:scripting/monoscript/fileName/OrganizationPanel.cs: d7ac1288bef1b15a05bb26d201a4d87f -> 57a57e6a345dbd536e91c348b70943a9
  custom:scripting/monoscript/fileName/ChangeCategoryTreeViewItem.cs: efd70108e1f6ff61ed2723220486adfc -> fd14db176fff061715c8ec88ced1902f
  custom:scripting/monoscript/fileName/CurrentUserAdminCheckResponse.cs: cec2f173fe8732108711c497674c6f66 -> d57c2dcace740834acd59fdfbc5023b8
  custom:scripting/monoscript/fileName/UIElementsExtensions.cs: a191d7293be4538b0adb29dfe5b06a46 -> 52e0d612ab032e4d22e9558b90396b99
  custom:scripting/monoscript/fileName/CreateBranchDialog.cs: c429477092287209232592c8cde1a615 -> 9eb29fda08033b4f847247136c412db6
  custom:scripting/monoscript/fileName/DrawCreateWorkspaceView.cs: 6422239d8f649480614f0dd4f018b7f2 -> c6039ac84d85ab3926aa94de163a9f7d
  custom:scripting/monoscript/fileName/ProjectPath.cs: 5634ebdbea8ca94089eb9622d1b60497 -> 2007f972d3a73eeb86dfe05e849c7f69
  custom:scripting/monoscript/fileName/SSOCredentialsDialog.cs: 8967ceae1bc195ea8dd32b23c42dd852 -> e140ede12a96f68f30062138385171c3
  custom:scripting/monoscript/fileName/DownloadPlasticExeDialog.cs: 2dd40c53d0303d041a27a44a95c331cb -> 093cfe0607c2346a88cdfdfe1435614f
  custom:scripting/monoscript/fileName/GetOperationDelegate.cs: e719058321e4f2be94be212e42f097c8 -> 
  custom:video-codec-MediaFoundation-h265: 746d11721c4dcdbdad8f713fa42b33f4 -> 
  custom:scripting/monoscript/fileName/PendingChangesTab_Operations.cs: c99065f3c85ec85c85ece2a1a30665af -> 15ae6787065f4af65778e981f418a60b
  custom:scripting/monoscript/fileName/LocksListViewItem.cs: cc9cd24c5be4f7363367cba72f12aad4 -> f4a19fabbec093eb3d6a7e1cd4f42611
  custom:scripting/monoscript/fileName/PendingChangesViewPendingChangeMenu.cs: 561ad0f702e1db14300a4a5f810051f9 -> 9a6ef2277212bf26d647c7f12f946287
  custom:scripting/monoscript/fileName/SignInPanel.cs: f7e82045994d4eefe3b021faa87b55c6 -> bac0318ce35e37bed3a2cc8137452435
  custom:scripting/monoscript/fileName/DrawInspectorOperations.cs: 61c4a6a6507d8f84ef5bdf5cba3f0aee -> 8c94fe642e98309082411f46db89106b
  custom:scripting/monoscript/fileName/DrawDirectoryResolutionPanel.cs: b77d9918f02a8eac64394aaf99fa4b28 -> e4e3c9b4bc511687802b504b71016540
  custom:scripting/monoscript/fileName/CloseWindowIfOpened.cs: d820344e932a12600b5fe6fb7e9f1563 -> ce229ef3b7461ff17e2c1af0695a6657
  custom:scripting/monoscript/fileName/SaveAssets.cs: e472a52843752df7d7ad4ca6b2c8da98 -> b56abea3d51c742ac29e4aec958afad6
  custom:scripting/monoscript/fileName/MergeViewMenu.cs: 93bc40369a2f104c249cef1d685ad358 -> c1676e16bdcf215f6595ea9de7a1fc33
  custom:scripting/monoscript/fileName/RepositoriesListView.cs: 9f95c83dc460fb03fb0916472f14b8a7 -> 95287f65338ca0073ad04002a16eaaf7
  custom:scripting/monoscript/fileName/HandleMenuItem.cs: 740e54c5f6dca1acc88cad87af74b744 -> b4ad1ecc5243212c5967125ad5e41b1f
  custom:scripting/monoscript/fileName/ScreenResolution.cs: 5c975132cf4e36dcc261bd0acd604271 -> 7bb7bb5b955671820101b322f0a7bf3d
  custom:scripting/monoscript/fileName/ApplicationDataPath.cs: 8e4094e28762fb76a1baecfe90c6b65e -> 3e8c4ea8debfda8013fed860ac233d22
  custom:scripting/monoscript/fileName/MergeSelection.cs: 6deb9bc55c10a7ac7c9f905a7b92dbe8 -> 630eecd27cae3311e65e09d9c63da8b7
  custom:video-decoder-ogg-theora: a1e56fd34408186e4bbccfd4996cb3dc -> 
  custom:scripting/monoscript/fileName/RepaintInspector.cs: f134606300316994850c28a68d0cb5a3 -> 
  custom:scripting/monoscript/fileName/LockStatusCache.cs: 5e3725e03dc21c716034553589a67eae -> e99b3f34c5cd3eb73ec19439af1f7f80
  custom:scripting/monoscript/fileName/DiffTreeView.cs: 68195907d129ef826aa6b6df7202696d -> 49f46fd2a65ea674a218eead75f27aac
  custom:scripting/monoscript/fileName/DependenciesDialog.cs: 82d30fc8d5e1a73ec0d1ee9acc00fbc2 -> c8902186ab2f4e6471b5dd147afb01b6
  custom:scripting/monoscript/fileName/ChangesetListViewItem.cs: 95a197949f1e777703db60eea8cc21b3 -> d742a4910e302777daa1ccb9c8e92cb9
  custom:scripting/monoscript/fileName/LocksViewMenu.cs: fda08381fa9abca53b6eaf3bf55f14f8 -> 186d8514e824865b191ba1829afe4b33
  custom:scripting/monoscript/fileName/IncomingChangesViewMenu.cs: 5f96afa82d3e2a8078206b7f6d3b0752 -> 13196979a03411533716f6775c9a624b
  custom:scripting/monoscript/fileName/QueryVisualElementsExtensions.cs: 75ea535788abf9c38ba9341c984a6241 -> a49740b6efbb934f55475cc70b864a4c
  custom:scripting/monoscript/fileName/DivergentMoveMenu.cs: 5b146ed65a6a030ab7d86a0d711244f7 -> 98d76b5791494212a0c25aa6a4af7288
  custom:scripting/monoscript/fileName/WriteLogConfiguration.cs: 1a8401f47b522f631a3dc005105719f5 -> 1589212d1638ae91a029ea3ddf9999f2
  custom:scripting/monoscript/fileName/FileSystemOperation.cs: c31a686e69e66801c204a11be56c950a -> f0ccbe91654279794a85bf6f1c034716
  custom:scripting/monoscript/fileName/MigrateCollabProject.cs: af93695e471d9c8e4ad014c4165f2c3c -> 9f3487f03a783b35518405572f20ac9e
  custom:framework-win-MediaFoundation: 216162199b28c13a410421893ffa2e32 -> 
  custom:scripting/monoscript/fileName/ProgressControlsForViews.cs: 7d677c6df38ab15cf390062b5b0bb854 -> a8a18a90f46aa63848e1e45d8d7ff9af
  custom:scripting/monoscript/fileName/DrawAssetOverlay.cs: 04a46044def089f0abcdafdd281e3646 -> 
  custom:scripting/monoscript/fileName/ProjectWindow.cs: c62567a3d71fd74636bc783de5162474 -> 
  custom:scripting/monoscript/fileName/MergeLinksListView.cs: 826afb5fb5988163105086b4bf5027af -> c9488671ae9b14523680d0c19097baa0
  custom:scripting/monoscript/fileName/UnityCloudProjectLinkMonitor.cs: a6d5b729fcd63f578363f7929a986e8b -> 86b74508945daf368996ea82904ac8da
  custom:scripting/monoscript/fileName/EditorProgressBar.cs: 7418be9b22aaea32732f8a5f49569d1c -> 08c2f2b90ef64df631d46389f0e22c8e
  custom:scripting/monoscript/fileName/MeasureMaxWidth.cs: cd9322680ae61d38397008451b7ed0ed -> 1569e3f1dad91a9b01cba66ab6aa30b0
  custom:scripting/monoscript/fileName/ChangesetsListHeaderState.cs: 69fc4f1a2bc3782d7043ec48961a3616 -> fe1392f9b135da83e13fe8a5e5f39fc2
  custom:scripting/monoscript/fileName/PendingChangesTreeHeaderState.cs: 7d278b5569d28437d07554a3bbb56e1b -> 5d7f70d142c9ac67864ec14950523d62
  custom:scripting/monoscript/fileName/ChangelistMenu.cs: ca33bac56b3a337faa90a1b1bba632d6 -> c1bf5aeb760cc5eae584ea3944d6531b
  custom:scripting/monoscript/fileName/MissingEncryptionPasswordPromptHandler.cs: 7f5831fc8a41e9cadd84fcfd0e885072 -> 5d7b9646eb14a39b6d3d5bab19d266ff
  custom:scripting/monoscript/fileName/NotificationBar.cs: d1a4cf5e8103d80fd25347275f906aa8 -> 50f1a85fa18d94338418def78dcd8543
  custom:scripting/monoscript/fileName/EmptyCommentDialog.cs: c9c28ff22d24598d7e4856f434bb1b92 -> 99cc06133e502eab7998108e26fd5614
  custom:scripting/monoscript/fileName/UnityThreadWaiter.cs: dbd556f2802baab90a20da38c288d36c -> 99333406d92d10003984b4d1920de2f9
  custom:scripting/monoscript/fileName/CredentialsDialog.cs: 179b5e49656a1623c2e79d838f0f5876 -> c785d5e40f8d66b7ef7ba04ee7c324e0
  custom:scripting/monoscript/fileName/ProcessHubCommand.cs: 30630f626164e285c361aa64e681100e -> 8ab0fc63fa4d9d749198dd61b09d7e37
  custom:scripting/monoscript/fileName/GetRestorePathDialog.cs: e21eb9983f0b989125951478cd5e9b35 -> 353d1126ca2d2063d5bdbd06806ffc08
  custom:scripting/monoscript/fileName/UpdateReportListHeaderState.cs: 64a5bf775d221ad9a5ff8c78a1e0e1fa -> d6cbe54be2898ed2c96c2e79572c2e08
  custom:scripting/monoscript/fileName/LocksListView.cs: 8c6202774eebcf67be9c3b5a2926cc7c -> 7aa51ff93bcc98aa05dec8b46ec200c4
  custom:scripting/monoscript/fileName/DownloadAndInstallOperation.cs: b043b8d5921892e87f4566e00162cff6 -> 4f4065aeafda2af0ec272a3c228e27b2
  custom:scripting/monoscript/fileName/DiffTreeViewMenu.cs: 3e62bfc69ca7486976988e151b88922e -> 8039fc4ecf68b3e966e1f4822789e7fa
  custom:scripting/monoscript/fileName/UnityStyles.cs: 9cb60b3dfb2aa9ad7fb7f3438dc23bed -> a77bf4c43409620cb9527bf40c7b31b2
  custom:scripting/monoscript/fileName/HistoryTab.cs: 4d086984813cd90d6be245dd8e03a2ba -> d57f000c65fde42a2228c7a105a836e5
  custom:scripting/monoscript/fileName/HistorySelection.cs: 7c3afcf345a55e8b77ea41ca0f570218 -> 3d07a3d1241e204b5420d71f1137eba4
  custom:scripting/monoscript/fileName/CreateWorkspace.cs: 7b3086384e5ddcd73cd5064a3ce31cd2 -> 5256205b5cf0570b6f698c7abe518f5a
  custom:scripting/monoscript/fileName/ShowWindow.cs: c731454122754eec192bc3c53fac3d95 -> a6bb1d20733c178256b38974418d7450
  custom:scripting/monoscript/fileName/LocksListHeaderState.cs: b80c5f044f18764adef2e9dbea5f0fb1 -> c7fe4d3b5f954615048f8e79925d29e3
  custom:scripting/monoscript/fileName/CreateRepositoryDialog.cs: 1e1c5399cf3d0b071c7982c565a710ce -> 5cec3e66b09e0dbe1f805953c5c64af9
  custom:scripting/monoscript/fileName/RenameBranchDialog.cs: a3111a345c6451ee64cd16f1989c2313 -> e5c89c05c87517babb3730e87196a494
  custom:scripting/monoscript/fileName/EncryptionConfigurationDialog.cs: 6423045767c07e6360ff314ec741c601 -> 19e9c54aff6ffc68d60fe11f80578947
  custom:scripting/monoscript/fileName/CheckinProgress.cs: 298ac58365579798eb3b4defc181ccaf -> 75b93dbc5ef307111f0647f735640420
  custom:scripting/monoscript/fileName/AssetCopyPathOperation.cs: 571ede78b6298606a236918df9df62d5 -> 633a9d130b72ba594756844b628f0ae2
  custom:scripting/monoscript/fileName/PendingChangesSelection.cs: 766664749a54eea9ecce5dff917430ef -> 1721ad72d074757364587c71b49d9382
  custom:scripting/monoscript/fileName/LoadAsset.cs: 9042eb334fc462cf466672445be1d4c2 -> 5e4e082aa5b21c13b80eb237fe94d00b
  custom:scripting/monoscript/fileName/Images.cs: 0b0c14141950fed99e3ef33199b3b4c9 -> fbdd1e600315d249327f3effde045c9d
  custom:scripting/monoscript/fileName/DrawLocksListViewItem.cs: ce3a3d64ec2d84c3556ffd4141efc4f7 -> 6201c4d50383e970d554210505562d37
  custom:scripting/monoscript/fileName/DrawProgressForOperations.cs: ea9179848be98ee7719316b39339ef29 -> b544f18e6532ba53bbd1b691fa5cd571
  custom:scripting/monoscript/fileName/ViewSwitcher.cs: bb22cc2814598bf2511f6c811c1dc194 -> dd1f6d6bc6ad5beda69b13cdb560799f
  custom:scripting/monoscript/fileName/RepositoryListViewItem.cs: 2f16ba7694ec7934685021093e722c4e -> 3cabcd81911a2500dcd9e2b6ffae3f00
  custom:scripting/monoscript/fileName/InspectorAssetSelection.cs: 71ba78e42827a9b22a9a6016733d756f -> 4b3c1ae4c44d88205aef26229acfe022
  custom:scripting/monoscript/fileName/UVCPackageVersion.cs: c4d95cb84d9d8dff4727eba6b0a64378 -> 
  custom:scripting/monoscript/fileName/IncomingChangesTreeHeaderState.cs: f578f4545f0afb1f0a2de9a25e26e33b -> 9fcb97ef2da44c66332f5c6800c2e6ed
  custom:scripting/monoscript/fileName/DrawTextBlockWithLink.cs: d38f3ee197d9063693d0301d5157b32c -> 1d43814d810f0d56e2964ad3b72f271e
  custom:scripting/monoscript/fileName/WorkspaceOperationsMonitor.cs: 5f05751fd4d94e02e79a5bf200f98f9a -> 43dcc435c252a54bdaaf4d6588b7d66e
  custom:CustomObjectIndexerAttribute: 9a22284fe3817be447336de3de66b15e -> 
  custom:scripting/monoscript/fileName/ShelvesSelection.cs: 05891c88858e4ac7776c0c0c49b5b74f -> 8a3e11e7cd7bbf10b24988c7bf636dea
  custom:scripting/monoscript/fileName/MacOSConfigWorkaround.cs: 8634a542fc5c45ea8cd9a8244bf2c871 -> 9fe61e763da506601651f6c451cecb0a
  custom:scripting/monoscript/fileName/IncomingChangesSelection.cs: a96a5a084d59fe3917a3831b68fa9479 -> d86f9f4463e6f9d99bb815e1f018ccf1
  custom:scripting/monoscript/fileName/AddMoveMenu.cs: 07e842d83dd343358454fef0a7927a0d -> e681c3341f01390e9c1d636ae93280df
  custom:scripting/monoscript/fileName/PlasticProjectSettingsProvider.cs: c126b47f9f934d48f0646c249a5bfcca -> 8c4ae1aeb34c51d2a5a8924265075ff2
  custom:scripting/monoscript/fileName/AssetMenuItems.cs: 9ce81cedb8e568c6b7b646aa6263645b -> 
  custom:scripting/monoscript/fileName/ToolConstants.cs: a088b027c7b0922429c756f12b0507ea -> 3b0d2490617bc7f94a0bdab65a399e1d
  custom:scripting/monoscript/fileName/MergeTab.cs: f39dce5bbfdc053d284a55fc102a8be9 -> f0a9f00e065364eb63b070091ade67f8
  custom:scripting/monoscript/fileName/GetSelectedPaths.cs: 02423a81496d6c63598b5cdc203f4354 -> be35dd49dddd53fc840b9febf21b4d0d
  custom:scripting/monoscript/fileName/TokenExchangeResponse.cs: 0dd9138dbeab6f132711a5b608de5c13 -> f20183d4cf939766d3c1e15cc3bec2e3
  custom:scripting/monoscript/fileName/ChangesetsTab_Operations.cs: eca44847b108faefa69f8c525242c965 -> 3290c4c0cd248666e01a08ee6d621249
  custom:scripting/monoscript/fileName/OverlayRect.cs: 59d6887e4803f8a44ffaa0409470e410 -> 
  custom:scripting/monoscript/fileName/ConfigurePartialWorkspace.cs: 309d4276b0164b05348aedbd51cc0b2f -> 10fcc6b6d43dd5ed36c43c6f7b5906c4
  custom:scripting/monoscript/fileName/ValidRepositoryName.cs: 43c262be3f66a970816e3d3a3ee8872a -> 56bcf92a3678f6ad6215cae2e4914cfd
  custom:scripting/monoscript/fileName/OtherOptionsFoldout.cs: eea27b9873519c1ea7c35b8afc1b7947 -> cc8f3a7680050422963ebd2bf169a841
  custom:container-demuxer-webm: 4f35f7cbe854078d1ac9338744f61a02 -> 
  custom:scripting/monoscript/fileName/GetPlasticShortcut.cs: 2a84c035152261f00e7e66eb44cd0ffa -> 5c2b7bf07ddd2284efc64b09ef0f1f72
  custom:scripting/monoscript/fileName/ApplyShelveWithConflictsQuestionerBuilder.cs: e109c624745dcc4304c557872b253808 -> 02e4256f31bc905362a382e31c3387eb
  custom:scripting/monoscript/fileName/GuiEnabled.cs: 1b1658fd7715b5cc664c10a130c6b629 -> 7bb13fcc8d8cbd392e00f7232841f086
  custom:scripting/monoscript/fileName/BuildPathDictionary.cs: 943911b84162d26cea47f964f9a0a399 -> 9fabc7cc73fcfc50b8a3307c6aa6ec4d
  custom:scripting/monoscript/fileName/FindEditorWindow.cs: 2bb64182aef631315344623cf583c78a -> 8c3c78bb7e82ac5008f8a2b8a0d68cff
  custom:scripting/monoscript/fileName/ShelvePendingChangesDialog.cs: 47aa4c07d31152c0c1eff64d2ba76cc6 -> 86b1f48b5fbaffa67e939e7f404062e6
  custom:scripting/monoscript/fileName/DrawProgressForViews.cs: c153245b67af73b7ee03f693a1127796 -> 068a172cb549ad77d9873d721698bd0d
  custom:scripting/monoscript/fileName/UpdateReportDialog.cs: 706e7e86547c339cdb3a4462e3f7a54d -> 087837d8f73228f1a817d0de82c77260
  custom:scripting/monoscript/fileName/UnityMergeTree.cs: f81f2d7551ab855fe9dc724f3f2e2892 -> 59edaa0a4669bbcb540a261166adc144
  custom:scripting/monoscript/fileName/CycleMoveMenu.cs: 91c21a0be9b3727d7673f94321029c52 -> b3993a7306fc941f55ca963833965729
  custom:scripting/monoscript/fileName/HistoryListView.cs: 527da2d093462f1c4a278d6957e7d5ac -> 7b2d1d2c12ab43d9d244e35197127919
  custom:scripting/monoscript/fileName/ChangeTreeViewItem.cs: 506ed128854137d9f75f9e3d2576a06b -> b0a38ce0a620643c776a3db4fd91bc4c
  custom:scripting/monoscript/fileName/BringWindowToFront.cs: 88b20f2a2881db6a013f54923d68cdee -> a30c7c1ba746c6d277a5aedd3057d15e
  custom:scripting/monoscript/fileName/ShelvesViewMenu.cs: 947ea245959bf421539573511c3a0058 -> da5dc74b3444288f443961ecab7245d6
  custom:scripting/monoscript/fileName/LaunchCheckinConflictsDialog.cs: 4417eba1591eccb2221bfdce0106c1e0 -> e2c1e3f8f4e14a62e4363fe6259adbc2
  custom:scripting/monoscript/fileName/ParseArguments.cs: 03c1a4d7e357164ca313a0019713c3db -> ae915d9f5fe287ced40627c9ca8bfafd
  custom:scripting/monoscript/fileName/ExternalLink.cs: 685ff1dd6f55eb61a1fd8af84a2aa7f5 -> a8ff952d8c27d10f226ab92b7aa83b69
  custom:scripting/monoscript/fileName/WaitingSignInPanel.cs: 247680fcfc6a176b9fa28a3df600a754 -> 7585e1c7111b6b900784e6d1c9454258
  custom:scripting/monoscript/fileName/OperationProgressData.cs: 0db72349eeecbe9449a517b1d79cc760 -> 15f68712baaea535af36d9e0333c0a6e
  custom:scripting/monoscript/fileName/RepositoriesListHeaderState.cs: c0353a1af15ae4fd3d5a2a3cac816423 -> fb71b961ab7c924511a6b0e8680b60ee
  custom:scripting/monoscript/fileName/ClientDiffTreeViewItem.cs: 56be9d3aa410e770e75de2d8b93be89d -> 43bdd7aa5bf1aa039a5b572c119c38d0
  custom:scripting/monoscript/fileName/CreateWorkspaceView.cs: c40bc4c8524ef3e2374ef997beb2e4a6 -> 9ae2295080d141c0f12d02a71014e11c
  custom:scripting/monoscript/fileName/CommandLineArguments.cs: 0d20ca25f94249586a7c1484c469d8a2 -> 48a62ad3f817c0269ea7fc4a53799594
  custom:scripting/monoscript/fileName/DownloadRepository.cs: 46fc68d9cc4da8e8ed765ff28b2dd438 -> 5bad8d3f76a3fcb41a94637e37c11ab0
  custom:scripting/monoscript/fileName/ParentWindow.cs: 2476d8a6ba9c3055f984ac9792cae61a -> d6aa079e592e01701c5baa3ab98898bc
  custom:scripting/monoscript/fileName/OperationParams.cs: 091a140b35535b91c773ddf98925322d -> 3312c7a4424a66ffbf2f88f056f329aa
  custom:scripting/monoscript/fileName/SignInWithEmailPanel.cs: a5823728eb62cf6dbd8c933c1cb26f53 -> 6e8957c0ed7609303e68389067e72d72
  custom:scripting/monoscript/fileName/LaunchInstaller.cs: f9b7c99441bc32980ce9b95be066824b -> b75efdf5909b501e06cacd9c66f75981
  custom:scripting/monoscript/fileName/GetWindowIfOpened.cs: 84a2356c61155912908cf98a62600c22 -> fd8bfd1a9b371371ebbff48e377726f9
  custom:scripting/monoscript/fileName/AvatarImages.cs: ea6dca998cf0ec5122553a9e010ef687 -> 3aa8c25a350843151ec4070c820c411a
  custom:scripting/monoscript/fileName/DrawUserIcon.cs: 2f65feb9bed897237f97fbf9c5479092 -> 7d5385bf780ae84e648a8b49f8fe0825
  custom:scripting/monoscript/fileName/AssetStatus.cs: b9ea657347f2c22e8e401cdb256c516c -> e017010009bdb28bcb0d7d8ef05e7dd9
  custom:scripting/monoscript/fileName/TreeViewItemExtensions.cs: d22abf8de7a9ab0e852b869a652f100d -> 6849c47ffa8623d630ef12f76bd49905
  custom:scripting/monoscript/fileName/BranchesListView.cs: 334a3fb302f855f71fb71520fb442a71 -> 3f5ed9fe5a1bca512014ae1600ee1666
  custom:scripting/monoscript/fileName/DrawGuiModeSwitcher.cs: 363adc150c5f1c5059a678f179906090 -> d3be34a3134d3fe80ef6b14d0d519128
  custom:scripting/monoscript/fileName/ReviewImportTrigger.cs: fe35605b21ab60185d0380e7106c01fe -> 
  custom:scripting/monoscript/fileName/UnityMenuItem.cs: 5f445176ad3735e69769d93250663be7 -> 73f3c859f1b5092ad362c09e23b3a922
  custom:scripting/monoscript/fileName/WebRestApiClient.cs: 8ab6ae74a3793a3375cc48f328048a82 -> 746756fd499dddd02a4e7ccdbac48be3
  custom:scripting/monoscript/fileName/ShelveListViewItem.cs: a37862556d04b25f75804d991e109d87 -> 373418f0ae11fc25a26ff7fe4f472006
  custom:scripting/monoscript/fileName/OpenPlasticProjectSettings.cs: 5a86fd454f7c9f74b62653e269818d3f -> 
  custom:scripting/monoscript/fileName/PendingChangesOptionsFoldout.cs: 2a2f5a0ba87bd75c4475236a9a012016 -> f9e651bcc5d4441496c88ab59a32f360
  custom:scripting/monoscript/fileName/IncomingChangesTreeView.cs: d8c19bc81b07c04d7721396d2821d297 -> 96479648d4498738733254eb4e4c6fb5
  custom:scripting/monoscript/fileName/GenericProgress.cs: 11287c7d038c487f32d0c8edc476a32d -> 8492ec26f01fc248d3eb3c2f5b3b6c0f
  custom:scripting/monoscript/fileName/ShelvesListView.cs: 0763e4076b11a683fa148282680085c0 -> 01c1f087b2f83b458da6b8ad18736606
  custom:scripting/monoscript/fileName/MergeCategoryTreeViewItem.cs: c1ecd9dc0cd73eb7eb129994dedc1a91 -> 6bd59fcbfeafe06987a54631991d755b
  custom:scripting/monoscript/fileName/CheckinDialog.cs: 1709b78fae1329cc05fd4f39334b25f5 -> 702fdb8d0a3b4bfcb9ba109e71325cad
  custom:scripting/monoscript/fileName/SortOrderComparer.cs: 8f6297df34271fdb1ce2d9607ec6261d -> 90647cc400823b41df847a6cbfc29026
  custom:scripting/monoscript/fileName/GUIActionRunner.cs: 69af7de0762ed6d085feb4cc4b5101b3 -> 4a0608de635b0d82868d57923d68eff7
  custom:scripting/monoscript/fileName/PlasticMenuItem.cs: 30c3a785b4c2607e2ae9aad693d5f604 -> 
  custom:scripting/monoscript/fileName/PendingChangesTreeView.cs: f3722f38014385705913f17dbe0f90c1 -> 17142d220a0a50a3f3d184c4718a0da7
  custom:scripting/monoscript/fileName/VCSPlugin.cs: 69c1b7249af35f35848ae707bd5e7113 -> 
  custom:scripting/monoscript/fileName/GetClientDiffInfos.cs: 4ae14b15e2cf5177a84735548a44cdc9 -> f8db8e637ded2d5e935a953a13b85ebe
  custom:scripting/monoscript/fileName/DrawActionButtonWithMenu.cs: d7f31944358aed2f3ed3982246fca039 -> 8d4f5edd02a1dd0f38c4f2baf5ee8a33
  custom:scripting/monoscript/fileName/ErrorListViewItem.cs: 9bf59c82e9c9992a012a3eb2b6c2bfe5 -> 509edc26860f8be303ec97d68aabc30d
  custom:container-muxer-webm: aa71ff27fc2769a1b78a27578f13a17b -> 
  custom:scripting/monoscript/fileName/EditorProgressControls.cs: b1f133fa38afd918d537a72574fc93a0 -> 2e606eb01a6e6a567f3de9a0379ed3ae
  custom:scripting/monoscript/fileName/BranchesListHeaderState.cs: d47f1164fa7093137db851c4c16ffba3 -> 82eab21603f4efc696334ee80641c2c9
  custom:scripting/monoscript/fileName/DrawSearchField.cs: b11b864a92c7d76f85d4ec87d6faf61c -> 3de70beba9f4447205d50241d95b066a
  custom:scripting/monoscript/fileName/PendingChangesTab.cs: c99065f3c85ec85c85ece2a1a30665af -> 15ae6787065f4af65778e981f418a60b
  custom:scripting/monoscript/fileName/MergeTreeHeaderState.cs: d266e9dd03ced7ec66ad3688e5f18f26 -> 6293ca7f65e9641fcbe12100e705a990
  custom:scripting/monoscript/fileName/BuildGetEventExtraInfoFunction.cs: 1308a6936e8051866a117b3b7c2c7b77 -> 74bfc8c01f931108a3c2b127aa04cc8d
  custom:scripting/monoscript/fileName/ShelvesTab.cs: 88e0da7511313c57d3f51ba183c4d3fc -> fca0a219bdad45e636bd34724e5dc89d
  custom:scripting/monoscript/fileName/ReviewWindow.cs: 3f63ec647dfccbd08084116e1c6b7d19 -> 
  custom:video-decoder-webm-vp8: 9c59270c3fd7afecdb556c50c9e8de78 -> 
  custom:scripting/monoscript/fileName/WelcomeView.cs: 07e35bfe1faa2c52c049eb30958acd54 -> f06c185659ea2f4a75f9397861dc6096
  custom:scripting/monoscript/fileName/DeleteMoveMenu.cs: 39c593e854a9a8ae0e6d34ceb587fce1 -> 4d026cbabd8105e38661f97da078042a
  custom:scripting/monoscript/fileName/PlasticApp.cs: c440a0fb380601a77ad475d6c15d4fa1 -> c57de230d90beac7b586f10b9c7c6cb5
  custom:scripting/monoscript/fileName/ChangesetsTab.cs: ef408d8aaf89e01b17643ed0c836680d -> 46dde8f7856048792ad2e75490bb8c5e
  custom:scripting/monoscript/fileName/DeleteBranchDialog.cs: efbbc070bfeda2b746e8b15a4380cb26 -> 8549b0fc52962c89115fd78724fee578
  custom:scripting/monoscript/fileName/IncomingChangesNotification.cs: d7ac4b8f9ea939309b8ceb7f729100a2 -> caa8ea2c7336b9227381f0971759e01a
  custom:scripting/monoscript/fileName/DrawTreeViewEmptyState.cs: d4c16fd6aad8161eda7d99fd74cbb08e -> 
  custom:scripting/monoscript/fileName/ErrorsListView.cs: cc3142391037796392fcd3fe860891dd -> cd35171982f17897dd5148dda46e0956
  custom:scripting/monoscript/fileName/UnityPendingChangesTree.cs: fd6f0a038401268983bd9328d10dec93 -> f391d9a00dc9e202cee4d4ebcf6d21c0
  custom:scripting/monoscript/fileName/ClientConfiguration.cs: 5f5e47bfb7cedc7420d7e59c6d7ae6f0 -> 01b18b09a6dbb3756e1f42a5b64aab0f
  custom:scripting/monoscript/fileName/AssetVcsOperations.cs: 50ee89e011ba3d800b4e7a9a24aca7e1 -> 
  custom:scripting/monoscript/fileName/PlasticDialog.cs: b0aae1bf1889af041741f324070b7b84 -> 63a17a2b696bc2a13c9046aa16f8cea4
  custom:SearchIndexIgnoredProperties: e643bd26f0fe6173181afceb89e7c659 -> 
  custom:scripting/monoscript/fileName/AutoRefresh.cs: 9d30d5d3f0e8985355be1ab597da1dbb -> 0a8afde180a876655ad16caa14493409
  custom:scripting/monoscript/fileName/PlasticPluginIsEnabledPreference.cs: 7953272c37f4a828a3d1096e7479f346 -> 
  custom:scripting/monoscript/fileName/GetRelativePath.cs: 9b16eb2de9e98b392077181cc34243c1 -> ab04ae5e0cafb93ebf5c96148bb52df0
  custom:scripting/monoscript/fileName/UnityEvents.cs: 253411328de37811883aded592b97268 -> c830e584565fcd66ca0d5a23ad8b9bd6
  custom:AudioImporter_EditorPlatform: d09bf68614088b80899f8185d706f6e7 -> 
  custom:scripting/monoscript/fileName/DeleteChangeMenu.cs: 540c783b689e4d6a4a383862455d5d39 -> bfa368dc06e11abcc107d6f80c7c19c5
  custom:scripting/monoscript/fileName/SelectNewCodeReviewBehavior.cs: df6e8e132199ea6ec467c9bced11011d -> a16edf3a8c3e5ac26863e890f68fd937
  custom:scripting/monoscript/fileName/DockEditorWindow.cs: 581124d5e19667105f2446d6dfbf7982 -> a9e5e467234133af999283610b6e84e6
  custom:scripting/monoscript/fileName/ProjectPackages.cs: e247c98bd45807b228765f9a94d82145 -> 9e9e13e39b2e9718b602503b87245c18
  custom:scripting/monoscript/fileName/BranchesSelection.cs: 7eb1fcb556f0fad697e4ec9d989be099 -> 33b36e7b03910960966036894ec90c7c
  custom:scripting/monoscript/fileName/SaveAction.cs: b68fbb4319dbb368959c40781b39fdf8 -> 27c387bb58f3a69b0c9ff60d2209e18f
  custom:scripting/monoscript/fileName/AutoConfig.cs: 6c4e7f9dc55323aa1299debfe9723aa6 -> bf4bbd2f2e752464ef51dbf102faed17
  custom:scripting/monoscript/fileName/DiffPanel.cs: 02288a38bd14cc2b52a25b302a6f154e -> 210366dab3631628227b9406f87a9b7f
  custom:scripting/monoscript/fileName/PlasticAssetsProcessor.cs: ff731c8aacf4a537dc74c7cf9eaeaed0 -> 
  custom:scripting/monoscript/fileName/DrawActionToolbar.cs: 52293cb82089e0370f52e257f41c0869 -> e05748a99799f26304c1bbafd90f703b
  custom:scripting/monoscript/fileName/TreeViewItemIds.cs: 7d654a2b5b3a10da3e7d8472196e96d1 -> 0cdf409b5aa8d4c25876d72b5c6a3b60
  custom:scripting/monoscript/fileName/EditorVersion.cs: 70953c9eccf7726f70c672a9a51619e9 -> 698aba075b19a52a056d67a7b809d179
  custom:scripting/monoscript/fileName/TeamEditionConfigurationWindow.cs: d06f049421c16e5927ec29f770917e09 -> e53b1ca5561894aaeff930afb696d001
  custom:scripting/monoscript/fileName/ProgressOperationHandler.cs: 5fbb4e0f656dcfaa4498bd2e492e4710 -> ec62666c0ca1649dd33cc6bc6834c6f7
  custom:scripting/monoscript/fileName/UnityPlasticTimer.cs: 961fdb6492c99b4a3eadbed28e78c4b0 -> 6c887e722e951c2964523825cad70c4c
  custom:scripting/monoscript/fileName/TreeHeaderColumns.cs: 9fc4a0396a421346b8aa3b7788860851 -> 316e5ea62e66b20fd6e687a6b9e5958e
  custom:scripting/monoscript/fileName/MergeOptionsDialog.cs: 25ac62df73845405e13f44e4dfdcf0d1 -> 9250ce23d260ab84f87bd5899c6cf983
  custom:scripting/monoscript/fileName/AssetFilesFilterPatternsMenuBuilder.cs: 8fe5de6e5dc3d42fb7e95de2aaedbf5a -> 0d99e7514c6a33cda8314deed8f34bc5
  custom:scripting/monoscript/fileName/MergeTreeView.cs: 143a828a1a236483d3cdc1d010ce9d51 -> 3feb38cec50d3fc7576ddbf07a9a9ce8
  custom:scripting/monoscript/fileName/PlasticNotification.cs: 3629fdff9f054b2013702f5b131b2c47 -> 
  custom:scripting/monoscript/fileName/ConfirmContinueWithPendingChangesDialog.cs: c0e147ff008a0b77c9337132a3ea70af -> 77462b1904ad8f6fee2f8da4523d59fe
  custom:scripting/monoscript/fileName/ShelvesListHeaderState.cs: d3cea237aa496a145829475430d90f29 -> 287f23cbe09ecb9b28ec8dd05ede8846
  custom:scripting/monoscript/fileName/ChangelistTreeViewItem.cs: a4a6f6169cdb3afe249e104e2b7b1a2c -> 87f69636be8bd1a264ec4eac1bffa701
  custom:scripting/monoscript/fileName/CollabPlugin.cs: bda741ff77a19affbf276298e29313ec -> ca276d65e7cd77c5c99d9f119ffdb215
  custom:scripting/monoscript/fileName/TabButton.cs: 757146b89ed597b1d75c77241e5d5f63 -> 
  custom:scripting/monoscript/fileName/LaunchTool.cs: 3ac53c8af1f56365aad9e1ae5366d98d -> 60773d78646dc188d4b2caca77f20b17
  custom:scripting/monoscript/fileName/RunModal.cs: 33b931100ee477e6812324eabaa2e837 -> c83ee2ef642c5d8b8dfd32f033bfc438
  custom:scripting/monoscript/fileName/BranchListViewItem.cs: 8fdaa5aa842f5a70237affa304b9d506 -> 55028f4aef24d6227589aaa95582b2ff
  custom:scripting/monoscript/fileName/GetAvatar.cs: 07c98163f75f0b7c672bd453fc82bf61 -> 04ffae2a9e5a4c32a119f93144f558d2
  custom:scripting/monoscript/fileName/MoveAddMenu.cs: 81d47caeb9f49803adfe1627c8ce5bf4 -> 1fbfab870b2e95fdd8a81f6019f764df
  custom:scripting/monoscript/fileName/FindTool.cs: fc3b0710b24078288fe829d0bb041dd0 -> 2f9d82566cfb01fb68fc30111fb47624
  custom:scripting/monoscript/fileName/ChannelCertificateUiImpl.cs: 75d7831ab5da75cc0082e28863abb142 -> cefccf1e13b7bcf15e3c9f2dd4cd2fc8
  custom:scripting/monoscript/fileName/ApplyCircleMask.cs: 02eb67e485278e7c9b719fee5ff90f4a -> b955b378d261fdcbd6272fe8711d1e4f
  custom:scripting/monoscript/fileName/AssetMenuOperations.cs: 131bfc7279b97eba576abe13a47f8f91 -> ebcce67603e288b4a84d49287db6ef5a
  custom:scripting/monoscript/fileName/ShelveAndSwitchOptionsFoldout.cs: 676902ec49ff9c5abb2a832f067966e8 -> e7b216a23869eafb9aecd00a8905fafa
  custom:scripting/monoscript/fileName/VisualElementExtensions.cs: cd98f4a51563fccdfc39eed097290325 -> 0aad2728225c469038631668406aebb3
  custom:scripting/monoscript/fileName/LocksSelector.cs: 70b046a562568fd78d093736e68a3a58 -> 7b0f4fc5552c1d92ba7f4648526ceb21
  custom:scripting/monoscript/fileName/ListViewItemIds.cs: 8f6297df34271fdb1ce2d9607ec6261d -> 90647cc400823b41df847a6cbfc29026
  custom:scripting/monoscript/fileName/CreateWorkspaceViewState.cs: 1deb37b3c17c224d9a7dca9c990ea191 -> 0fe23b7cca9336b31a27790c714de652
  custom:scripting/monoscript/fileName/MergeLinkListViewItem.cs: ebc1e6f9e3a3005d8f4c51a794adfdaa -> 3fa407d29597803190dd374d88ed170d
  custom:scripting/monoscript/fileName/DrawCommentTextArea.cs: ad5449f632fd412ac0f7ba0d171fd453 -> c58c26552f95f108a8d9610eaf001fbc
  custom:scripting/monoscript/fileName/ErrorsListHeaderState.cs: 9141660c9776c5dac5f980fd03a672a8 -> b961336a4a43551eb826f97c57673007
  custom:scripting/monoscript/fileName/MergeViewDirectoryConflictMenu.cs: d45972e8b5f74223c607a4daa895ff3d -> fad8e1937fc14fd75ca21a68ee1037b8
  custom:scripting/monoscript/fileName/RefreshAsset.cs: 4479d2949a66a97f66d1e550067f3767 -> 5a15c606785f1f54a697bb0d0d846dfb
  custom:scripting/monoscript/fileName/BoolSetting.cs: d67f952c3a5976591f3e9a9e7356bbab -> 12bf039ccd38b0f4ccfffbec3cbbf108
  custom:scripting/monoscript/fileName/CreateChangelistDialog.cs: 774371d4233cc1d394d98dc80507a1f8 -> 386b03e27c951c5f1d63daf7aae486ca
  custom:scripting/monoscript/fileName/HistoryListViewMenu.cs: 15a489e494f04a7ea37a587c7601070e -> 29770348599c8d5473b78d72e5741b40
  custom:scripting/monoscript/fileName/MergeViewFileConflictMenu.cs: d7362b83d6b320a0f0ceaf99dbe21727 -> 8fc0f292158abfa71c2c7b3b6f38d32a
  custom:scripting/monoscript/fileName/FilterRulesConfirmationDialog.cs: 5186d89f21d03764f0cca01c2a0122d7 -> 9c91c6c91f20e6d013a753f32343b327
  custom:scripting/monoscript/fileName/ChangesetsSelection.cs: d154d1782ed752b83834c54a0bde3df9 -> 8b9d539af9f7e269bac4e3d79e9ffab8
  custom:scripting/monoscript/fileName/AssetPostprocessor.cs: 96208057b904410715a8df295ba4f8f4 -> 
  custom:scripting/monoscript/fileName/IsResolved.cs: 67a72533af97b9ab7830798057ab806c -> f54a3e2c5134aa4306f9ad150b1911a9
  custom:scripting/monoscript/fileName/LocalStatusCache.cs: a558fcf5f34357bab4cfc7b75e2bb356 -> 30974ea30517fbfd1b93153f6c849a76
  custom:scripting/monoscript/fileName/RepositoryExplorerDialog.cs: 143e7416b576681e1f2ea71288e530e6 -> eea34924da79ad7254f3e141a891c78d
  custom:scripting/monoscript/fileName/WorkspaceWindow.cs: ff52e13cd29dacd66db0169e14f71a23 -> b042f06133312d3bfed176231d97d77c
  custom:scripting/monoscript/fileName/BranchesTab_Operations.cs: 764cb17e9337c58ad4f5304b60b2042e -> 57c33f76c527a5aba4d269245ffff188
  custom:scripting/monoscript/fileName/DiffAndMergeOptionsFoldout.cs: 080cbf9242c0571bafa2e45ef8932448 -> 2810bae564e92b04bc7ebe4e47a2880b
  custom:scripting/monoscript/fileName/PlasticShutdown.cs: a8df8eeeed98372d06e446171a192a6d -> 
  custom:scripting/monoscript/fileName/FilesFilterPatternsMenuBuilder.cs: 28072cd275c96994687e6d4d0d6e1dff -> cf716a8d336c8113475a9ca67a799ec1
  custom:scripting/monoscript/fileName/HistoryListViewItem.cs: 2d3b1fc954b6bdbae298ec250ade0663 -> 96f2b67ec620b83e35d13f11877e1ac1
  custom:scripting/monoscript/fileName/RemoteStatusCache.cs: 00463e6b90cfe7da080d7c266f783980 -> 402d5663f3675e9324c129274b0c00f2
  custom:scripting/monoscript/fileName/EditorWindowFocus.cs: 1012e4e2e29e9b29bdcc03d8b92762a8 -> f258b0cf85078a7435d001e522d5e8e3
  custom:scripting/monoscript/fileName/EnumExtensions.cs: 24df84756ec75feecd53a80a0991ea16 -> 872fcb89b813d64606e680211dede528
  custom:scripting/monoscript/fileName/NewIncomingChanges.cs: fc48261878ef7e4b956e7172f5803aee -> 
  custom:scripting/monoscript/fileName/IsExeVersion.cs: 093723a3ef9cbad630dfdc60c764eff0 -> 9ef63354090e3419637bfe79e3489687
  custom:video-encoder-webm-vp8: eb34c28f22e8b96e1ab97ce403110664 -> 
  custom:scripting/monoscript/fileName/UnityIncomingChangesTree.cs: f774bb8bf0bd45a254894c795843c695 -> 42967773c43d3de5d23be4ddc6dfd9c4
  custom:scripting/monoscript/fileName/UnityDiffTree.cs: 447fc3a8922f56330f4bae8c9dc9a8be -> 1029ffd567bc0e646e6b119719dcb2ff
  custom:scripting/monoscript/fileName/TreeHeaderSettings.cs: 114eb9e27124403e8e111494b8eaf987 -> 662b1714c0fce36da72bbfe60201987a
  custom:scripting/monoscript/fileName/UnityConstants.cs: 323df5e3c80d05e06517581c776fde34 -> e3d3c3e11a194da9e5bbbfb97087a7bd
  custom:scripting/monoscript/fileName/IsExeAvailable.cs: 3e4283303610c884e542b8f6d3e922d4 -> 4a3dbc5ded94087064afd97407f26631
  custom:scripting/monoscript/fileName/LoadedTwiceMenu.cs: 961f9b82936caa7937046ac23d323c2c -> b54aa2e14eb740621bb6f926af7cb8ef
  custom:scripting/monoscript/fileName/AutoLogin.cs: e67ed70aada38469aeb667115929c368 -> b4cb98371fc38cca00d7123b7e649e12
  custom:scripting/monoscript/fileName/DrawMergeOverview.cs: 1db93bf179b38015949e3a3cb6ef1bd3 -> 49e0e525c3c170f79c20dc6779b7ead8
  custom:audio-decoder-ogg-vorbis: bf7c407c2cedff20999df2af8eb42d56 -> 
  custom:scripting/monoscript/fileName/UpdateReportLineListViewItem.cs: a101f0ba5292fc139445870b3f4af838 -> 9f63395e1ea590dbbab4d59cd0032ac4
  custom:scripting/monoscript/fileName/DrawSplitter.cs: ec7e8739eacabcca3e2946d9833eea0f -> d2f114a8e8e4167f7762d835a83b2f55
  custom:scripting/monoscript/fileName/LaunchDependenciesDialog.cs: e1c527862a66e73f0417ae177d7fdfb5 -> 2cabf22eb95430074b6c730a84e03493
  custom:scripting/monoscript/fileName/CredentialsResponse.cs: 96b135ae1c4ea541dc762170ea524fa9 -> 3dd2507693e56dac75ee7783f598cbb9
  custom:scripting/monoscript/fileName/LaunchDiffOperations.cs: aeae601320588a70eea7590a2f7e0f69 -> 871a0804a9fe2d9f2ad088303a89a63e
  custom:scripting/monoscript/fileName/PlasticSplitterGUILayout.cs: 4cfaefa1a850aceff54713912c4a2bda -> 111849f67dfbfea65ad2a9298ad1654d
  custom:scripting/monoscript/fileName/CheckinDialogOperations.cs: 0b2a2cd4c41cf1865a29cf91b2a96a48 -> d032d69e8060311c06b88286e8f22ddd
  custom:scripting/monoscript/fileName/PendingChangesViewMenu.cs: 68fab310addfd7068cfd7920070496ff -> 9b0019b6df6bb14eb3a2dbafa53fb54b
  custom:scripting/monoscript/fileName/AssetsSelection.cs: 35cec24e81f0cb1de51daeb356abc4ff -> 0227d7ff4d5687932d10967a945a9b06
  custom:scripting/monoscript/fileName/EnumPopupSetting.cs: 8f6297df34271fdb1ce2d9607ec6261d -> 90647cc400823b41df847a6cbfc29026
  custom:scripting/monoscript/fileName/PlasticConnectionMonitor.cs: 920e8e381bfc94da8bb69d336dda57ca -> 
  custom:scripting/monoscript/fileName/HistoryListHeaderState.cs: 6226ef13a567fa81584864f8698be331 -> a87e0364d14866c369ad50d669bdfa85
  custom:scripting/monoscript/fileName/EnableSwitchAndShelveFeatureDialog.cs: 2cb9334d072aaff777efab2d72a2583e -> 03bdf2f298649e7c429ac90c7a3c461a
  custom:scripting/monoscript/fileName/CloudEditionWelcomeWindow.cs: c886fdb39f4b8787e6ea3701a8f88f4a -> b1721e471183956468462f6b64901640
  custom:scripting/monoscript/fileName/AssetsPath.cs: 367269acf8f676d2cdd30fdc387b3920 -> e0e986124adc46d913f0683c34b88c9f
  custom:scripting/monoscript/fileName/MetaPath.cs: 1f80313a7ce6ec6ece505285578f5745 -> 417a84eb354831f828a6752b26c8592d
  custom:scripting/monoscript/fileName/CredentialsUIImpl.cs: 90e9c2de8d7bdd8424e0d89c415108ae -> dbacf67c37819fd95562fe169e706732
  custom:scripting/monoscript/fileName/ChangesetsViewMenu.cs: b720f0168f4ce1b1e0d358a6d5ec9a42 -> 7d1a2de81910b5990e71a0bfff26fdca
  custom:scripting/monoscript/fileName/UnityPlasticGuiMessage.cs: 2a7f71f59c0d7dc731fd345a3713957c -> 24eef0792e3802809607a7f9d04b8f1d
  custom:scripting/monoscript/fileName/OrganizationCredentials.cs: ee462057b3bd23cc3dab953ac4d656e2 -> 0b123406cadd651e9adc01c85fab5124
  custom:scripting/monoscript/fileName/StatusBar.cs: 2c8c488a8bbfe924f6b53b202ff6aadd -> 
  custom:scripting/monoscript/fileName/IsCurrent.cs: 7343ceec4312304bb8b398eeb6c375fa -> cf1fd01890d0fd9f011c1a1a491e2cf0
  custom:scripting/monoscript/fileName/ChangesetFromCollabCommitResponse.cs: b986ab8b1acd322b0367812e2d541734 -> ba336e4117e1b7ee28e4c17197bc3d0e
  custom:scripting/monoscript/fileName/MoveToChangelistMenuBuilder.cs: 3a2ef8cb0baf69e5dadeafc731fe32a9 -> a90b3e388d3e1316fa104d4c9a03e2d1
  custom:scripting/monoscript/fileName/LoadingSpinner.cs: b3299af90b664a9f42123e7df43fae24 -> 6aff0ac022d117a8e24a7b5e4b11904c
  custom:scripting/monoscript/fileName/LocksTab.cs: 134c512484ae73354c15c06a6dc69f9f -> 00ffb5a39c16fdc2d733c7e53471a3a9
  custom:scripting/monoscript/fileName/BranchesTab.cs: 764cb17e9337c58ad4f5304b60b2042e -> 57c33f76c527a5aba4d269245ffff188
  custom:scripting/monoscript/fileName/ToolConfig.cs: 18b1ea271ce5e7b6deea7b4e8e175269 -> fcffc3165b047f54ed6ccafa4c8760dd
  custom:scripting/monoscript/fileName/DropDownTextField.cs: e66e7314096900597993d2b353757d8d -> c8fc484ce140049ff31ebc2c6cbebf28
  custom:scripting/monoscript/fileName/AssetsProcessor.cs: 47679a6e15b70f4fef48eb1b2df31b19 -> 18737889e95cd4088e8dfd4153fa8f40
  custom:scripting/monoscript/fileName/DrawActionButton.cs: d847a7d82ac92cab2b3d0ae268cefb3d -> 81e6708d2b8fa199354e53f85db731a8
  custom:scripting/monoscript/fileName/TableViewOperations.cs: ddc7b903e0dbd6bd109f2bd709b95f0e -> bef3a31deb1fe794a90f767d16e4c868
  custom:scripting/monoscript/fileName/UpdateProgress.cs: 5b04f01bf199310f09ab9522f89c78f4 -> 281e1e05168d6a30be1d8d2f6200bef8
  custom:scripting/monoscript/fileName/OrganizationsInformation.cs: b3f0758c6655b2dad1161792812992fa -> 5f067ea8d90fc79055a3dcfd58ae6dca
  custom:scripting/monoscript/fileName/ChangeDeleteMenu.cs: 652dcd6f863c509bfa0376b6d95ab1ec -> 4fefe66d6e279ce0ac2fdc57d409f232
  custom:scripting/monoscript/fileName/SubscriptionDetailsResponse.cs: e10e0299ef716630c63b8cf5f792cda0 -> e5121cec860a6d1097cc809217b3d8fe
  custom:scripting/monoscript/fileName/DrawProgressForDialogs.cs: 5f8d39e3ea7c4a42148c6b1a7b4ca061 -> a5f2abd8875e7a6afbc171fabfbae81f
  custom:scripting/monoscript/fileName/ToolbarButton.cs: 47dc767626bbd94d66707af31ddc5eb6 -> 
  custom:scripting/monoscript/fileName/ProjectViewAssetSelection.cs: 349dc288d32791de51156d4e59000b7b -> 2560eadaf6a13a74a46a4a207cd5a8b6
  custom:scripting/monoscript/fileName/DrawTreeViewItem.cs: cceebc4f1185658619e40964f29acb08 -> 0921a62a588ab864253743d1f07afb5a
  custom:scripting/monoscript/fileName/DrawSceneOperations.cs: 2426c0c2ee58cd28be59874f6425940c -> d87f46f9fb97181a2f51490ea2e1efc3
  custom:audio-encoder-webm-vorbis: bf7c407c2cedff20999df2af8eb42d56 -> 
  custom:scripting/monoscript/fileName/DrawActionHelpBox.cs: dcd6ec2e7fb1b44f22c4a79ff87b70cd -> c8f6be9dab1e6f8d71e0c63c29679186
  custom:scripting/monoscript/fileName/PendingChangesMultiColumnHeader.cs: 21802cc6929e0e180fb4f0be8e34d9d0 -> 722de7d6e07a79981d750438e6febb8f
  custom:scripting/monoscript/fileName/EditorDispatcher.cs: c739e073a8c38dbcf59192f45d1004c5 -> 3c402eae57d73cc54863f3f6a13096ae
  custom:scripting/monoscript/fileName/MovedEvilTwinMenu.cs: ce111941dc7264d29598ce7fd2770927 -> d480b839850d28c1c9526cb587fc752d
  custom:scripting/monoscript/fileName/IIncomingChangesTab.cs: d4ceabdc48d8a1872bbe87f04d89a4ff -> 40644cd18074db84684b9e437bf8fa77
  custom:scripting/monoscript/fileName/GetChangesOverlayIcon.cs: f00e4b795697c6cf3092760f3b6fc49d -> d599d6efdee28305661bc0cf6683858a
  custom:scripting/monoscript/fileName/ShelvedChangesNotification.cs: 13b6a2ccd8b4ac1f5ee30c8404cea3b0 -> a27e9e7b242b904f41fc1b16d3a1b3fd
  custom:scripting/monoscript/fileName/EvilTwinMenu.cs: 475a88947051822ca4915306469f9bcc -> 919e4faae0573e49949f6dfbb5a733da
  custom:scripting/monoscript/fileName/ChangesetsListView.cs: caae0aefb36c869f50691482a5cd0944 -> 87b74e0d80cf59010f55e2baaeb6679d
  custom:scripting/monoscript/fileName/UpdateReportListView.cs: 2d8fccdaad50bbd7454b52cf9cb4a0f9 -> 08d26df1ab6c3a7628addc5e54e50b08
  custom:scripting/monoscript/fileName/UnityConfigurationChecker.cs: 59a8f0715a7c89a752351bf42f94abbd -> 874cd65cce0384fef4b60e71fb08a429
  custom:scripting/monoscript/fileName/CheckWorkspaceTreeNodeStatus.cs: 5e11ff64963669981115eb58dc2b6e8b -> 1e1255b803bf7cbc935bb804bf0dbe7b
  custom:scripting/monoscript/fileName/TreeViewSessionState.cs: 8333273b312d475b653610e2871c20a5 -> 9f39a2ca55a7481b8ba078d3a2b6815e
  custom:scripting/monoscript/fileName/ErrorsPanel.cs: 21fc210ee17d5e95782397ef8c7dafab -> 515b7ba9af5e7885ba3068b1d63c6104
  custom:scripting/monoscript/fileName/PlasticPlugin.cs: a57c142b98ca3d4daad221737fd72924 -> c64561980f26020cc3206ae8b1047268
  custom:scripting/monoscript/fileName/SwitchModeConfirmationDialog.cs: 4d9c02587760213784bfe53d012122b4 -> 30cd71d0b3ee4b2689cde689908d301e
  custom:scripting/monoscript/fileName/PlasticWindow.cs: fc467478941f610919bc69526ba2c215 -> 
  custom:scripting/monoscript/fileName/PlasticExeLauncher.cs: caa0b5dda5df50c85bb19d27252d16b9 -> f1da27253760250030952f02cb54965a
  custom:scripting/monoscript/fileName/BranchesViewMenu.cs: 8089f11c30784e2e57775dd6cdbae898 -> 7bfc83e917c9b0b5aa423bb947ce2a38
  custom:scripting/monoscript/fileName/CooldownWindowDelayer.cs: 7816cfcad485500dbac9993c4502ea69 -> 4c95e39c8dd4cfa1bca106097fdb6524
  custom:scripting/monoscript/fileName/GetInstallerTmpFileName.cs: fa7bda723ac795b48e38504727f44981 -> d09e0b5c7a9af5874530e17ef23025f0
  custom:scripting/monoscript/fileName/AssetModificationProcessor.cs: a602c9e59e7db185e3a0d68d986e6fef -> 
  custom:scripting/monoscript/fileName/IsCollabProjectMigratedResponse.cs: 4c3294c6a51e6f42161d191230692016 -> af2b76c693935deee55cfcaed2aa7568
========================================================================
Received Import Request.
  Time since last request: 18.944335 seconds.
  path: Assets/Prefab/MapSectionVar1.prefab
  artifactKey: Guid(0f5288ee7a7da8c4a8ac6ac9bf825685) Importer(815301076,1909f56bfc062723c751e8b465ee728b)
Start importing Assets/Prefab/MapSectionVar1.prefab using Guid(0f5288ee7a7da8c4a8ac6ac9bf825685) Importer(815301076,1909f56bfc062723c751e8b465ee728b) [PhysX] Initialized MultithreadedTaskDispatcher with 8 workers.
[PhysX] Initialized MultithreadedTaskDispatcher with 8 workers.
 -> (artifact id: '8cb211225f8da2ff0702e969f1b3fdad') in 0.130533 seconds
Number of updated asset objects reloaded before import = 0
Number of asset objects unloaded after import = 724
========================================================================
Received Import Request.
  Time since last request: 3.853546 seconds.
  path: Assets/Prefab/MapSectionVar1.prefab
  artifactKey: Guid(0f5288ee7a7da8c4a8ac6ac9bf825685) Importer(815301076,1909f56bfc062723c751e8b465ee728b)
Start importing Assets/Prefab/MapSectionVar1.prefab using Guid(0f5288ee7a7da8c4a8ac6ac9bf825685) Importer(815301076,1909f56bfc062723c751e8b465ee728b) [PhysX] Initialized MultithreadedTaskDispatcher with 8 workers.
[PhysX] Initialized MultithreadedTaskDispatcher with 8 workers.
 -> (artifact id: 'ad6d7b5286c56c268ba2c479535adca8') in 0.043669 seconds
Number of updated asset objects reloaded before import = 0
Number of asset objects unloaded after import = 724
========================================================================
Received Prepare
Caller must complete domain reload
Begin MonoManager ReloadAssembly
- Loaded All Assemblies, in  0.439 seconds
Native extension for WindowsStandalone target not found
Mono: successfully reloaded assembly
- Finished resetting the current domain, in  1.398 seconds
Domain Reload Profiling: 1834ms
	BeginReloadAssembly (146ms)
		ExecutionOrderSort (0ms)
		DisableScriptedObjects (5ms)
		BackupInstance (0ms)
		ReleaseScriptingObjects (0ms)
		CreateAndSetChildDomain (32ms)
	RebuildCommonClasses (32ms)
	RebuildNativeTypeToScriptingClass (17ms)
	initialDomainReloadingComplete (38ms)
	LoadAllAssembliesAndSetupDomain (201ms)
		LoadAssemblies (263ms)
		RebuildTransferFunctionScriptingTraits (0ms)
		AnalyzeDomain (16ms)
			TypeCache.Refresh (8ms)
				TypeCache.ScanAssembly (0ms)
			ScanForSourceGeneratedMonoScriptInfo (0ms)
			ResolveRequiredComponents (5ms)
	FinalizeReload (1399ms)
		ReleaseScriptCaches (0ms)
		RebuildScriptCaches (0ms)
		SetupLoadedEditorAssemblies (776ms)
			LogAssemblyErrors (0ms)
			InitializePlatformSupportModulesInManaged (7ms)
			SetLoadedEditorAssemblies (3ms)
			RefreshPlugins (0ms)
			BeforeProcessingInitializeOnLoad (86ms)
			ProcessInitializeOnLoadAttributes (640ms)
			ProcessInitializeOnLoadMethodAttributes (28ms)
			AfterProcessingInitializeOnLoad (11ms)
			EditorAssembliesLoaded (0ms)
		ExecutionOrderSort2 (0ms)
		AwakeInstancesAfterBackupRestoration (11ms)
Refreshing native plugins compatible for Editor in 5.48 ms, found 3 plugins.
Preloading 0 native plugins for Editor in 0.00 ms.
Unloading 3273 Unused Serialized files (Serialized files now loaded: 0)
Unloading 16 unused Assets / (30.4 KB). Loaded Objects now: 3817.
Memory consumption went from 127.5 MB to 127.4 MB.
Total: 4.409600 ms (FindLiveObjects: 0.394200 ms CreateObjectMapping: 0.150900 ms MarkObjects: 3.780100 ms  DeleteObjects: 0.083100 ms)

Prepare: number of updated asset objects reloaded= 0
AssetImportParameters requested are different than current active one (requested -> active):
  custom:scripting/monoscript/fileName/BuildMergeTabParameters.cs: 2c923f29302a39560b4301c3fd163a7b -> 
  custom:scripting/monoscript/fileName/IncomingChangesTab.cs: 8a20aca125f6d4b837670edb6e36bc05 -> 82bff1d960538992d4e618d909869d2e
  custom:scripting/monoscript/fileName/DiffSelection.cs: 34faf7c86f7e0c9a01162e930679d82f -> 1460aaba4240ef35322cb9c198487990
  custom:scripting/monoscript/fileName/DrawStaticElement.cs: 6cbd346d4a1be2ee84c9ebe55a7f9f79 -> 5765d84d60602f16f5577bf0b7fc6b96
  custom:scripting/monoscript/fileName/MoveDeleteMenu.cs: f1a7b8a8be76c035d934c51863f3b934 -> c4ad4528e772c33a6167006886a8d1da
  custom:scripting/monoscript/fileName/DialogWithCheckBox.cs: 738e3e0af97e826e16805dda77e5f009 -> 
  custom:scripting/monoscript/fileName/DateFilter.cs: de3aab0283a2b4a1d4d64145b14132d5 -> 3a6cb8c2e3ffbb5a9052e322ee5bf411
  custom:scripting/monoscript/fileName/PerformInitialCheckin.cs: be22d181e456c0a8a5713675f29ac72a -> 8ef9a9f407b8b94b2b5fad9d24e61f79
  custom:scripting/monoscript/fileName/ConflictResolutionState.cs: d9394655856a9fc1a0b280bc997bac16 -> 74a230000ff2fd58c5a60ab4258207dc
  custom:scripting/monoscript/fileName/FindWorkspace.cs: 39bbd18bfe6bf4a99f5c185dcda4dd4a -> 6af6c9e9382fef881c020ab184e6f7f5
  custom:container-demuxer-ogg: 62fdf1f143b41e24485cea50d1cbac27 -> 
  custom:scripting/monoscript/fileName/CheckinConflictsDialog.cs: d3af1d70d3f60a9847d2942647274222 -> e13fa04a97fb675842c94586fc602871
  custom:scripting/monoscript/fileName/AuthToken.cs: d22b2893825e943bc1389be142abd57e -> 0fba7e8eb1ec8b699f274cdc956451b2
  custom:scripting/monoscript/fileName/ProgressControlsForDialogs.cs: 6bf8e69ac7dc2163fe988e5d8181ce88 -> 7e6bd1727985204e3b64e1946e589b1c
  custom:scripting/monoscript/fileName/AssetStatusCache.cs: beede06d8a6d93e7907fd192ad653f2b -> 260d5f85663ac58b2a7e9553c453bc3e
  custom:scripting/monoscript/fileName/OrganizationPanel.cs: d7ac1288bef1b15a05bb26d201a4d87f -> 57a57e6a345dbd536e91c348b70943a9
  custom:scripting/monoscript/fileName/ChangeCategoryTreeViewItem.cs: efd70108e1f6ff61ed2723220486adfc -> fd14db176fff061715c8ec88ced1902f
  custom:scripting/monoscript/fileName/CurrentUserAdminCheckResponse.cs: cec2f173fe8732108711c497674c6f66 -> d57c2dcace740834acd59fdfbc5023b8
  custom:scripting/monoscript/fileName/UIElementsExtensions.cs: a191d7293be4538b0adb29dfe5b06a46 -> 52e0d612ab032e4d22e9558b90396b99
  custom:scripting/monoscript/fileName/CreateBranchDialog.cs: c429477092287209232592c8cde1a615 -> 9eb29fda08033b4f847247136c412db6
  custom:scripting/monoscript/fileName/DrawCreateWorkspaceView.cs: 6422239d8f649480614f0dd4f018b7f2 -> c6039ac84d85ab3926aa94de163a9f7d
  custom:scripting/monoscript/fileName/ProjectPath.cs: 5634ebdbea8ca94089eb9622d1b60497 -> 2007f972d3a73eeb86dfe05e849c7f69
  custom:scripting/monoscript/fileName/SSOCredentialsDialog.cs: 8967ceae1bc195ea8dd32b23c42dd852 -> e140ede12a96f68f30062138385171c3
  custom:scripting/monoscript/fileName/DownloadPlasticExeDialog.cs: 2dd40c53d0303d041a27a44a95c331cb -> 093cfe0607c2346a88cdfdfe1435614f
  custom:scripting/monoscript/fileName/GetOperationDelegate.cs: e719058321e4f2be94be212e42f097c8 -> 
  custom:video-codec-MediaFoundation-h265: 746d11721c4dcdbdad8f713fa42b33f4 -> 
  custom:scripting/monoscript/fileName/PendingChangesTab_Operations.cs: c99065f3c85ec85c85ece2a1a30665af -> 15ae6787065f4af65778e981f418a60b
  custom:scripting/monoscript/fileName/LocksListViewItem.cs: cc9cd24c5be4f7363367cba72f12aad4 -> f4a19fabbec093eb3d6a7e1cd4f42611
  custom:scripting/monoscript/fileName/PendingChangesViewPendingChangeMenu.cs: 561ad0f702e1db14300a4a5f810051f9 -> 9a6ef2277212bf26d647c7f12f946287
  custom:scripting/monoscript/fileName/SignInPanel.cs: f7e82045994d4eefe3b021faa87b55c6 -> bac0318ce35e37bed3a2cc8137452435
  custom:scripting/monoscript/fileName/DrawInspectorOperations.cs: 61c4a6a6507d8f84ef5bdf5cba3f0aee -> 8c94fe642e98309082411f46db89106b
  custom:scripting/monoscript/fileName/DrawDirectoryResolutionPanel.cs: b77d9918f02a8eac64394aaf99fa4b28 -> e4e3c9b4bc511687802b504b71016540
  custom:scripting/monoscript/fileName/CloseWindowIfOpened.cs: d820344e932a12600b5fe6fb7e9f1563 -> ce229ef3b7461ff17e2c1af0695a6657
  custom:scripting/monoscript/fileName/SaveAssets.cs: e472a52843752df7d7ad4ca6b2c8da98 -> b56abea3d51c742ac29e4aec958afad6
  custom:scripting/monoscript/fileName/MergeViewMenu.cs: 93bc40369a2f104c249cef1d685ad358 -> c1676e16bdcf215f6595ea9de7a1fc33
  custom:scripting/monoscript/fileName/RepositoriesListView.cs: 9f95c83dc460fb03fb0916472f14b8a7 -> 95287f65338ca0073ad04002a16eaaf7
  custom:scripting/monoscript/fileName/HandleMenuItem.cs: 740e54c5f6dca1acc88cad87af74b744 -> b4ad1ecc5243212c5967125ad5e41b1f
  custom:scripting/monoscript/fileName/ScreenResolution.cs: 5c975132cf4e36dcc261bd0acd604271 -> 7bb7bb5b955671820101b322f0a7bf3d
  custom:scripting/monoscript/fileName/ApplicationDataPath.cs: 8e4094e28762fb76a1baecfe90c6b65e -> 3e8c4ea8debfda8013fed860ac233d22
  custom:scripting/monoscript/fileName/MergeSelection.cs: 6deb9bc55c10a7ac7c9f905a7b92dbe8 -> 630eecd27cae3311e65e09d9c63da8b7
  custom:video-decoder-ogg-theora: a1e56fd34408186e4bbccfd4996cb3dc -> 
  custom:scripting/monoscript/fileName/RepaintInspector.cs: f134606300316994850c28a68d0cb5a3 -> 
  custom:scripting/monoscript/fileName/LockStatusCache.cs: 5e3725e03dc21c716034553589a67eae -> e99b3f34c5cd3eb73ec19439af1f7f80
  custom:scripting/monoscript/fileName/DiffTreeView.cs: 68195907d129ef826aa6b6df7202696d -> 49f46fd2a65ea674a218eead75f27aac
  custom:scripting/monoscript/fileName/DependenciesDialog.cs: 82d30fc8d5e1a73ec0d1ee9acc00fbc2 -> c8902186ab2f4e6471b5dd147afb01b6
  custom:scripting/monoscript/fileName/ChangesetListViewItem.cs: 95a197949f1e777703db60eea8cc21b3 -> d742a4910e302777daa1ccb9c8e92cb9
  custom:scripting/monoscript/fileName/LocksViewMenu.cs: fda08381fa9abca53b6eaf3bf55f14f8 -> 186d8514e824865b191ba1829afe4b33
  custom:scripting/monoscript/fileName/IncomingChangesViewMenu.cs: 5f96afa82d3e2a8078206b7f6d3b0752 -> 13196979a03411533716f6775c9a624b
  custom:scripting/monoscript/fileName/QueryVisualElementsExtensions.cs: 75ea535788abf9c38ba9341c984a6241 -> a49740b6efbb934f55475cc70b864a4c
  custom:scripting/monoscript/fileName/DivergentMoveMenu.cs: 5b146ed65a6a030ab7d86a0d711244f7 -> 98d76b5791494212a0c25aa6a4af7288
  custom:scripting/monoscript/fileName/WriteLogConfiguration.cs: 1a8401f47b522f631a3dc005105719f5 -> 1589212d1638ae91a029ea3ddf9999f2
  custom:scripting/monoscript/fileName/FileSystemOperation.cs: c31a686e69e66801c204a11be56c950a -> f0ccbe91654279794a85bf6f1c034716
  custom:scripting/monoscript/fileName/MigrateCollabProject.cs: af93695e471d9c8e4ad014c4165f2c3c -> 9f3487f03a783b35518405572f20ac9e
  custom:framework-win-MediaFoundation: 216162199b28c13a410421893ffa2e32 -> 
  custom:scripting/monoscript/fileName/ProgressControlsForViews.cs: 7d677c6df38ab15cf390062b5b0bb854 -> a8a18a90f46aa63848e1e45d8d7ff9af
  custom:scripting/monoscript/fileName/DrawAssetOverlay.cs: 04a46044def089f0abcdafdd281e3646 -> 
  custom:scripting/monoscript/fileName/ProjectWindow.cs: c62567a3d71fd74636bc783de5162474 -> 
  custom:scripting/monoscript/fileName/MergeLinksListView.cs: 826afb5fb5988163105086b4bf5027af -> c9488671ae9b14523680d0c19097baa0
  custom:scripting/monoscript/fileName/UnityCloudProjectLinkMonitor.cs: a6d5b729fcd63f578363f7929a986e8b -> 86b74508945daf368996ea82904ac8da
  custom:scripting/monoscript/fileName/EditorProgressBar.cs: 7418be9b22aaea32732f8a5f49569d1c -> 08c2f2b90ef64df631d46389f0e22c8e
  custom:scripting/monoscript/fileName/MeasureMaxWidth.cs: cd9322680ae61d38397008451b7ed0ed -> 1569e3f1dad91a9b01cba66ab6aa30b0
  custom:scripting/monoscript/fileName/ChangesetsListHeaderState.cs: 69fc4f1a2bc3782d7043ec48961a3616 -> fe1392f9b135da83e13fe8a5e5f39fc2
  custom:scripting/monoscript/fileName/PendingChangesTreeHeaderState.cs: 7d278b5569d28437d07554a3bbb56e1b -> 5d7f70d142c9ac67864ec14950523d62
  custom:scripting/monoscript/fileName/ChangelistMenu.cs: ca33bac56b3a337faa90a1b1bba632d6 -> c1bf5aeb760cc5eae584ea3944d6531b
  custom:scripting/monoscript/fileName/MissingEncryptionPasswordPromptHandler.cs: 7f5831fc8a41e9cadd84fcfd0e885072 -> 5d7b9646eb14a39b6d3d5bab19d266ff
  custom:scripting/monoscript/fileName/NotificationBar.cs: d1a4cf5e8103d80fd25347275f906aa8 -> 50f1a85fa18d94338418def78dcd8543
  custom:scripting/monoscript/fileName/EmptyCommentDialog.cs: c9c28ff22d24598d7e4856f434bb1b92 -> 99cc06133e502eab7998108e26fd5614
  custom:scripting/monoscript/fileName/UnityThreadWaiter.cs: dbd556f2802baab90a20da38c288d36c -> 99333406d92d10003984b4d1920de2f9
  custom:scripting/monoscript/fileName/CredentialsDialog.cs: 179b5e49656a1623c2e79d838f0f5876 -> c785d5e40f8d66b7ef7ba04ee7c324e0
  custom:scripting/monoscript/fileName/ProcessHubCommand.cs: 30630f626164e285c361aa64e681100e -> 8ab0fc63fa4d9d749198dd61b09d7e37
  custom:scripting/monoscript/fileName/GetRestorePathDialog.cs: e21eb9983f0b989125951478cd5e9b35 -> 353d1126ca2d2063d5bdbd06806ffc08
  custom:scripting/monoscript/fileName/UpdateReportListHeaderState.cs: 64a5bf775d221ad9a5ff8c78a1e0e1fa -> d6cbe54be2898ed2c96c2e79572c2e08
  custom:scripting/monoscript/fileName/LocksListView.cs: 8c6202774eebcf67be9c3b5a2926cc7c -> 7aa51ff93bcc98aa05dec8b46ec200c4
  custom:scripting/monoscript/fileName/DownloadAndInstallOperation.cs: b043b8d5921892e87f4566e00162cff6 -> 4f4065aeafda2af0ec272a3c228e27b2
  custom:scripting/monoscript/fileName/DiffTreeViewMenu.cs: 3e62bfc69ca7486976988e151b88922e -> 8039fc4ecf68b3e966e1f4822789e7fa
  custom:scripting/monoscript/fileName/UnityStyles.cs: 9cb60b3dfb2aa9ad7fb7f3438dc23bed -> a77bf4c43409620cb9527bf40c7b31b2
  custom:scripting/monoscript/fileName/HistoryTab.cs: 4d086984813cd90d6be245dd8e03a2ba -> d57f000c65fde42a2228c7a105a836e5
  custom:scripting/monoscript/fileName/HistorySelection.cs: 7c3afcf345a55e8b77ea41ca0f570218 -> 3d07a3d1241e204b5420d71f1137eba4
  custom:scripting/monoscript/fileName/CreateWorkspace.cs: 7b3086384e5ddcd73cd5064a3ce31cd2 -> 5256205b5cf0570b6f698c7abe518f5a
  custom:scripting/monoscript/fileName/ShowWindow.cs: c731454122754eec192bc3c53fac3d95 -> a6bb1d20733c178256b38974418d7450
  custom:scripting/monoscript/fileName/LocksListHeaderState.cs: b80c5f044f18764adef2e9dbea5f0fb1 -> c7fe4d3b5f954615048f8e79925d29e3
  custom:scripting/monoscript/fileName/CreateRepositoryDialog.cs: 1e1c5399cf3d0b071c7982c565a710ce -> 5cec3e66b09e0dbe1f805953c5c64af9
  custom:scripting/monoscript/fileName/RenameBranchDialog.cs: a3111a345c6451ee64cd16f1989c2313 -> e5c89c05c87517babb3730e87196a494
  custom:scripting/monoscript/fileName/EncryptionConfigurationDialog.cs: 6423045767c07e6360ff314ec741c601 -> 19e9c54aff6ffc68d60fe11f80578947
  custom:scripting/monoscript/fileName/CheckinProgress.cs: 298ac58365579798eb3b4defc181ccaf -> 75b93dbc5ef307111f0647f735640420
  custom:scripting/monoscript/fileName/AssetCopyPathOperation.cs: 571ede78b6298606a236918df9df62d5 -> 633a9d130b72ba594756844b628f0ae2
  custom:scripting/monoscript/fileName/PendingChangesSelection.cs: 766664749a54eea9ecce5dff917430ef -> 1721ad72d074757364587c71b49d9382
  custom:scripting/monoscript/fileName/LoadAsset.cs: 9042eb334fc462cf466672445be1d4c2 -> 5e4e082aa5b21c13b80eb237fe94d00b
  custom:scripting/monoscript/fileName/Images.cs: 0b0c14141950fed99e3ef33199b3b4c9 -> fbdd1e600315d249327f3effde045c9d
  custom:scripting/monoscript/fileName/DrawLocksListViewItem.cs: ce3a3d64ec2d84c3556ffd4141efc4f7 -> 6201c4d50383e970d554210505562d37
  custom:scripting/monoscript/fileName/DrawProgressForOperations.cs: ea9179848be98ee7719316b39339ef29 -> b544f18e6532ba53bbd1b691fa5cd571
  custom:scripting/monoscript/fileName/ViewSwitcher.cs: bb22cc2814598bf2511f6c811c1dc194 -> dd1f6d6bc6ad5beda69b13cdb560799f
  custom:scripting/monoscript/fileName/RepositoryListViewItem.cs: 2f16ba7694ec7934685021093e722c4e -> 3cabcd81911a2500dcd9e2b6ffae3f00
  custom:scripting/monoscript/fileName/InspectorAssetSelection.cs: 71ba78e42827a9b22a9a6016733d756f -> 4b3c1ae4c44d88205aef26229acfe022
  custom:scripting/monoscript/fileName/UVCPackageVersion.cs: c4d95cb84d9d8dff4727eba6b0a64378 -> 
  custom:scripting/monoscript/fileName/IncomingChangesTreeHeaderState.cs: f578f4545f0afb1f0a2de9a25e26e33b -> 9fcb97ef2da44c66332f5c6800c2e6ed
  custom:scripting/monoscript/fileName/DrawTextBlockWithLink.cs: d38f3ee197d9063693d0301d5157b32c -> 1d43814d810f0d56e2964ad3b72f271e
  custom:scripting/monoscript/fileName/WorkspaceOperationsMonitor.cs: 5f05751fd4d94e02e79a5bf200f98f9a -> 43dcc435c252a54bdaaf4d6588b7d66e
  custom:CustomObjectIndexerAttribute: 9a22284fe3817be447336de3de66b15e -> 
  custom:scripting/monoscript/fileName/ShelvesSelection.cs: 05891c88858e4ac7776c0c0c49b5b74f -> 8a3e11e7cd7bbf10b24988c7bf636dea
  custom:scripting/monoscript/fileName/MacOSConfigWorkaround.cs: 8634a542fc5c45ea8cd9a8244bf2c871 -> 9fe61e763da506601651f6c451cecb0a
  custom:scripting/monoscript/fileName/IncomingChangesSelection.cs: a96a5a084d59fe3917a3831b68fa9479 -> d86f9f4463e6f9d99bb815e1f018ccf1
  custom:scripting/monoscript/fileName/AddMoveMenu.cs: 07e842d83dd343358454fef0a7927a0d -> e681c3341f01390e9c1d636ae93280df
  custom:scripting/monoscript/fileName/PlasticProjectSettingsProvider.cs: c126b47f9f934d48f0646c249a5bfcca -> 8c4ae1aeb34c51d2a5a8924265075ff2
  custom:scripting/monoscript/fileName/AssetMenuItems.cs: 9ce81cedb8e568c6b7b646aa6263645b -> 
  custom:scripting/monoscript/fileName/ToolConstants.cs: a088b027c7b0922429c756f12b0507ea -> 3b0d2490617bc7f94a0bdab65a399e1d
  custom:scripting/monoscript/fileName/MergeTab.cs: f39dce5bbfdc053d284a55fc102a8be9 -> f0a9f00e065364eb63b070091ade67f8
  custom:scripting/monoscript/fileName/GetSelectedPaths.cs: 02423a81496d6c63598b5cdc203f4354 -> be35dd49dddd53fc840b9febf21b4d0d
  custom:scripting/monoscript/fileName/TokenExchangeResponse.cs: 0dd9138dbeab6f132711a5b608de5c13 -> f20183d4cf939766d3c1e15cc3bec2e3
  custom:scripting/monoscript/fileName/ChangesetsTab_Operations.cs: eca44847b108faefa69f8c525242c965 -> 3290c4c0cd248666e01a08ee6d621249
  custom:scripting/monoscript/fileName/OverlayRect.cs: 59d6887e4803f8a44ffaa0409470e410 -> 
  custom:scripting/monoscript/fileName/ConfigurePartialWorkspace.cs: 309d4276b0164b05348aedbd51cc0b2f -> 10fcc6b6d43dd5ed36c43c6f7b5906c4
  custom:scripting/monoscript/fileName/ValidRepositoryName.cs: 43c262be3f66a970816e3d3a3ee8872a -> 56bcf92a3678f6ad6215cae2e4914cfd
  custom:scripting/monoscript/fileName/OtherOptionsFoldout.cs: eea27b9873519c1ea7c35b8afc1b7947 -> cc8f3a7680050422963ebd2bf169a841
  custom:container-demuxer-webm: 4f35f7cbe854078d1ac9338744f61a02 -> 
  custom:scripting/monoscript/fileName/GetPlasticShortcut.cs: 2a84c035152261f00e7e66eb44cd0ffa -> 5c2b7bf07ddd2284efc64b09ef0f1f72
  custom:scripting/monoscript/fileName/ApplyShelveWithConflictsQuestionerBuilder.cs: e109c624745dcc4304c557872b253808 -> 02e4256f31bc905362a382e31c3387eb
  custom:scripting/monoscript/fileName/GuiEnabled.cs: 1b1658fd7715b5cc664c10a130c6b629 -> 7bb13fcc8d8cbd392e00f7232841f086
  custom:scripting/monoscript/fileName/BuildPathDictionary.cs: 943911b84162d26cea47f964f9a0a399 -> 9fabc7cc73fcfc50b8a3307c6aa6ec4d
  custom:scripting/monoscript/fileName/FindEditorWindow.cs: 2bb64182aef631315344623cf583c78a -> 8c3c78bb7e82ac5008f8a2b8a0d68cff
  custom:scripting/monoscript/fileName/ShelvePendingChangesDialog.cs: 47aa4c07d31152c0c1eff64d2ba76cc6 -> 86b1f48b5fbaffa67e939e7f404062e6
  custom:scripting/monoscript/fileName/DrawProgressForViews.cs: c153245b67af73b7ee03f693a1127796 -> 068a172cb549ad77d9873d721698bd0d
  custom:scripting/monoscript/fileName/UpdateReportDialog.cs: 706e7e86547c339cdb3a4462e3f7a54d -> 087837d8f73228f1a817d0de82c77260
  custom:scripting/monoscript/fileName/UnityMergeTree.cs: f81f2d7551ab855fe9dc724f3f2e2892 -> 59edaa0a4669bbcb540a261166adc144
  custom:scripting/monoscript/fileName/CycleMoveMenu.cs: 91c21a0be9b3727d7673f94321029c52 -> b3993a7306fc941f55ca963833965729
  custom:scripting/monoscript/fileName/HistoryListView.cs: 527da2d093462f1c4a278d6957e7d5ac -> 7b2d1d2c12ab43d9d244e35197127919
  custom:scripting/monoscript/fileName/ChangeTreeViewItem.cs: 506ed128854137d9f75f9e3d2576a06b -> b0a38ce0a620643c776a3db4fd91bc4c
  custom:scripting/monoscript/fileName/BringWindowToFront.cs: 88b20f2a2881db6a013f54923d68cdee -> a30c7c1ba746c6d277a5aedd3057d15e
  custom:scripting/monoscript/fileName/ShelvesViewMenu.cs: 947ea245959bf421539573511c3a0058 -> da5dc74b3444288f443961ecab7245d6
  custom:scripting/monoscript/fileName/LaunchCheckinConflictsDialog.cs: 4417eba1591eccb2221bfdce0106c1e0 -> e2c1e3f8f4e14a62e4363fe6259adbc2
  custom:scripting/monoscript/fileName/ParseArguments.cs: 03c1a4d7e357164ca313a0019713c3db -> ae915d9f5fe287ced40627c9ca8bfafd
  custom:scripting/monoscript/fileName/ExternalLink.cs: 685ff1dd6f55eb61a1fd8af84a2aa7f5 -> a8ff952d8c27d10f226ab92b7aa83b69
  custom:scripting/monoscript/fileName/WaitingSignInPanel.cs: 247680fcfc6a176b9fa28a3df600a754 -> 7585e1c7111b6b900784e6d1c9454258
  custom:scripting/monoscript/fileName/OperationProgressData.cs: 0db72349eeecbe9449a517b1d79cc760 -> 15f68712baaea535af36d9e0333c0a6e
  custom:scripting/monoscript/fileName/RepositoriesListHeaderState.cs: c0353a1af15ae4fd3d5a2a3cac816423 -> fb71b961ab7c924511a6b0e8680b60ee
  custom:scripting/monoscript/fileName/ClientDiffTreeViewItem.cs: 56be9d3aa410e770e75de2d8b93be89d -> 43bdd7aa5bf1aa039a5b572c119c38d0
  custom:scripting/monoscript/fileName/CreateWorkspaceView.cs: c40bc4c8524ef3e2374ef997beb2e4a6 -> 9ae2295080d141c0f12d02a71014e11c
  custom:scripting/monoscript/fileName/CommandLineArguments.cs: 0d20ca25f94249586a7c1484c469d8a2 -> 48a62ad3f817c0269ea7fc4a53799594
  custom:scripting/monoscript/fileName/DownloadRepository.cs: 46fc68d9cc4da8e8ed765ff28b2dd438 -> 5bad8d3f76a3fcb41a94637e37c11ab0
  custom:scripting/monoscript/fileName/ParentWindow.cs: 2476d8a6ba9c3055f984ac9792cae61a -> d6aa079e592e01701c5baa3ab98898bc
  custom:scripting/monoscript/fileName/OperationParams.cs: 091a140b35535b91c773ddf98925322d -> 3312c7a4424a66ffbf2f88f056f329aa
  custom:scripting/monoscript/fileName/SignInWithEmailPanel.cs: a5823728eb62cf6dbd8c933c1cb26f53 -> 6e8957c0ed7609303e68389067e72d72
  custom:scripting/monoscript/fileName/LaunchInstaller.cs: f9b7c99441bc32980ce9b95be066824b -> b75efdf5909b501e06cacd9c66f75981
  custom:scripting/monoscript/fileName/GetWindowIfOpened.cs: 84a2356c61155912908cf98a62600c22 -> fd8bfd1a9b371371ebbff48e377726f9
  custom:scripting/monoscript/fileName/AvatarImages.cs: ea6dca998cf0ec5122553a9e010ef687 -> 3aa8c25a350843151ec4070c820c411a
  custom:scripting/monoscript/fileName/DrawUserIcon.cs: 2f65feb9bed897237f97fbf9c5479092 -> 7d5385bf780ae84e648a8b49f8fe0825
  custom:scripting/monoscript/fileName/AssetStatus.cs: b9ea657347f2c22e8e401cdb256c516c -> e017010009bdb28bcb0d7d8ef05e7dd9
  custom:scripting/monoscript/fileName/TreeViewItemExtensions.cs: d22abf8de7a9ab0e852b869a652f100d -> 6849c47ffa8623d630ef12f76bd49905
  custom:scripting/monoscript/fileName/BranchesListView.cs: 334a3fb302f855f71fb71520fb442a71 -> 3f5ed9fe5a1bca512014ae1600ee1666
  custom:scripting/monoscript/fileName/DrawGuiModeSwitcher.cs: 363adc150c5f1c5059a678f179906090 -> d3be34a3134d3fe80ef6b14d0d519128
  custom:scripting/monoscript/fileName/ReviewImportTrigger.cs: fe35605b21ab60185d0380e7106c01fe -> 
  custom:scripting/monoscript/fileName/UnityMenuItem.cs: 5f445176ad3735e69769d93250663be7 -> 73f3c859f1b5092ad362c09e23b3a922
  custom:scripting/monoscript/fileName/WebRestApiClient.cs: 8ab6ae74a3793a3375cc48f328048a82 -> 746756fd499dddd02a4e7ccdbac48be3
  custom:scripting/monoscript/fileName/ShelveListViewItem.cs: a37862556d04b25f75804d991e109d87 -> 373418f0ae11fc25a26ff7fe4f472006
  custom:scripting/monoscript/fileName/OpenPlasticProjectSettings.cs: 5a86fd454f7c9f74b62653e269818d3f -> 
  custom:scripting/monoscript/fileName/PendingChangesOptionsFoldout.cs: 2a2f5a0ba87bd75c4475236a9a012016 -> f9e651bcc5d4441496c88ab59a32f360
  custom:scripting/monoscript/fileName/IncomingChangesTreeView.cs: d8c19bc81b07c04d7721396d2821d297 -> 96479648d4498738733254eb4e4c6fb5
  custom:scripting/monoscript/fileName/GenericProgress.cs: 11287c7d038c487f32d0c8edc476a32d -> 8492ec26f01fc248d3eb3c2f5b3b6c0f
  custom:scripting/monoscript/fileName/ShelvesListView.cs: 0763e4076b11a683fa148282680085c0 -> 01c1f087b2f83b458da6b8ad18736606
  custom:scripting/monoscript/fileName/MergeCategoryTreeViewItem.cs: c1ecd9dc0cd73eb7eb129994dedc1a91 -> 6bd59fcbfeafe06987a54631991d755b
  custom:scripting/monoscript/fileName/CheckinDialog.cs: 1709b78fae1329cc05fd4f39334b25f5 -> 702fdb8d0a3b4bfcb9ba109e71325cad
  custom:scripting/monoscript/fileName/SortOrderComparer.cs: 8f6297df34271fdb1ce2d9607ec6261d -> 90647cc400823b41df847a6cbfc29026
  custom:scripting/monoscript/fileName/GUIActionRunner.cs: 69af7de0762ed6d085feb4cc4b5101b3 -> 4a0608de635b0d82868d57923d68eff7
  custom:scripting/monoscript/fileName/PlasticMenuItem.cs: 30c3a785b4c2607e2ae9aad693d5f604 -> 
  custom:scripting/monoscript/fileName/PendingChangesTreeView.cs: f3722f38014385705913f17dbe0f90c1 -> 17142d220a0a50a3f3d184c4718a0da7
  custom:scripting/monoscript/fileName/VCSPlugin.cs: 69c1b7249af35f35848ae707bd5e7113 -> 
  custom:scripting/monoscript/fileName/GetClientDiffInfos.cs: 4ae14b15e2cf5177a84735548a44cdc9 -> f8db8e637ded2d5e935a953a13b85ebe
  custom:scripting/monoscript/fileName/DrawActionButtonWithMenu.cs: d7f31944358aed2f3ed3982246fca039 -> 8d4f5edd02a1dd0f38c4f2baf5ee8a33
  custom:scripting/monoscript/fileName/ErrorListViewItem.cs: 9bf59c82e9c9992a012a3eb2b6c2bfe5 -> 509edc26860f8be303ec97d68aabc30d
  custom:container-muxer-webm: aa71ff27fc2769a1b78a27578f13a17b -> 
  custom:scripting/monoscript/fileName/EditorProgressControls.cs: b1f133fa38afd918d537a72574fc93a0 -> 2e606eb01a6e6a567f3de9a0379ed3ae
  custom:scripting/monoscript/fileName/BranchesListHeaderState.cs: d47f1164fa7093137db851c4c16ffba3 -> 82eab21603f4efc696334ee80641c2c9
  custom:scripting/monoscript/fileName/DrawSearchField.cs: b11b864a92c7d76f85d4ec87d6faf61c -> 3de70beba9f4447205d50241d95b066a
  custom:scripting/monoscript/fileName/PendingChangesTab.cs: c99065f3c85ec85c85ece2a1a30665af -> 15ae6787065f4af65778e981f418a60b
  custom:scripting/monoscript/fileName/MergeTreeHeaderState.cs: d266e9dd03ced7ec66ad3688e5f18f26 -> 6293ca7f65e9641fcbe12100e705a990
  custom:scripting/monoscript/fileName/BuildGetEventExtraInfoFunction.cs: 1308a6936e8051866a117b3b7c2c7b77 -> 74bfc8c01f931108a3c2b127aa04cc8d
  custom:scripting/monoscript/fileName/ShelvesTab.cs: 88e0da7511313c57d3f51ba183c4d3fc -> fca0a219bdad45e636bd34724e5dc89d
  custom:scripting/monoscript/fileName/ReviewWindow.cs: 3f63ec647dfccbd08084116e1c6b7d19 -> 
  custom:video-decoder-webm-vp8: 9c59270c3fd7afecdb556c50c9e8de78 -> 
  custom:scripting/monoscript/fileName/WelcomeView.cs: 07e35bfe1faa2c52c049eb30958acd54 -> f06c185659ea2f4a75f9397861dc6096
  custom:scripting/monoscript/fileName/DeleteMoveMenu.cs: 39c593e854a9a8ae0e6d34ceb587fce1 -> 4d026cbabd8105e38661f97da078042a
  custom:scripting/monoscript/fileName/PlasticApp.cs: c440a0fb380601a77ad475d6c15d4fa1 -> c57de230d90beac7b586f10b9c7c6cb5
  custom:scripting/monoscript/fileName/ChangesetsTab.cs: ef408d8aaf89e01b17643ed0c836680d -> 46dde8f7856048792ad2e75490bb8c5e
  custom:scripting/monoscript/fileName/DeleteBranchDialog.cs: efbbc070bfeda2b746e8b15a4380cb26 -> 8549b0fc52962c89115fd78724fee578
  custom:scripting/monoscript/fileName/IncomingChangesNotification.cs: d7ac4b8f9ea939309b8ceb7f729100a2 -> caa8ea2c7336b9227381f0971759e01a
  custom:scripting/monoscript/fileName/DrawTreeViewEmptyState.cs: d4c16fd6aad8161eda7d99fd74cbb08e -> 
  custom:scripting/monoscript/fileName/ErrorsListView.cs: cc3142391037796392fcd3fe860891dd -> cd35171982f17897dd5148dda46e0956
  custom:scripting/monoscript/fileName/UnityPendingChangesTree.cs: fd6f0a038401268983bd9328d10dec93 -> f391d9a00dc9e202cee4d4ebcf6d21c0
  custom:scripting/monoscript/fileName/ClientConfiguration.cs: 5f5e47bfb7cedc7420d7e59c6d7ae6f0 -> 01b18b09a6dbb3756e1f42a5b64aab0f
  custom:scripting/monoscript/fileName/AssetVcsOperations.cs: 50ee89e011ba3d800b4e7a9a24aca7e1 -> 
  custom:scripting/monoscript/fileName/PlasticDialog.cs: b0aae1bf1889af041741f324070b7b84 -> 63a17a2b696bc2a13c9046aa16f8cea4
  custom:SearchIndexIgnoredProperties: e643bd26f0fe6173181afceb89e7c659 -> 
  custom:scripting/monoscript/fileName/AutoRefresh.cs: 9d30d5d3f0e8985355be1ab597da1dbb -> 0a8afde180a876655ad16caa14493409
  custom:scripting/monoscript/fileName/PlasticPluginIsEnabledPreference.cs: 7953272c37f4a828a3d1096e7479f346 -> 
  custom:scripting/monoscript/fileName/GetRelativePath.cs: 9b16eb2de9e98b392077181cc34243c1 -> ab04ae5e0cafb93ebf5c96148bb52df0
  custom:scripting/monoscript/fileName/UnityEvents.cs: 253411328de37811883aded592b97268 -> c830e584565fcd66ca0d5a23ad8b9bd6
  custom:AudioImporter_EditorPlatform: d09bf68614088b80899f8185d706f6e7 -> 
  custom:scripting/monoscript/fileName/DeleteChangeMenu.cs: 540c783b689e4d6a4a383862455d5d39 -> bfa368dc06e11abcc107d6f80c7c19c5
  custom:scripting/monoscript/fileName/SelectNewCodeReviewBehavior.cs: df6e8e132199ea6ec467c9bced11011d -> a16edf3a8c3e5ac26863e890f68fd937
  custom:scripting/monoscript/fileName/DockEditorWindow.cs: 581124d5e19667105f2446d6dfbf7982 -> a9e5e467234133af999283610b6e84e6
  custom:scripting/monoscript/fileName/ProjectPackages.cs: e247c98bd45807b228765f9a94d82145 -> 9e9e13e39b2e9718b602503b87245c18
  custom:scripting/monoscript/fileName/BranchesSelection.cs: 7eb1fcb556f0fad697e4ec9d989be099 -> 33b36e7b03910960966036894ec90c7c
  custom:scripting/monoscript/fileName/SaveAction.cs: b68fbb4319dbb368959c40781b39fdf8 -> 27c387bb58f3a69b0c9ff60d2209e18f
  custom:scripting/monoscript/fileName/AutoConfig.cs: 6c4e7f9dc55323aa1299debfe9723aa6 -> bf4bbd2f2e752464ef51dbf102faed17
  custom:scripting/monoscript/fileName/DiffPanel.cs: 02288a38bd14cc2b52a25b302a6f154e -> 210366dab3631628227b9406f87a9b7f
  custom:scripting/monoscript/fileName/PlasticAssetsProcessor.cs: ff731c8aacf4a537dc74c7cf9eaeaed0 -> 
  custom:scripting/monoscript/fileName/DrawActionToolbar.cs: 52293cb82089e0370f52e257f41c0869 -> e05748a99799f26304c1bbafd90f703b
  custom:scripting/monoscript/fileName/TreeViewItemIds.cs: 7d654a2b5b3a10da3e7d8472196e96d1 -> 0cdf409b5aa8d4c25876d72b5c6a3b60
  custom:scripting/monoscript/fileName/EditorVersion.cs: 70953c9eccf7726f70c672a9a51619e9 -> 698aba075b19a52a056d67a7b809d179
  custom:scripting/monoscript/fileName/TeamEditionConfigurationWindow.cs: d06f049421c16e5927ec29f770917e09 -> e53b1ca5561894aaeff930afb696d001
  custom:scripting/monoscript/fileName/ProgressOperationHandler.cs: 5fbb4e0f656dcfaa4498bd2e492e4710 -> ec62666c0ca1649dd33cc6bc6834c6f7
  custom:scripting/monoscript/fileName/UnityPlasticTimer.cs: 961fdb6492c99b4a3eadbed28e78c4b0 -> 6c887e722e951c2964523825cad70c4c
  custom:scripting/monoscript/fileName/TreeHeaderColumns.cs: 9fc4a0396a421346b8aa3b7788860851 -> 316e5ea62e66b20fd6e687a6b9e5958e
  custom:scripting/monoscript/fileName/MergeOptionsDialog.cs: 25ac62df73845405e13f44e4dfdcf0d1 -> 9250ce23d260ab84f87bd5899c6cf983
  custom:scripting/monoscript/fileName/AssetFilesFilterPatternsMenuBuilder.cs: 8fe5de6e5dc3d42fb7e95de2aaedbf5a -> 0d99e7514c6a33cda8314deed8f34bc5
  custom:scripting/monoscript/fileName/MergeTreeView.cs: 143a828a1a236483d3cdc1d010ce9d51 -> 3feb38cec50d3fc7576ddbf07a9a9ce8
  custom:scripting/monoscript/fileName/PlasticNotification.cs: 3629fdff9f054b2013702f5b131b2c47 -> 
  custom:scripting/monoscript/fileName/ConfirmContinueWithPendingChangesDialog.cs: c0e147ff008a0b77c9337132a3ea70af -> 77462b1904ad8f6fee2f8da4523d59fe
  custom:scripting/monoscript/fileName/ShelvesListHeaderState.cs: d3cea237aa496a145829475430d90f29 -> 287f23cbe09ecb9b28ec8dd05ede8846
  custom:scripting/monoscript/fileName/ChangelistTreeViewItem.cs: a4a6f6169cdb3afe249e104e2b7b1a2c -> 87f69636be8bd1a264ec4eac1bffa701
  custom:scripting/monoscript/fileName/CollabPlugin.cs: bda741ff77a19affbf276298e29313ec -> ca276d65e7cd77c5c99d9f119ffdb215
  custom:scripting/monoscript/fileName/TabButton.cs: 757146b89ed597b1d75c77241e5d5f63 -> 
  custom:scripting/monoscript/fileName/LaunchTool.cs: 3ac53c8af1f56365aad9e1ae5366d98d -> 60773d78646dc188d4b2caca77f20b17
  custom:scripting/monoscript/fileName/RunModal.cs: 33b931100ee477e6812324eabaa2e837 -> c83ee2ef642c5d8b8dfd32f033bfc438
  custom:scripting/monoscript/fileName/BranchListViewItem.cs: 8fdaa5aa842f5a70237affa304b9d506 -> 55028f4aef24d6227589aaa95582b2ff
  custom:scripting/monoscript/fileName/GetAvatar.cs: 07c98163f75f0b7c672bd453fc82bf61 -> 04ffae2a9e5a4c32a119f93144f558d2
  custom:scripting/monoscript/fileName/MoveAddMenu.cs: 81d47caeb9f49803adfe1627c8ce5bf4 -> 1fbfab870b2e95fdd8a81f6019f764df
  custom:scripting/monoscript/fileName/FindTool.cs: fc3b0710b24078288fe829d0bb041dd0 -> 2f9d82566cfb01fb68fc30111fb47624
  custom:scripting/monoscript/fileName/ChannelCertificateUiImpl.cs: 75d7831ab5da75cc0082e28863abb142 -> cefccf1e13b7bcf15e3c9f2dd4cd2fc8
  custom:scripting/monoscript/fileName/ApplyCircleMask.cs: 02eb67e485278e7c9b719fee5ff90f4a -> b955b378d261fdcbd6272fe8711d1e4f
  custom:scripting/monoscript/fileName/AssetMenuOperations.cs: 131bfc7279b97eba576abe13a47f8f91 -> ebcce67603e288b4a84d49287db6ef5a
  custom:scripting/monoscript/fileName/ShelveAndSwitchOptionsFoldout.cs: 676902ec49ff9c5abb2a832f067966e8 -> e7b216a23869eafb9aecd00a8905fafa
  custom:scripting/monoscript/fileName/VisualElementExtensions.cs: cd98f4a51563fccdfc39eed097290325 -> 0aad2728225c469038631668406aebb3
  custom:scripting/monoscript/fileName/LocksSelector.cs: 70b046a562568fd78d093736e68a3a58 -> 7b0f4fc5552c1d92ba7f4648526ceb21
  custom:scripting/monoscript/fileName/ListViewItemIds.cs: 8f6297df34271fdb1ce2d9607ec6261d -> 90647cc400823b41df847a6cbfc29026
  custom:scripting/monoscript/fileName/CreateWorkspaceViewState.cs: 1deb37b3c17c224d9a7dca9c990ea191 -> 0fe23b7cca9336b31a27790c714de652
  custom:scripting/monoscript/fileName/MergeLinkListViewItem.cs: ebc1e6f9e3a3005d8f4c51a794adfdaa -> 3fa407d29597803190dd374d88ed170d
  custom:scripting/monoscript/fileName/DrawCommentTextArea.cs: ad5449f632fd412ac0f7ba0d171fd453 -> c58c26552f95f108a8d9610eaf001fbc
  custom:scripting/monoscript/fileName/ErrorsListHeaderState.cs: 9141660c9776c5dac5f980fd03a672a8 -> b961336a4a43551eb826f97c57673007
  custom:scripting/monoscript/fileName/MergeViewDirectoryConflictMenu.cs: d45972e8b5f74223c607a4daa895ff3d -> fad8e1937fc14fd75ca21a68ee1037b8
  custom:scripting/monoscript/fileName/RefreshAsset.cs: 4479d2949a66a97f66d1e550067f3767 -> 5a15c606785f1f54a697bb0d0d846dfb
  custom:scripting/monoscript/fileName/BoolSetting.cs: d67f952c3a5976591f3e9a9e7356bbab -> 12bf039ccd38b0f4ccfffbec3cbbf108
  custom:scripting/monoscript/fileName/CreateChangelistDialog.cs: 774371d4233cc1d394d98dc80507a1f8 -> 386b03e27c951c5f1d63daf7aae486ca
  custom:scripting/monoscript/fileName/HistoryListViewMenu.cs: 15a489e494f04a7ea37a587c7601070e -> 29770348599c8d5473b78d72e5741b40
  custom:scripting/monoscript/fileName/MergeViewFileConflictMenu.cs: d7362b83d6b320a0f0ceaf99dbe21727 -> 8fc0f292158abfa71c2c7b3b6f38d32a
  custom:scripting/monoscript/fileName/FilterRulesConfirmationDialog.cs: 5186d89f21d03764f0cca01c2a0122d7 -> 9c91c6c91f20e6d013a753f32343b327
  custom:scripting/monoscript/fileName/ChangesetsSelection.cs: d154d1782ed752b83834c54a0bde3df9 -> 8b9d539af9f7e269bac4e3d79e9ffab8
  custom:scripting/monoscript/fileName/AssetPostprocessor.cs: 96208057b904410715a8df295ba4f8f4 -> 
  custom:scripting/monoscript/fileName/IsResolved.cs: 67a72533af97b9ab7830798057ab806c -> f54a3e2c5134aa4306f9ad150b1911a9
  custom:scripting/monoscript/fileName/LocalStatusCache.cs: a558fcf5f34357bab4cfc7b75e2bb356 -> 30974ea30517fbfd1b93153f6c849a76
  custom:scripting/monoscript/fileName/RepositoryExplorerDialog.cs: 143e7416b576681e1f2ea71288e530e6 -> eea34924da79ad7254f3e141a891c78d
  custom:scripting/monoscript/fileName/WorkspaceWindow.cs: ff52e13cd29dacd66db0169e14f71a23 -> b042f06133312d3bfed176231d97d77c
  custom:scripting/monoscript/fileName/BranchesTab_Operations.cs: 764cb17e9337c58ad4f5304b60b2042e -> 57c33f76c527a5aba4d269245ffff188
  custom:scripting/monoscript/fileName/DiffAndMergeOptionsFoldout.cs: 080cbf9242c0571bafa2e45ef8932448 -> 2810bae564e92b04bc7ebe4e47a2880b
  custom:scripting/monoscript/fileName/PlasticShutdown.cs: a8df8eeeed98372d06e446171a192a6d -> 
  custom:scripting/monoscript/fileName/FilesFilterPatternsMenuBuilder.cs: 28072cd275c96994687e6d4d0d6e1dff -> cf716a8d336c8113475a9ca67a799ec1
  custom:scripting/monoscript/fileName/HistoryListViewItem.cs: 2d3b1fc954b6bdbae298ec250ade0663 -> 96f2b67ec620b83e35d13f11877e1ac1
  custom:scripting/monoscript/fileName/RemoteStatusCache.cs: 00463e6b90cfe7da080d7c266f783980 -> 402d5663f3675e9324c129274b0c00f2
  custom:scripting/monoscript/fileName/EditorWindowFocus.cs: 1012e4e2e29e9b29bdcc03d8b92762a8 -> f258b0cf85078a7435d001e522d5e8e3
  custom:scripting/monoscript/fileName/EnumExtensions.cs: 24df84756ec75feecd53a80a0991ea16 -> 872fcb89b813d64606e680211dede528
  custom:scripting/monoscript/fileName/NewIncomingChanges.cs: fc48261878ef7e4b956e7172f5803aee -> 
  custom:scripting/monoscript/fileName/IsExeVersion.cs: 093723a3ef9cbad630dfdc60c764eff0 -> 9ef63354090e3419637bfe79e3489687
  custom:video-encoder-webm-vp8: eb34c28f22e8b96e1ab97ce403110664 -> 
  custom:scripting/monoscript/fileName/UnityIncomingChangesTree.cs: f774bb8bf0bd45a254894c795843c695 -> 42967773c43d3de5d23be4ddc6dfd9c4
  custom:scripting/monoscript/fileName/UnityDiffTree.cs: 447fc3a8922f56330f4bae8c9dc9a8be -> 1029ffd567bc0e646e6b119719dcb2ff
  custom:scripting/monoscript/fileName/TreeHeaderSettings.cs: 114eb9e27124403e8e111494b8eaf987 -> 662b1714c0fce36da72bbfe60201987a
  custom:scripting/monoscript/fileName/UnityConstants.cs: 323df5e3c80d05e06517581c776fde34 -> e3d3c3e11a194da9e5bbbfb97087a7bd
  custom:scripting/monoscript/fileName/IsExeAvailable.cs: 3e4283303610c884e542b8f6d3e922d4 -> 4a3dbc5ded94087064afd97407f26631
  custom:scripting/monoscript/fileName/LoadedTwiceMenu.cs: 961f9b82936caa7937046ac23d323c2c -> b54aa2e14eb740621bb6f926af7cb8ef
  custom:scripting/monoscript/fileName/AutoLogin.cs: e67ed70aada38469aeb667115929c368 -> b4cb98371fc38cca00d7123b7e649e12
  custom:scripting/monoscript/fileName/DrawMergeOverview.cs: 1db93bf179b38015949e3a3cb6ef1bd3 -> 49e0e525c3c170f79c20dc6779b7ead8
  custom:audio-decoder-ogg-vorbis: bf7c407c2cedff20999df2af8eb42d56 -> 
  custom:scripting/monoscript/fileName/UpdateReportLineListViewItem.cs: a101f0ba5292fc139445870b3f4af838 -> 9f63395e1ea590dbbab4d59cd0032ac4
  custom:scripting/monoscript/fileName/DrawSplitter.cs: ec7e8739eacabcca3e2946d9833eea0f -> d2f114a8e8e4167f7762d835a83b2f55
  custom:scripting/monoscript/fileName/LaunchDependenciesDialog.cs: e1c527862a66e73f0417ae177d7fdfb5 -> 2cabf22eb95430074b6c730a84e03493
  custom:scripting/monoscript/fileName/CredentialsResponse.cs: 96b135ae1c4ea541dc762170ea524fa9 -> 3dd2507693e56dac75ee7783f598cbb9
  custom:scripting/monoscript/fileName/LaunchDiffOperations.cs: aeae601320588a70eea7590a2f7e0f69 -> 871a0804a9fe2d9f2ad088303a89a63e
  custom:scripting/monoscript/fileName/PlasticSplitterGUILayout.cs: 4cfaefa1a850aceff54713912c4a2bda -> 111849f67dfbfea65ad2a9298ad1654d
  custom:scripting/monoscript/fileName/CheckinDialogOperations.cs: 0b2a2cd4c41cf1865a29cf91b2a96a48 -> d032d69e8060311c06b88286e8f22ddd
  custom:scripting/monoscript/fileName/PendingChangesViewMenu.cs: 68fab310addfd7068cfd7920070496ff -> 9b0019b6df6bb14eb3a2dbafa53fb54b
  custom:scripting/monoscript/fileName/AssetsSelection.cs: 35cec24e81f0cb1de51daeb356abc4ff -> 0227d7ff4d5687932d10967a945a9b06
  custom:scripting/monoscript/fileName/EnumPopupSetting.cs: 8f6297df34271fdb1ce2d9607ec6261d -> 90647cc400823b41df847a6cbfc29026
  custom:scripting/monoscript/fileName/PlasticConnectionMonitor.cs: 920e8e381bfc94da8bb69d336dda57ca -> 
  custom:scripting/monoscript/fileName/HistoryListHeaderState.cs: 6226ef13a567fa81584864f8698be331 -> a87e0364d14866c369ad50d669bdfa85
  custom:scripting/monoscript/fileName/EnableSwitchAndShelveFeatureDialog.cs: 2cb9334d072aaff777efab2d72a2583e -> 03bdf2f298649e7c429ac90c7a3c461a
  custom:scripting/monoscript/fileName/CloudEditionWelcomeWindow.cs: c886fdb39f4b8787e6ea3701a8f88f4a -> b1721e471183956468462f6b64901640
  custom:scripting/monoscript/fileName/AssetsPath.cs: 367269acf8f676d2cdd30fdc387b3920 -> e0e986124adc46d913f0683c34b88c9f
  custom:scripting/monoscript/fileName/MetaPath.cs: 1f80313a7ce6ec6ece505285578f5745 -> 417a84eb354831f828a6752b26c8592d
  custom:scripting/monoscript/fileName/CredentialsUIImpl.cs: 90e9c2de8d7bdd8424e0d89c415108ae -> dbacf67c37819fd95562fe169e706732
  custom:scripting/monoscript/fileName/ChangesetsViewMenu.cs: b720f0168f4ce1b1e0d358a6d5ec9a42 -> 7d1a2de81910b5990e71a0bfff26fdca
  custom:scripting/monoscript/fileName/UnityPlasticGuiMessage.cs: 2a7f71f59c0d7dc731fd345a3713957c -> 24eef0792e3802809607a7f9d04b8f1d
  custom:scripting/monoscript/fileName/OrganizationCredentials.cs: ee462057b3bd23cc3dab953ac4d656e2 -> 0b123406cadd651e9adc01c85fab5124
  custom:scripting/monoscript/fileName/StatusBar.cs: 2c8c488a8bbfe924f6b53b202ff6aadd -> 
  custom:scripting/monoscript/fileName/IsCurrent.cs: 7343ceec4312304bb8b398eeb6c375fa -> cf1fd01890d0fd9f011c1a1a491e2cf0
  custom:scripting/monoscript/fileName/ChangesetFromCollabCommitResponse.cs: b986ab8b1acd322b0367812e2d541734 -> ba336e4117e1b7ee28e4c17197bc3d0e
  custom:scripting/monoscript/fileName/MoveToChangelistMenuBuilder.cs: 3a2ef8cb0baf69e5dadeafc731fe32a9 -> a90b3e388d3e1316fa104d4c9a03e2d1
  custom:scripting/monoscript/fileName/LoadingSpinner.cs: b3299af90b664a9f42123e7df43fae24 -> 6aff0ac022d117a8e24a7b5e4b11904c
  custom:scripting/monoscript/fileName/LocksTab.cs: 134c512484ae73354c15c06a6dc69f9f -> 00ffb5a39c16fdc2d733c7e53471a3a9
  custom:scripting/monoscript/fileName/BranchesTab.cs: 764cb17e9337c58ad4f5304b60b2042e -> 57c33f76c527a5aba4d269245ffff188
  custom:scripting/monoscript/fileName/ToolConfig.cs: 18b1ea271ce5e7b6deea7b4e8e175269 -> fcffc3165b047f54ed6ccafa4c8760dd
  custom:scripting/monoscript/fileName/DropDownTextField.cs: e66e7314096900597993d2b353757d8d -> c8fc484ce140049ff31ebc2c6cbebf28
  custom:scripting/monoscript/fileName/AssetsProcessor.cs: 47679a6e15b70f4fef48eb1b2df31b19 -> 18737889e95cd4088e8dfd4153fa8f40
  custom:scripting/monoscript/fileName/DrawActionButton.cs: d847a7d82ac92cab2b3d0ae268cefb3d -> 81e6708d2b8fa199354e53f85db731a8
  custom:scripting/monoscript/fileName/TableViewOperations.cs: ddc7b903e0dbd6bd109f2bd709b95f0e -> bef3a31deb1fe794a90f767d16e4c868
  custom:scripting/monoscript/fileName/UpdateProgress.cs: 5b04f01bf199310f09ab9522f89c78f4 -> 281e1e05168d6a30be1d8d2f6200bef8
  custom:scripting/monoscript/fileName/OrganizationsInformation.cs: b3f0758c6655b2dad1161792812992fa -> 5f067ea8d90fc79055a3dcfd58ae6dca
  custom:scripting/monoscript/fileName/ChangeDeleteMenu.cs: 652dcd6f863c509bfa0376b6d95ab1ec -> 4fefe66d6e279ce0ac2fdc57d409f232
  custom:scripting/monoscript/fileName/SubscriptionDetailsResponse.cs: e10e0299ef716630c63b8cf5f792cda0 -> e5121cec860a6d1097cc809217b3d8fe
  custom:scripting/monoscript/fileName/DrawProgressForDialogs.cs: 5f8d39e3ea7c4a42148c6b1a7b4ca061 -> a5f2abd8875e7a6afbc171fabfbae81f
  custom:scripting/monoscript/fileName/ToolbarButton.cs: 47dc767626bbd94d66707af31ddc5eb6 -> 
  custom:scripting/monoscript/fileName/ProjectViewAssetSelection.cs: 349dc288d32791de51156d4e59000b7b -> 2560eadaf6a13a74a46a4a207cd5a8b6
  custom:scripting/monoscript/fileName/DrawTreeViewItem.cs: cceebc4f1185658619e40964f29acb08 -> 0921a62a588ab864253743d1f07afb5a
  custom:scripting/monoscript/fileName/DrawSceneOperations.cs: 2426c0c2ee58cd28be59874f6425940c -> d87f46f9fb97181a2f51490ea2e1efc3
  custom:audio-encoder-webm-vorbis: bf7c407c2cedff20999df2af8eb42d56 -> 
  custom:scripting/monoscript/fileName/DrawActionHelpBox.cs: dcd6ec2e7fb1b44f22c4a79ff87b70cd -> c8f6be9dab1e6f8d71e0c63c29679186
  custom:scripting/monoscript/fileName/PendingChangesMultiColumnHeader.cs: 21802cc6929e0e180fb4f0be8e34d9d0 -> 722de7d6e07a79981d750438e6febb8f
  custom:scripting/monoscript/fileName/EditorDispatcher.cs: c739e073a8c38dbcf59192f45d1004c5 -> 3c402eae57d73cc54863f3f6a13096ae
  custom:scripting/monoscript/fileName/MovedEvilTwinMenu.cs: ce111941dc7264d29598ce7fd2770927 -> d480b839850d28c1c9526cb587fc752d
  custom:scripting/monoscript/fileName/IIncomingChangesTab.cs: d4ceabdc48d8a1872bbe87f04d89a4ff -> 40644cd18074db84684b9e437bf8fa77
  custom:scripting/monoscript/fileName/GetChangesOverlayIcon.cs: f00e4b795697c6cf3092760f3b6fc49d -> d599d6efdee28305661bc0cf6683858a
  custom:scripting/monoscript/fileName/ShelvedChangesNotification.cs: 13b6a2ccd8b4ac1f5ee30c8404cea3b0 -> a27e9e7b242b904f41fc1b16d3a1b3fd
  custom:scripting/monoscript/fileName/EvilTwinMenu.cs: 475a88947051822ca4915306469f9bcc -> 919e4faae0573e49949f6dfbb5a733da
  custom:scripting/monoscript/fileName/ChangesetsListView.cs: caae0aefb36c869f50691482a5cd0944 -> 87b74e0d80cf59010f55e2baaeb6679d
  custom:scripting/monoscript/fileName/UpdateReportListView.cs: 2d8fccdaad50bbd7454b52cf9cb4a0f9 -> 08d26df1ab6c3a7628addc5e54e50b08
  custom:scripting/monoscript/fileName/UnityConfigurationChecker.cs: 59a8f0715a7c89a752351bf42f94abbd -> 874cd65cce0384fef4b60e71fb08a429
  custom:scripting/monoscript/fileName/CheckWorkspaceTreeNodeStatus.cs: 5e11ff64963669981115eb58dc2b6e8b -> 1e1255b803bf7cbc935bb804bf0dbe7b
  custom:scripting/monoscript/fileName/TreeViewSessionState.cs: 8333273b312d475b653610e2871c20a5 -> 9f39a2ca55a7481b8ba078d3a2b6815e
  custom:scripting/monoscript/fileName/ErrorsPanel.cs: 21fc210ee17d5e95782397ef8c7dafab -> 515b7ba9af5e7885ba3068b1d63c6104
  custom:scripting/monoscript/fileName/PlasticPlugin.cs: a57c142b98ca3d4daad221737fd72924 -> c64561980f26020cc3206ae8b1047268
  custom:scripting/monoscript/fileName/SwitchModeConfirmationDialog.cs: 4d9c02587760213784bfe53d012122b4 -> 30cd71d0b3ee4b2689cde689908d301e
  custom:scripting/monoscript/fileName/PlasticWindow.cs: fc467478941f610919bc69526ba2c215 -> 
  custom:scripting/monoscript/fileName/PlasticExeLauncher.cs: caa0b5dda5df50c85bb19d27252d16b9 -> f1da27253760250030952f02cb54965a
  custom:scripting/monoscript/fileName/BranchesViewMenu.cs: 8089f11c30784e2e57775dd6cdbae898 -> 7bfc83e917c9b0b5aa423bb947ce2a38
  custom:scripting/monoscript/fileName/CooldownWindowDelayer.cs: 7816cfcad485500dbac9993c4502ea69 -> 4c95e39c8dd4cfa1bca106097fdb6524
  custom:scripting/monoscript/fileName/GetInstallerTmpFileName.cs: fa7bda723ac795b48e38504727f44981 -> d09e0b5c7a9af5874530e17ef23025f0
  custom:scripting/monoscript/fileName/AssetModificationProcessor.cs: a602c9e59e7db185e3a0d68d986e6fef -> 
  custom:scripting/monoscript/fileName/IsCollabProjectMigratedResponse.cs: 4c3294c6a51e6f42161d191230692016 -> af2b76c693935deee55cfcaed2aa7568
========================================================================
Received Import Request.
  Time since last request: 41.473505 seconds.
  path: Assets/Prefab/MapSectionBase 1.prefab
  artifactKey: Guid(e2ef2caf5830b7a419a2a4553e0d37e2) Importer(815301076,1909f56bfc062723c751e8b465ee728b)
Start importing Assets/Prefab/MapSectionBase 1.prefab using Guid(e2ef2caf5830b7a419a2a4553e0d37e2) Importer(815301076,1909f56bfc062723c751e8b465ee728b) [PhysX] Initialized MultithreadedTaskDispatcher with 8 workers.
[PhysX] Initialized MultithreadedTaskDispatcher with 8 workers.
 -> (artifact id: '862c1a83530282b46ae128f6b624b1a6') in 0.086633 seconds
Number of updated asset objects reloaded before import = 0
Number of asset objects unloaded after import = 80
========================================================================
Received Import Request.
  Time since last request: 9.561602 seconds.
  path: Assets/Prefab/MapSectionVar2.prefab
  artifactKey: Guid(e2ef2caf5830b7a419a2a4553e0d37e2) Importer(815301076,1909f56bfc062723c751e8b465ee728b)
Start importing Assets/Prefab/MapSectionVar2.prefab using Guid(e2ef2caf5830b7a419a2a4553e0d37e2) Importer(815301076,1909f56bfc062723c751e8b465ee728b) [PhysX] Initialized MultithreadedTaskDispatcher with 8 workers.
[PhysX] Initialized MultithreadedTaskDispatcher with 8 workers.
 -> (artifact id: 'ac60e3298054f5acd0782d0662caff3c') in 0.016628 seconds
Number of updated asset objects reloaded before import = 0
Number of asset objects unloaded after import = 80
========================================================================
Received Import Request.
  Time since last request: 49.263821 seconds.
  path: Assets/Palmov Island/Low Poly Atmospheric Locations Pack/Materials/mat main.mat
  artifactKey: Guid(e5c8ac6092e78214fb866cab5f020f2a) Importer(815301076,1909f56bfc062723c751e8b465ee728b)
Start importing Assets/Palmov Island/Low Poly Atmospheric Locations Pack/Materials/mat main.mat using Guid(e5c8ac6092e78214fb866cab5f020f2a) Importer(815301076,1909f56bfc062723c751e8b465ee728b) [PhysX] Initialized MultithreadedTaskDispatcher with 8 workers.
[PhysX] Initialized MultithreadedTaskDispatcher with 8 workers.
 -> (artifact id: '6fc7188c347d4741e5acb66bb6e8bd91') in 0.035245 seconds
Number of updated asset objects reloaded before import = 0
Number of asset objects unloaded after import = 2
========================================================================
Received Import Request.
  Time since last request: 4240.573015 seconds.
  path: Assets/Palmov Island/Low Poly Atmospheric Locations Pack/Prefabs/Houses/japanes temple.prefab
  artifactKey: Guid(8c7536eb380866e45a18440ddfe3f716) Importer(815301076,1909f56bfc062723c751e8b465ee728b)
Start importing Assets/Palmov Island/Low Poly Atmospheric Locations Pack/Prefabs/Houses/japanes temple.prefab using Guid(8c7536eb380866e45a18440ddfe3f716) Importer(815301076,1909f56bfc062723c751e8b465ee728b) [PhysX] Initialized MultithreadedTaskDispatcher with 8 workers.
[PhysX] Initialized MultithreadedTaskDispatcher with 8 workers.
 -> (artifact id: '69da102b4d597224ea36231069a523f6') in 0.034785 seconds
Number of updated asset objects reloaded before import = 0
Number of asset objects unloaded after import = 10
========================================================================
Received Import Request.
  Time since last request: 1.210032 seconds.
  path: Assets/Palmov Island/Low Poly Atmospheric Locations Pack/Prefabs/Houses/Buildings
  artifactKey: Guid(0feef7d9284098841ad7157b42611ca1) Importer(815301076,1909f56bfc062723c751e8b465ee728b)
Start importing Assets/Palmov Island/Low Poly Atmospheric Locations Pack/Prefabs/Houses/Buildings using Guid(0feef7d9284098841ad7157b42611ca1) Importer(815301076,1909f56bfc062723c751e8b465ee728b) [PhysX] Initialized MultithreadedTaskDispatcher with 8 workers.
 -> (artifact id: '91bcdb0718df7cfe8c5872a30c6c9ee0') in 0.001031 seconds
Number of updated asset objects reloaded before import = 0
Number of asset objects unloaded after import = 0
========================================================================
Received Import Request.
  Time since last request: 0.255205 seconds.
  path: Assets/Palmov Island/Low Poly Atmospheric Locations Pack/Prefabs/Houses/Buildings/building.prefab
  artifactKey: Guid(b9faa0dad419dcb45b26b2026a46d25c) Importer(815301076,1909f56bfc062723c751e8b465ee728b)
Start importing Assets/Palmov Island/Low Poly Atmospheric Locations Pack/Prefabs/Houses/Buildings/building.prefab using Guid(b9faa0dad419dcb45b26b2026a46d25c) Importer(815301076,1909f56bfc062723c751e8b465ee728b) [PhysX] Initialized MultithreadedTaskDispatcher with 8 workers.
[PhysX] Initialized MultithreadedTaskDispatcher with 8 workers.
 -> (artifact id: '5372154f3dbe4555a8c567f915598566') in 0.025310 seconds
Number of updated asset objects reloaded before import = 0
Number of asset objects unloaded after import = 9
========================================================================
Received Import Request.
  Time since last request: 0.000030 seconds.
  path: Assets/Palmov Island/Low Poly Atmospheric Locations Pack/Prefabs/Houses/Buildings/building 4.prefab
  artifactKey: Guid(99a959b331b20104e8f364b0f5571029) Importer(815301076,1909f56bfc062723c751e8b465ee728b)
Start importing Assets/Palmov Island/Low Poly Atmospheric Locations Pack/Prefabs/Houses/Buildings/building 4.prefab using Guid(99a959b331b20104e8f364b0f5571029) Importer(815301076,1909f56bfc062723c751e8b465ee728b) [PhysX] Initialized MultithreadedTaskDispatcher with 8 workers.
[PhysX] Initialized MultithreadedTaskDispatcher with 8 workers.
 -> (artifact id: 'b1f3cf27161ac54e66efd1dd90eab698') in 0.027442 seconds
Number of updated asset objects reloaded before import = 0
Number of asset objects unloaded after import = 9
========================================================================
Received Import Request.
  Time since last request: 2.266525 seconds.
  path: Assets/Palmov Island/Low Poly Atmospheric Locations Pack/Prefabs/Houses/Wooden winter houses
  artifactKey: Guid(6059d96f0bc78fe469ba08e56c3eb28c) Importer(815301076,1909f56bfc062723c751e8b465ee728b)
Start importing Assets/Palmov Island/Low Poly Atmospheric Locations Pack/Prefabs/Houses/Wooden winter houses using Guid(6059d96f0bc78fe469ba08e56c3eb28c) Importer(815301076,1909f56bfc062723c751e8b465ee728b) [PhysX] Initialized MultithreadedTaskDispatcher with 8 workers.
 -> (artifact id: '41e0d880d47f93ec5be711f8c48f1ff4') in 0.000965 seconds
Number of updated asset objects reloaded before import = 0
Number of asset objects unloaded after import = 0
========================================================================
Received Import Request.
  Time since last request: 0.034047 seconds.
  path: Assets/Palmov Island/Low Poly Atmospheric Locations Pack/Prefabs/Houses/Wooden winter houses/wooden winter house.prefab
  artifactKey: Guid(28c5feb91521acb438135d1ac793ee23) Importer(815301076,1909f56bfc062723c751e8b465ee728b)
Start importing Assets/Palmov Island/Low Poly Atmospheric Locations Pack/Prefabs/Houses/Wooden winter houses/wooden winter house.prefab using Guid(28c5feb91521acb438135d1ac793ee23) Importer(815301076,1909f56bfc062723c751e8b465ee728b) [PhysX] Initialized MultithreadedTaskDispatcher with 8 workers.
[PhysX] Initialized MultithreadedTaskDispatcher with 8 workers.
 -> (artifact id: '6f42f85261201f8b14e22b72ac355d47') in 0.026751 seconds
Number of updated asset objects reloaded before import = 0
Number of asset objects unloaded after import = 10
========================================================================
Received Import Request.
  Time since last request: 0.000037 seconds.
  path: Assets/Palmov Island/Low Poly Atmospheric Locations Pack/Prefabs/Houses/Wooden winter houses/wooden winter house 3.prefab
  artifactKey: Guid(5550f54276c3c2341a0a96cc984a1003) Importer(815301076,1909f56bfc062723c751e8b465ee728b)
Start importing Assets/Palmov Island/Low Poly Atmospheric Locations Pack/Prefabs/Houses/Wooden winter houses/wooden winter house 3.prefab using Guid(5550f54276c3c2341a0a96cc984a1003) Importer(815301076,1909f56bfc062723c751e8b465ee728b) [PhysX] Initialized MultithreadedTaskDispatcher with 8 workers.
[PhysX] Initialized MultithreadedTaskDispatcher with 8 workers.
 -> (artifact id: '7e96cff861d384f5e485d090f962a7d2') in 0.025777 seconds
Number of updated asset objects reloaded before import = 0
Number of asset objects unloaded after import = 10
========================================================================
Received Import Request.
  Time since last request: 25.093623 seconds.
  path: Assets/Prefab/MapSectionVar2.prefab
  artifactKey: Guid(e2ef2caf5830b7a419a2a4553e0d37e2) Importer(815301076,1909f56bfc062723c751e8b465ee728b)
Start importing Assets/Prefab/MapSectionVar2.prefab using Guid(e2ef2caf5830b7a419a2a4553e0d37e2) Importer(815301076,1909f56bfc062723c751e8b465ee728b) [PhysX] Initialized MultithreadedTaskDispatcher with 8 workers.
[PhysX] Initialized MultithreadedTaskDispatcher with 8 workers.
 -> (artifact id: '71c8be4c39b95094777d394523ba210c') in 0.046495 seconds
Number of updated asset objects reloaded before import = 0
Number of asset objects unloaded after import = 255
========================================================================
Received Import Request.
  Time since last request: 10.701414 seconds.
  path: Assets/Palmov Island/Low Poly Atmospheric Locations Pack/Prefabs/Trees/Palm trees
  artifactKey: Guid(a7a064cb1ff749e459f0b07e7f790a6e) Importer(815301076,1909f56bfc062723c751e8b465ee728b)
Start importing Assets/Palmov Island/Low Poly Atmospheric Locations Pack/Prefabs/Trees/Palm trees using Guid(a7a064cb1ff749e459f0b07e7f790a6e) Importer(815301076,1909f56bfc062723c751e8b465ee728b) [PhysX] Initialized MultithreadedTaskDispatcher with 8 workers.
 -> (artifact id: '0f2439496846498fc49d68ddf04955db') in 0.001000 seconds
Number of updated asset objects reloaded before import = 0
Number of asset objects unloaded after import = 0
========================================================================
Received Import Request.
  Time since last request: 0.049389 seconds.
  path: Assets/Palmov Island/Low Poly Atmospheric Locations Pack/Prefabs/Trees/Palm trees/palm tree bent.prefab
  artifactKey: Guid(5370e8202e43bff4b9d4bdca6e624315) Importer(815301076,1909f56bfc062723c751e8b465ee728b)
Start importing Assets/Palmov Island/Low Poly Atmospheric Locations Pack/Prefabs/Trees/Palm trees/palm tree bent.prefab using Guid(5370e8202e43bff4b9d4bdca6e624315) Importer(815301076,1909f56bfc062723c751e8b465ee728b) [PhysX] Initialized MultithreadedTaskDispatcher with 8 workers.
[PhysX] Initialized MultithreadedTaskDispatcher with 8 workers.
 -> (artifact id: '0f7c4020602d844f59a12a1a267a6fce') in 0.032881 seconds
Number of updated asset objects reloaded before import = 0
Number of asset objects unloaded after import = 10
========================================================================
Received Import Request.
  Time since last request: 0.000027 seconds.
  path: Assets/Palmov Island/Low Poly Atmospheric Locations Pack/Prefabs/Trees/Palm trees/palm tree tilted.prefab
  artifactKey: Guid(4d2ddceca7cf22a40b5e057ba049dc66) Importer(815301076,1909f56bfc062723c751e8b465ee728b)
Start importing Assets/Palmov Island/Low Poly Atmospheric Locations Pack/Prefabs/Trees/Palm trees/palm tree tilted.prefab using Guid(4d2ddceca7cf22a40b5e057ba049dc66) Importer(815301076,1909f56bfc062723c751e8b465ee728b) [PhysX] Initialized MultithreadedTaskDispatcher with 8 workers.
[PhysX] Initialized MultithreadedTaskDispatcher with 8 workers.
 -> (artifact id: '727058c8c52dc8f5c046789b759fd12e') in 0.032310 seconds
Number of updated asset objects reloaded before import = 0
Number of asset objects unloaded after import = 10
========================================================================
Received Import Request.
  Time since last request: 13.421705 seconds.
  path: Assets/Palmov Island/Low Poly Atmospheric Locations Pack/Prefabs/Trees/Tree trunks/tree trunk.prefab
  artifactKey: Guid(3e485de8c926c8e40b046b351ef92c44) Importer(815301076,1909f56bfc062723c751e8b465ee728b)
Start importing Assets/Palmov Island/Low Poly Atmospheric Locations Pack/Prefabs/Trees/Tree trunks/tree trunk.prefab using Guid(3e485de8c926c8e40b046b351ef92c44) Importer(815301076,1909f56bfc062723c751e8b465ee728b) [PhysX] Initialized MultithreadedTaskDispatcher with 8 workers.
[PhysX] Initialized MultithreadedTaskDispatcher with 8 workers.
 -> (artifact id: 'f2e83103bebcd3ace1f1c555802adb10') in 0.032035 seconds
Number of updated asset objects reloaded before import = 0
Number of asset objects unloaded after import = 10
========================================================================
Received Import Request.
  Time since last request: 0.525956 seconds.
  path: Assets/Palmov Island/Low Poly Atmospheric Locations Pack/Prefabs/Trees/Autumn trees/autumn tree.prefab
  artifactKey: Guid(3258a18ee6f3e2b4d87f3f8894192741) Importer(815301076,1909f56bfc062723c751e8b465ee728b)
Start importing Assets/Palmov Island/Low Poly Atmospheric Locations Pack/Prefabs/Trees/Autumn trees/autumn tree.prefab using Guid(3258a18ee6f3e2b4d87f3f8894192741) Importer(815301076,1909f56bfc062723c751e8b465ee728b) [PhysX] Initialized MultithreadedTaskDispatcher with 8 workers.
[PhysX] Initialized MultithreadedTaskDispatcher with 8 workers.
 -> (artifact id: 'b2824eda09d4815ffb0fcd3eea5e5a5e') in 0.032790 seconds
Number of updated asset objects reloaded before import = 0
Number of asset objects unloaded after import = 10
========================================================================
Received Import Request.
  Time since last request: 0.000036 seconds.
  path: Assets/Palmov Island/Low Poly Atmospheric Locations Pack/Prefabs/Trees/Autumn trees/autumn tree 3.prefab
  artifactKey: Guid(4a8365cf1ca1e6740af25f627597c43e) Importer(815301076,1909f56bfc062723c751e8b465ee728b)
Start importing Assets/Palmov Island/Low Poly Atmospheric Locations Pack/Prefabs/Trees/Autumn trees/autumn tree 3.prefab using Guid(4a8365cf1ca1e6740af25f627597c43e) Importer(815301076,1909f56bfc062723c751e8b465ee728b) [PhysX] Initialized MultithreadedTaskDispatcher with 8 workers.
[PhysX] Initialized MultithreadedTaskDispatcher with 8 workers.
 -> (artifact id: 'f26f45bd77fbeb9e7d13650458f1c4b9') in 0.030303 seconds
Number of updated asset objects reloaded before import = 0
Number of asset objects unloaded after import = 10
========================================================================
Received Import Request.
  Time since last request: 0.000034 seconds.
  path: Assets/Palmov Island/Low Poly Atmospheric Locations Pack/Prefabs/Trees/Autumn trees/autumn tree 5.prefab
  artifactKey: Guid(fdd6d4ae17ed9cc4a81fbf1ed0d07384) Importer(815301076,1909f56bfc062723c751e8b465ee728b)
Start importing Assets/Palmov Island/Low Poly Atmospheric Locations Pack/Prefabs/Trees/Autumn trees/autumn tree 5.prefab using Guid(fdd6d4ae17ed9cc4a81fbf1ed0d07384) Importer(815301076,1909f56bfc062723c751e8b465ee728b) [PhysX] Initialized MultithreadedTaskDispatcher with 8 workers.
[PhysX] Initialized MultithreadedTaskDispatcher with 8 workers.
 -> (artifact id: 'bb7dd78bcb3991549b5fa6c388e2b39a') in 0.031385 seconds
Number of updated asset objects reloaded before import = 0
Number of asset objects unloaded after import = 10
========================================================================
Received Import Request.
  Time since last request: 102.298819 seconds.
  path: Assets/Palmov Island/Low Poly Atmospheric Locations Pack/Prefabs/Trees/Autumn fir trees
  artifactKey: Guid(babd0fef02962484cbae604ade4ba8a2) Importer(815301076,1909f56bfc062723c751e8b465ee728b)
Start importing Assets/Palmov Island/Low Poly Atmospheric Locations Pack/Prefabs/Trees/Autumn fir trees using Guid(babd0fef02962484cbae604ade4ba8a2) Importer(815301076,1909f56bfc062723c751e8b465ee728b) [PhysX] Initialized MultithreadedTaskDispatcher with 8 workers.
 -> (artifact id: '8934827a3c3e4c50260d9f73f299d7cd') in 0.001023 seconds
Number of updated asset objects reloaded before import = 0
Number of asset objects unloaded after import = 0
========================================================================
Received Import Request.
  Time since last request: 1.214201 seconds.
  path: Assets/Palmov Island/Low Poly Atmospheric Locations Pack/Prefabs/Trees/Autumn fir trees/autumn pine tree medium.prefab
  artifactKey: Guid(43c91a3a4907878408bb6d040a3579ab) Importer(815301076,1909f56bfc062723c751e8b465ee728b)
Start importing Assets/Palmov Island/Low Poly Atmospheric Locations Pack/Prefabs/Trees/Autumn fir trees/autumn pine tree medium.prefab using Guid(43c91a3a4907878408bb6d040a3579ab) Importer(815301076,1909f56bfc062723c751e8b465ee728b) [PhysX] Initialized MultithreadedTaskDispatcher with 8 workers.
[PhysX] Initialized MultithreadedTaskDispatcher with 8 workers.
 -> (artifact id: 'c922a8edfd12a4735bfd6dd9692c29c5') in 0.027223 seconds
Number of updated asset objects reloaded before import = 0
Number of asset objects unloaded after import = 10
========================================================================
Received Import Request.
  Time since last request: 1.071699 seconds.
  path: Assets/Palmov Island/Low Poly Atmospheric Locations Pack/Prefabs/Trees/Dry trees/dry tree.prefab
  artifactKey: Guid(3a4e8ac43566338479fa1676a1468d26) Importer(815301076,1909f56bfc062723c751e8b465ee728b)
Start importing Assets/Palmov Island/Low Poly Atmospheric Locations Pack/Prefabs/Trees/Dry trees/dry tree.prefab using Guid(3a4e8ac43566338479fa1676a1468d26) Importer(815301076,1909f56bfc062723c751e8b465ee728b) [PhysX] Initialized MultithreadedTaskDispatcher with 8 workers.
[PhysX] Initialized MultithreadedTaskDispatcher with 8 workers.
 -> (artifact id: '9e491894f0b2e03e2e24155ded7d9b61') in 0.024809 seconds
Number of updated asset objects reloaded before import = 0
Number of asset objects unloaded after import = 10
========================================================================
Received Import Request.
  Time since last request: 0.398478 seconds.
  path: Assets/Palmov Island/Low Poly Atmospheric Locations Pack/Prefabs/Trees/Fir trees/fir tree bent.prefab
  artifactKey: Guid(c69ef20c4f71f7842a9898e95730c433) Importer(815301076,1909f56bfc062723c751e8b465ee728b)
Start importing Assets/Palmov Island/Low Poly Atmospheric Locations Pack/Prefabs/Trees/Fir trees/fir tree bent.prefab using Guid(c69ef20c4f71f7842a9898e95730c433) Importer(815301076,1909f56bfc062723c751e8b465ee728b) [PhysX] Initialized MultithreadedTaskDispatcher with 8 workers.
[PhysX] Initialized MultithreadedTaskDispatcher with 8 workers.
 -> (artifact id: '1584ee9a6c1cff67b81f87c97db47943') in 0.027939 seconds
Number of updated asset objects reloaded before import = 0
Number of asset objects unloaded after import = 10
========================================================================
Received Import Request.
  Time since last request: 0.000022 seconds.
  path: Assets/Palmov Island/Low Poly Atmospheric Locations Pack/Prefabs/Trees/Fir trees/fir tree small.prefab
  artifactKey: Guid(a08b38462b90ed3449f224a9c8925b78) Importer(815301076,1909f56bfc062723c751e8b465ee728b)
Start importing Assets/Palmov Island/Low Poly Atmospheric Locations Pack/Prefabs/Trees/Fir trees/fir tree small.prefab using Guid(a08b38462b90ed3449f224a9c8925b78) Importer(815301076,1909f56bfc062723c751e8b465ee728b) [PhysX] Initialized MultithreadedTaskDispatcher with 8 workers.
[PhysX] Initialized MultithreadedTaskDispatcher with 8 workers.
 -> (artifact id: '4b4cda39b1e1d39538a3ac449a96779d') in 0.025154 seconds
Number of updated asset objects reloaded before import = 0
Number of asset objects unloaded after import = 10
========================================================================
Received Import Request.
  Time since last request: 0.000058 seconds.
  path: Assets/Palmov Island/Low Poly Atmospheric Locations Pack/Prefabs/Trees/Fir trees/pine tree large.prefab
  artifactKey: Guid(4c8714d231663104086cc27ef4d3d63a) Importer(815301076,1909f56bfc062723c751e8b465ee728b)
Start importing Assets/Palmov Island/Low Poly Atmospheric Locations Pack/Prefabs/Trees/Fir trees/pine tree large.prefab using Guid(4c8714d231663104086cc27ef4d3d63a) Importer(815301076,1909f56bfc062723c751e8b465ee728b) [PhysX] Initialized MultithreadedTaskDispatcher with 8 workers.
[PhysX] Initialized MultithreadedTaskDispatcher with 8 workers.
 -> (artifact id: '459bd2b91ad026f952bb009c7d26b126') in 0.032188 seconds
Number of updated asset objects reloaded before import = 0
Number of asset objects unloaded after import = 10
========================================================================
Received Import Request.
  Time since last request: 0.661038 seconds.
  path: Assets/Palmov Island/Low Poly Atmospheric Locations Pack/Prefabs/Plants/bush plant.prefab
  artifactKey: Guid(a2464b8e9b99b3d449869d62f3c867ed) Importer(815301076,1909f56bfc062723c751e8b465ee728b)
Start importing Assets/Palmov Island/Low Poly Atmospheric Locations Pack/Prefabs/Plants/bush plant.prefab using Guid(a2464b8e9b99b3d449869d62f3c867ed) Importer(815301076,1909f56bfc062723c751e8b465ee728b) [PhysX] Initialized MultithreadedTaskDispatcher with 8 workers.
[PhysX] Initialized MultithreadedTaskDispatcher with 8 workers.
 -> (artifact id: 'b3def2d32af2aa8c4c44f5f88705e4e4') in 0.027503 seconds
Number of updated asset objects reloaded before import = 0
Number of asset objects unloaded after import = 10
========================================================================
Received Import Request.
  Time since last request: 0.000041 seconds.
  path: Assets/Palmov Island/Low Poly Atmospheric Locations Pack/Prefabs/Plants/shrub.prefab
  artifactKey: Guid(d89cffeade6d8ee499a0b16e9286d46e) Importer(815301076,1909f56bfc062723c751e8b465ee728b)
Start importing Assets/Palmov Island/Low Poly Atmospheric Locations Pack/Prefabs/Plants/shrub.prefab using Guid(d89cffeade6d8ee499a0b16e9286d46e) Importer(815301076,1909f56bfc062723c751e8b465ee728b) [PhysX] Initialized MultithreadedTaskDispatcher with 8 workers.
[PhysX] Initialized MultithreadedTaskDispatcher with 8 workers.
 -> (artifact id: '95e62fdf565bdce0be24d0e42968f1c9') in 0.023834 seconds
Number of updated asset objects reloaded before import = 0
Number of asset objects unloaded after import = 10
========================================================================
Received Import Request.
  Time since last request: 30.677431 seconds.
  path: Assets/Palmov Island/Low Poly Atmospheric Locations Pack/Prefabs/Animals/horse black.prefab
  artifactKey: Guid(5e4881d3e7de9e74b868bfacc19d3386) Importer(815301076,1909f56bfc062723c751e8b465ee728b)
Start importing Assets/Palmov Island/Low Poly Atmospheric Locations Pack/Prefabs/Animals/horse black.prefab using Guid(5e4881d3e7de9e74b868bfacc19d3386) Importer(815301076,1909f56bfc062723c751e8b465ee728b) [PhysX] Initialized MultithreadedTaskDispatcher with 8 workers.
[PhysX] Initialized MultithreadedTaskDispatcher with 8 workers.
 -> (artifact id: '2b16ef00178df86804af865d9a144562') in 0.033279 seconds
Number of updated asset objects reloaded before import = 0
Number of asset objects unloaded after import = 10
========================================================================
Received Import Request.
  Time since last request: 0.000025 seconds.
  path: Assets/Palmov Island/Low Poly Atmospheric Locations Pack/Prefabs/Animals/horse white.prefab
  artifactKey: Guid(f76eb13450c120c4aa033805896af5b7) Importer(815301076,1909f56bfc062723c751e8b465ee728b)
Start importing Assets/Palmov Island/Low Poly Atmospheric Locations Pack/Prefabs/Animals/horse white.prefab using Guid(f76eb13450c120c4aa033805896af5b7) Importer(815301076,1909f56bfc062723c751e8b465ee728b) [PhysX] Initialized MultithreadedTaskDispatcher with 8 workers.
[PhysX] Initialized MultithreadedTaskDispatcher with 8 workers.
 -> (artifact id: '63a4a06b3aa9002d77996d02c067cc32') in 0.034667 seconds
Number of updated asset objects reloaded before import = 0
Number of asset objects unloaded after import = 10
